-- phpMyAdmin SQL Dump
-- version 4.7.0
-- https://www.phpmyadmin.net/
--
-- Host: 127.0.0.1
-- Generation Time: Nov 08, 2018 at 10:52 AM
-- Server version: 10.1.25-MariaDB
-- PHP Version: 7.1.7

SET SQL_MODE = "NO_AUTO_VALUE_ON_ZERO";
SET AUTOCOMMIT = 0;
START TRANSACTION;
SET time_zone = "+00:00";


/*!40101 SET @OLD_CHARACTER_SET_CLIENT=@@CHARACTER_SET_CLIENT */;
/*!40101 SET @OLD_CHARACTER_SET_RESULTS=@@CHARACTER_SET_RESULTS */;
/*!40101 SET @OLD_COLLATION_CONNECTION=@@COLLATION_CONNECTION */;
/*!40101 SET NAMES utf8mb4 */;

--
-- Database: `absenreal`
--

-- --------------------------------------------------------

--
-- Table structure for table `absen`
--

CREATE TABLE `absen` (
  `id_absen` int(50) NOT NULL,
  `id_siswa` int(50) NOT NULL,
  `id_sem` int(3) NOT NULL,
  `id_kelas` int(20) NOT NULL,
  `id_jur` int(10) NOT NULL,
  `id_guru` varchar(150) NOT NULL,
  `tanggal` timestamp NOT NULL DEFAULT CURRENT_TIMESTAMP ON UPDATE CURRENT_TIMESTAMP,
  `absen` varchar(10) NOT NULL,
  `id_mapel` int(50) NOT NULL,
  `ket` varchar(100) NOT NULL
) ENGINE=InnoDB DEFAULT CHARSET=latin1;

--
-- Dumping data for table `absen`
--

INSERT INTO `absen` (`id_absen`, `id_siswa`, `id_sem`, `id_kelas`, `id_jur`, `id_guru`, `tanggal`, `absen`, `id_mapel`, `ket`) VALUES
(1240, 759, 1, 33, 5, '196508301997021002', '2018-08-12 16:04:40', 'Hadir', 136, 'cabut di jam ke 3'),
(1241, 760, 1, 33, 5, '196508301997021002', '2018-08-12 06:19:38', 'Hadir', 136, ''),
(1242, 761, 1, 33, 5, '196508301997021002', '2018-08-12 06:19:38', 'Hadir', 136, ''),
(1243, 762, 1, 33, 5, '196508301997021002', '2018-08-12 06:19:38', 'Hadir', 136, ''),
(1244, 763, 1, 33, 5, '196508301997021002', '2018-08-12 06:19:38', 'Hadir', 136, ''),
(1245, 764, 1, 33, 5, '196508301997021002', '2018-08-12 06:19:38', 'Hadir', 136, ''),
(1246, 765, 1, 33, 5, '196508301997021002', '2018-08-12 06:19:38', 'Hadir', 136, ''),
(1247, 766, 1, 33, 5, '196508301997021002', '2018-08-12 06:19:38', 'Hadir', 136, ''),
(1248, 767, 1, 33, 5, '196508301997021002', '2018-08-12 06:19:38', 'Hadir', 136, ''),
(1249, 768, 1, 33, 5, '196508301997021002', '2018-08-12 06:19:38', 'Hadir', 136, ''),
(1250, 769, 1, 33, 5, '196508301997021002', '2018-08-12 06:19:38', 'Hadir', 136, ''),
(1251, 770, 1, 33, 5, '196508301997021002', '2018-08-12 06:19:38', 'Hadir', 136, ''),
(1252, 771, 1, 33, 5, '196508301997021002', '2018-08-12 06:19:38', 'Hadir', 136, ''),
(1253, 772, 1, 33, 5, '196508301997021002', '2018-08-12 06:19:38', 'Hadir', 136, ''),
(1254, 773, 1, 33, 5, '196508301997021002', '2018-08-12 06:19:38', 'Hadir', 136, ''),
(1255, 774, 1, 33, 5, '196508301997021002', '2018-08-12 06:19:38', 'Hadir', 136, ''),
(1256, 775, 1, 33, 5, '196508301997021002', '2018-08-12 06:19:38', 'Hadir', 136, ''),
(1257, 776, 1, 33, 5, '196508301997021002', '2018-08-12 06:19:38', 'Hadir', 136, ''),
(1258, 777, 1, 33, 5, '196508301997021002', '2018-08-12 06:19:38', 'Hadir', 136, ''),
(1259, 778, 1, 33, 5, '196508301997021002', '2018-08-12 06:19:38', 'Hadir', 136, ''),
(1260, 779, 1, 33, 5, '196508301997021002', '2018-08-12 06:19:38', 'Hadir', 136, ''),
(1261, 780, 1, 33, 5, '196508301997021002', '2018-08-12 06:19:38', 'Hadir', 136, ''),
(1290, 1106, 1, 39, 2, '6593784071', '2018-08-13 11:04:02', 'Hadir', 105, ''),
(1291, 1107, 1, 39, 2, '6593784071', '2018-08-13 11:04:02', 'Hadir', 105, ''),
(1292, 1108, 1, 39, 2, '6593784071', '2018-08-13 11:04:02', 'Hadir', 105, ''),
(1293, 1109, 1, 39, 2, '6593784071', '2018-08-13 11:04:02', 'Hadir', 105, ''),
(1294, 1110, 1, 39, 2, '6593784071', '2018-08-13 11:04:02', 'Izin', 105, ''),
(1295, 1111, 1, 39, 2, '6593784071', '2018-08-13 11:04:02', 'Hadir', 105, ''),
(1296, 1112, 1, 39, 2, '6593784071', '2018-08-13 11:04:02', 'Hadir', 105, ''),
(1297, 1113, 1, 39, 2, '6593784071', '2018-08-13 11:04:02', 'Hadir', 105, ''),
(1298, 1114, 1, 39, 2, '6593784071', '2018-08-13 11:04:02', 'Hadir', 105, ''),
(1299, 1115, 1, 39, 2, '6593784071', '2018-08-13 11:04:02', 'Hadir', 105, ''),
(1300, 1116, 1, 39, 2, '6593784071', '2018-08-13 11:04:02', 'Hadir', 105, ''),
(1301, 1117, 1, 39, 2, '6593784071', '2018-08-13 11:04:02', 'Hadir', 105, ''),
(1302, 1118, 1, 39, 2, '6593784071', '2018-08-13 11:04:02', 'Hadir', 105, ''),
(1303, 1119, 1, 39, 2, '6593784071', '2018-08-13 11:04:02', 'Alfa', 105, ''),
(1304, 1120, 1, 39, 2, '6593784071', '2018-08-13 11:04:02', 'Hadir', 105, ''),
(1305, 1121, 1, 39, 2, '6593784071', '2018-08-13 11:04:02', 'Hadir', 105, ''),
(1306, 1122, 1, 39, 2, '6593784071', '2018-08-13 11:04:02', 'Hadir', 105, ''),
(1307, 1123, 1, 39, 2, '6593784071', '2018-08-13 11:04:02', 'Hadir', 105, ''),
(1308, 1124, 1, 39, 2, '6593784071', '2018-08-13 11:04:02', 'Hadir', 105, ''),
(1309, 1125, 1, 39, 2, '6593784071', '2018-08-13 11:04:02', 'Hadir', 105, ''),
(1310, 1126, 1, 39, 2, '6593784071', '2018-08-13 11:04:02', 'Hadir', 105, ''),
(1311, 1127, 1, 39, 2, '6593784071', '2018-08-13 11:04:02', 'Hadir', 105, ''),
(1312, 1128, 1, 39, 2, '6593784071', '2018-08-13 11:04:02', 'Hadir', 105, ''),
(1313, 1129, 1, 39, 2, '6593784071', '2018-08-13 11:04:02', 'Hadir', 105, ''),
(1314, 1130, 1, 39, 2, '6593784071', '2018-08-13 11:04:02', 'Hadir', 105, ''),
(1315, 1131, 1, 39, 2, '6593784071', '2018-08-13 11:04:02', 'Hadir', 105, ''),
(1316, 1132, 1, 39, 2, '6593784071', '2018-08-13 11:04:02', 'Hadir', 105, ''),
(1317, 1133, 1, 39, 2, '6593784071', '2018-08-13 11:04:02', 'Alfa', 105, ''),
(1318, 1134, 1, 39, 2, '6593784071', '2018-08-13 11:04:02', 'Hadir', 105, ''),
(1319, 1135, 1, 39, 2, '6593784071', '2018-08-13 11:04:02', 'Hadir', 105, ''),
(1320, 1136, 1, 39, 2, '6593784071', '2018-08-13 11:04:02', 'Hadir', 105, ''),
(1321, 1137, 1, 39, 2, '6593784071', '2018-08-13 11:04:02', 'Hadir', 105, ''),
(1322, 1138, 1, 39, 2, '6593784071', '2018-08-13 11:04:02', 'Hadir', 105, ''),
(1323, 1139, 1, 39, 2, '6593784071', '2018-08-13 11:04:02', 'Izin', 105, ''),
(1324, 1140, 1, 39, 2, '6593784071', '2018-08-13 11:04:02', 'Hadir', 105, ''),
(1325, 542, 1, 6, 2, '7350764666300063', '2018-08-13 14:18:58', 'Izin', 555, 'Paskibraka'),
(1326, 543, 1, 6, 2, '7350764666300063', '2018-08-13 14:18:58', 'Hadir', 555, ''),
(1327, 544, 1, 6, 2, '7350764666300063', '2018-08-13 14:18:58', 'Hadir', 555, ''),
(1328, 545, 1, 6, 2, '7350764666300063', '2018-08-13 14:18:58', 'Hadir', 555, ''),
(1329, 546, 1, 6, 2, '7350764666300063', '2018-08-13 14:18:58', 'Hadir', 555, ''),
(1330, 547, 1, 6, 2, '7350764666300063', '2018-08-13 14:18:58', 'Hadir', 555, ''),
(1331, 548, 1, 6, 2, '7350764666300063', '2018-08-13 14:18:58', 'Hadir', 555, ''),
(1332, 549, 1, 6, 2, '7350764666300063', '2018-08-13 14:18:58', 'Hadir', 555, ''),
(1333, 550, 1, 6, 2, '7350764666300063', '2018-08-13 14:18:58', 'Hadir', 555, ''),
(1334, 551, 1, 6, 2, '7350764666300063', '2018-08-13 14:18:58', 'Hadir', 555, ''),
(1335, 552, 1, 6, 2, '7350764666300063', '2018-08-13 14:18:58', 'Hadir', 555, ''),
(1336, 554, 1, 6, 2, '7350764666300063', '2018-08-13 14:18:58', 'Hadir', 555, ''),
(1337, 556, 1, 6, 2, '7350764666300063', '2018-08-13 14:18:58', 'Hadir', 555, ''),
(1338, 557, 1, 6, 2, '7350764666300063', '2018-08-13 14:18:58', 'Hadir', 555, ''),
(1339, 558, 1, 6, 2, '7350764666300063', '2018-08-13 14:18:58', 'Hadir', 555, ''),
(1340, 559, 1, 6, 2, '7350764666300063', '2018-08-13 14:18:58', 'Hadir', 555, ''),
(1341, 560, 1, 6, 2, '7350764666300063', '2018-08-13 14:18:58', 'Hadir', 555, ''),
(1342, 561, 1, 6, 2, '7350764666300063', '2018-08-13 14:18:58', 'Hadir', 555, ''),
(1343, 562, 1, 6, 2, '7350764666300063', '2018-08-13 14:18:58', 'Hadir', 555, ''),
(1344, 563, 1, 6, 2, '7350764666300063', '2018-08-13 14:18:58', 'Hadir', 555, ''),
(1345, 565, 1, 6, 2, '7350764666300063', '2018-08-13 14:18:58', 'Hadir', 555, ''),
(1346, 566, 1, 6, 2, '7350764666300063', '2018-08-13 14:18:58', 'Hadir', 555, ''),
(1347, 567, 1, 6, 2, '7350764666300063', '2018-08-13 14:18:58', 'Hadir', 555, ''),
(1348, 1239, 1, 6, 2, '7350764666300063', '2018-08-13 14:18:58', 'Hadir', 555, ''),
(1349, 9, 1, 1, 1, '7350764666300063', '2018-08-13 14:20:44', 'Hadir', 557, ''),
(1350, 10, 1, 1, 1, '7350764666300063', '2018-08-13 14:20:44', 'Hadir', 557, ''),
(1351, 11, 1, 1, 1, '7350764666300063', '2018-08-13 14:20:44', 'Hadir', 557, ''),
(1352, 12, 1, 1, 1, '7350764666300063', '2018-08-13 14:20:44', 'Hadir', 557, ''),
(1353, 23, 1, 1, 1, '7350764666300063', '2018-08-13 14:20:44', 'Hadir', 557, ''),
(1354, 24, 1, 1, 1, '7350764666300063', '2018-08-13 14:20:44', 'Hadir', 557, ''),
(1355, 34, 1, 1, 1, '7350764666300063', '2018-08-13 14:20:44', 'Hadir', 557, ''),
(1356, 47, 1, 1, 1, '7350764666300063', '2018-08-13 14:20:44', 'Hadir', 557, ''),
(1357, 49, 1, 1, 1, '7350764666300063', '2018-08-13 14:20:44', 'Alfa', 557, ''),
(1358, 52, 1, 1, 1, '7350764666300063', '2018-08-13 14:20:44', 'Hadir', 557, ''),
(1359, 59, 1, 1, 1, '7350764666300063', '2018-08-13 14:20:44', 'Hadir', 557, ''),
(1360, 60, 1, 1, 1, '7350764666300063', '2018-08-13 14:20:44', 'Hadir', 557, ''),
(1361, 64, 1, 1, 1, '7350764666300063', '2018-08-13 14:20:44', 'Hadir', 557, ''),
(1362, 77, 1, 1, 1, '7350764666300063', '2018-08-13 14:20:44', 'Hadir', 557, ''),
(1363, 78, 1, 1, 1, '7350764666300063', '2018-08-13 14:20:44', 'Hadir', 557, ''),
(1364, 82, 1, 1, 1, '7350764666300063', '2018-08-13 14:20:44', 'Hadir', 557, ''),
(1365, 88, 1, 1, 1, '7350764666300063', '2018-08-13 14:20:44', 'Hadir', 557, ''),
(1366, 92, 1, 1, 1, '7350764666300063', '2018-08-13 14:20:44', 'Hadir', 557, ''),
(1367, 94, 1, 1, 1, '7350764666300063', '2018-08-13 14:20:44', 'Hadir', 557, ''),
(1368, 97, 1, 1, 1, '7350764666300063', '2018-08-13 14:20:44', 'Hadir', 557, ''),
(1369, 102, 1, 1, 1, '7350764666300063', '2018-08-13 14:20:44', 'Hadir', 557, ''),
(1370, 105, 1, 1, 1, '7350764666300063', '2018-08-13 14:20:44', 'Hadir', 557, ''),
(1371, 960, 1, 1, 1, '7350764666300063', '2018-08-13 14:20:44', 'Hadir', 557, ''),
(1372, 961, 1, 1, 1, '7350764666300063', '2018-08-13 14:20:44', 'Hadir', 557, ''),
(1373, 758, 1, 33, 5, '196508301997021002', '2018-08-14 08:17:05', 'Hadir', 136, ''),
(1374, 759, 1, 33, 5, '196508301997021002', '2018-08-14 08:17:05', 'Hadir', 136, ''),
(1375, 760, 1, 33, 5, '196508301997021002', '2018-08-14 08:17:05', 'Hadir', 136, ''),
(1376, 761, 1, 33, 5, '196508301997021002', '2018-08-14 08:17:05', 'Hadir', 136, ''),
(1377, 762, 1, 33, 5, '196508301997021002', '2018-08-14 08:17:05', 'Hadir', 136, ''),
(1378, 763, 1, 33, 5, '196508301997021002', '2018-08-14 08:17:05', 'Hadir', 136, ''),
(1379, 764, 1, 33, 5, '196508301997021002', '2018-08-14 08:17:05', 'Hadir', 136, ''),
(1380, 765, 1, 33, 5, '196508301997021002', '2018-08-14 08:17:05', 'Hadir', 136, ''),
(1381, 766, 1, 33, 5, '196508301997021002', '2018-08-14 08:17:05', 'Alfa', 136, 'Tanpa ket'),
(1382, 767, 1, 33, 5, '196508301997021002', '2018-08-14 08:17:05', 'Hadir', 136, ''),
(1383, 768, 1, 33, 5, '196508301997021002', '2018-08-14 08:17:05', 'Hadir', 136, ''),
(1384, 769, 1, 33, 5, '196508301997021002', '2018-08-14 08:17:05', 'Hadir', 136, ''),
(1385, 770, 1, 33, 5, '196508301997021002', '2018-08-14 08:17:05', 'Hadir', 136, ''),
(1386, 771, 1, 33, 5, '196508301997021002', '2018-08-14 08:17:05', 'Hadir', 136, ''),
(1387, 772, 1, 33, 5, '196508301997021002', '2018-08-14 08:17:05', 'Izin', 136, 'Tambue tasa'),
(1388, 773, 1, 33, 5, '196508301997021002', '2018-08-14 08:17:05', 'Hadir', 136, ''),
(1389, 774, 1, 33, 5, '196508301997021002', '2018-08-14 08:17:05', 'Hadir', 136, ''),
(1390, 775, 1, 33, 5, '196508301997021002', '2018-08-14 08:17:05', 'Hadir', 136, ''),
(1391, 776, 1, 33, 5, '196508301997021002', '2018-08-14 08:17:05', 'Hadir', 136, ''),
(1392, 777, 1, 33, 5, '196508301997021002', '2018-08-14 08:17:05', 'Hadir', 136, ''),
(1393, 778, 1, 33, 5, '196508301997021002', '2018-08-14 08:17:05', 'Alfa', 136, 'Berhenti'),
(1394, 779, 1, 33, 5, '196508301997021002', '2018-08-14 08:17:05', 'Hadir', 136, ''),
(1395, 780, 1, 33, 5, '196508301997021002', '2018-08-14 08:17:05', 'Hadir', 136, ''),
(1396, 727, 1, 40, 2, '6593784071', '2018-08-14 10:04:00', 'Hadir', 107, ''),
(1397, 728, 1, 40, 2, '6593784071', '2018-08-14 10:04:00', 'Hadir', 107, ''),
(1398, 729, 1, 40, 2, '6593784071', '2018-08-14 10:04:00', 'Hadir', 107, ''),
(1399, 730, 1, 40, 2, '6593784071', '2018-08-14 10:04:00', 'Hadir', 107, ''),
(1400, 731, 1, 40, 2, '6593784071', '2018-08-14 10:04:00', 'Alfa', 107, ''),
(1401, 732, 1, 40, 2, '6593784071', '2018-08-14 10:04:00', 'Hadir', 107, ''),
(1402, 733, 1, 40, 2, '6593784071', '2018-08-14 10:04:00', 'Hadir', 107, ''),
(1403, 734, 1, 40, 2, '6593784071', '2018-08-14 10:04:00', 'Hadir', 107, ''),
(1404, 1075, 1, 40, 2, '6593784071', '2018-08-14 10:04:00', 'Hadir', 107, ''),
(1405, 1076, 1, 40, 2, '6593784071', '2018-08-14 10:04:00', 'Hadir', 107, ''),
(1406, 1077, 1, 40, 2, '6593784071', '2018-08-14 10:04:00', 'Hadir', 107, ''),
(1407, 1078, 1, 40, 2, '6593784071', '2018-08-14 10:04:00', 'Hadir', 107, ''),
(1408, 1079, 1, 40, 2, '6593784071', '2018-08-14 10:04:00', 'Hadir', 107, ''),
(1409, 1080, 1, 40, 2, '6593784071', '2018-08-14 10:04:00', 'Hadir', 107, ''),
(1410, 1081, 1, 40, 2, '6593784071', '2018-08-14 10:04:00', 'Hadir', 107, ''),
(1411, 1082, 1, 40, 2, '6593784071', '2018-08-14 10:04:00', 'Hadir', 107, ''),
(1412, 1083, 1, 40, 2, '6593784071', '2018-08-14 10:04:00', 'Hadir', 107, ''),
(1413, 1086, 1, 40, 2, '6593784071', '2018-08-14 10:04:00', 'Hadir', 107, ''),
(1414, 1087, 1, 40, 2, '6593784071', '2018-08-14 10:04:00', 'Hadir', 107, ''),
(1415, 1088, 1, 40, 2, '6593784071', '2018-08-14 10:04:00', 'Hadir', 107, ''),
(1416, 1089, 1, 40, 2, '6593784071', '2018-08-14 10:04:00', 'Hadir', 107, ''),
(1417, 1090, 1, 40, 2, '6593784071', '2018-08-14 10:04:00', 'Hadir', 107, ''),
(1418, 1091, 1, 40, 2, '6593784071', '2018-08-14 10:04:00', 'Hadir', 107, ''),
(1419, 1092, 1, 40, 2, '6593784071', '2018-08-14 10:04:00', 'Hadir', 107, ''),
(1422, 1095, 1, 40, 2, '6593784071', '2018-08-14 10:04:00', 'Hadir', 107, ''),
(1423, 1097, 1, 40, 2, '6593784071', '2018-08-14 10:04:00', 'Hadir', 107, ''),
(1424, 1098, 1, 40, 2, '6593784071', '2018-08-14 10:04:00', 'Hadir', 107, ''),
(1425, 1099, 1, 40, 2, '6593784071', '2018-08-14 10:04:00', 'Hadir', 107, ''),
(1426, 1100, 1, 40, 2, '6593784071', '2018-08-14 10:04:00', 'Hadir', 107, ''),
(1429, 1103, 1, 40, 2, '6593784071', '2018-08-14 10:04:00', 'Hadir', 107, ''),
(1430, 1104, 1, 40, 2, '6593784071', '2018-08-14 10:04:00', 'Hadir', 107, ''),
(1431, 1105, 1, 40, 2, '6593784071', '2018-08-14 10:04:00', 'Alfa', 107, ''),
(1432, 317, 1, 5, 2, '7350764666300063', '2018-08-14 11:21:49', 'Hadir', 561, ''),
(1433, 318, 1, 5, 2, '7350764666300063', '2018-08-14 11:21:49', 'Hadir', 561, ''),
(1434, 320, 1, 5, 2, '7350764666300063', '2018-08-14 11:21:49', 'Hadir', 561, ''),
(1435, 321, 1, 5, 2, '7350764666300063', '2018-08-14 11:21:49', 'Hadir', 561, ''),
(1436, 322, 1, 5, 2, '7350764666300063', '2018-08-14 11:21:49', 'Izin', 561, 'Paskibraka'),
(1437, 323, 1, 5, 2, '7350764666300063', '2018-08-14 11:21:49', 'Hadir', 561, ''),
(1438, 324, 1, 5, 2, '7350764666300063', '2018-08-14 11:21:49', 'Hadir', 561, ''),
(1439, 325, 1, 5, 2, '7350764666300063', '2018-08-14 11:21:49', 'Hadir', 561, ''),
(1440, 326, 1, 5, 2, '7350764666300063', '2018-08-14 11:21:49', 'Izin', 561, 'Paskibraka'),
(1441, 531, 1, 5, 2, '7350764666300063', '2018-08-14 11:21:49', 'Hadir', 561, ''),
(1442, 532, 1, 5, 2, '7350764666300063', '2018-08-14 11:21:49', 'Hadir', 561, ''),
(1443, 533, 1, 5, 2, '7350764666300063', '2018-08-14 11:21:49', 'Hadir', 561, ''),
(1444, 534, 1, 5, 2, '7350764666300063', '2018-08-14 11:21:49', 'Hadir', 561, ''),
(1445, 535, 1, 5, 2, '7350764666300063', '2018-08-14 11:21:49', 'Izin', 561, 'Paskibraka'),
(1446, 536, 1, 5, 2, '7350764666300063', '2018-08-14 11:21:49', 'Hadir', 561, ''),
(1447, 537, 1, 5, 2, '7350764666300063', '2018-08-14 11:21:49', 'Izin', 561, 'Paskibraka'),
(1448, 538, 1, 5, 2, '7350764666300063', '2018-08-14 11:21:49', 'Hadir', 561, ''),
(1449, 539, 1, 5, 2, '7350764666300063', '2018-08-14 11:21:49', 'Hadir', 561, ''),
(1450, 540, 1, 5, 2, '7350764666300063', '2018-08-14 11:21:49', 'Izin', 561, 'Paskibraka'),
(1451, 541, 1, 5, 2, '7350764666300063', '2018-08-14 11:21:49', 'Izin', 561, 'Paskibraka'),
(1452, 992, 1, 5, 2, '7350764666300063', '2018-08-14 11:21:49', 'Hadir', 561, ''),
(1453, 993, 1, 5, 2, '7350764666300063', '2018-08-14 11:21:49', 'Hadir', 561, ''),
(1454, 1225, 1, 5, 2, '7350764666300063', '2018-08-14 11:21:49', 'Hadir', 561, ''),
(1455, 677, 1, 32, 5, '196508301997021002', '2018-08-14 11:37:51', 'Hadir', 137, ''),
(1456, 735, 1, 32, 5, '196508301997021002', '2018-08-14 11:37:51', 'Hadir', 137, ''),
(1457, 736, 1, 32, 5, '196508301997021002', '2018-08-14 11:37:51', 'Hadir', 137, ''),
(1458, 737, 1, 32, 5, '196508301997021002', '2018-08-14 11:37:51', 'Hadir', 137, ''),
(1459, 738, 1, 32, 5, '196508301997021002', '2018-08-14 11:37:51', 'Hadir', 137, ''),
(1460, 739, 1, 32, 5, '196508301997021002', '2018-08-14 11:37:51', 'Sakit', 137, 'Di UKS'),
(1461, 740, 1, 32, 5, '196508301997021002', '2018-08-14 11:37:51', 'Hadir', 137, ''),
(1462, 741, 1, 32, 5, '196508301997021002', '2018-08-14 11:37:51', 'Alfa', 137, 'Tanpa ket'),
(1463, 742, 1, 32, 5, '196508301997021002', '2018-08-14 11:37:51', 'Hadir', 137, ''),
(1464, 743, 1, 32, 5, '196508301997021002', '2018-08-14 11:37:51', 'Hadir', 137, ''),
(1465, 744, 1, 32, 5, '196508301997021002', '2018-08-14 11:37:51', 'Hadir', 137, ''),
(1466, 745, 1, 32, 5, '196508301997021002', '2018-08-14 11:37:51', 'Hadir', 137, ''),
(1467, 746, 1, 32, 5, '196508301997021002', '2018-08-14 11:37:51', 'Hadir', 137, ''),
(1468, 747, 1, 32, 5, '196508301997021002', '2018-08-14 11:37:51', 'Hadir', 137, ''),
(1469, 748, 1, 32, 5, '196508301997021002', '2018-08-14 11:37:51', 'Hadir', 137, ''),
(1470, 749, 1, 32, 5, '196508301997021002', '2018-08-14 11:37:51', 'Izin', 137, 'Paskib'),
(1471, 750, 1, 32, 5, '196508301997021002', '2018-08-14 11:37:51', 'Hadir', 137, ''),
(1472, 751, 1, 32, 5, '196508301997021002', '2018-08-14 11:37:51', 'Hadir', 137, ''),
(1473, 752, 1, 32, 5, '196508301997021002', '2018-08-14 11:37:51', 'Hadir', 137, ''),
(1474, 753, 1, 32, 5, '196508301997021002', '2018-08-14 11:37:51', 'Hadir', 137, ''),
(1475, 754, 1, 32, 5, '196508301997021002', '2018-08-14 11:37:51', 'Hadir', 137, ''),
(1476, 755, 1, 32, 5, '196508301997021002', '2018-08-14 11:37:51', 'Hadir', 137, ''),
(1477, 756, 1, 32, 5, '196508301997021002', '2018-08-14 11:37:51', 'Sakit', 137, ''),
(1478, 757, 1, 32, 5, '196508301997021002', '2018-08-14 11:37:51', 'Hadir', 137, ''),
(1480, 781, 1, 34, 5, '196508301997021002', '2018-08-15 08:31:50', 'Hadir', 135, ''),
(1481, 783, 1, 34, 5, '196508301997021002', '2018-08-15 08:31:50', 'Hadir', 135, ''),
(1482, 784, 1, 34, 5, '196508301997021002', '2018-08-15 08:31:50', 'Hadir', 135, ''),
(1483, 785, 1, 34, 5, '196508301997021002', '2018-08-15 08:31:50', 'Hadir', 135, ''),
(1484, 786, 1, 34, 5, '196508301997021002', '2018-08-15 08:31:50', 'Hadir', 135, ''),
(1485, 787, 1, 34, 5, '196508301997021002', '2018-08-15 08:31:50', 'Hadir', 135, ''),
(1486, 788, 1, 34, 5, '196508301997021002', '2018-08-15 08:31:50', 'Hadir', 135, ''),
(1487, 789, 1, 34, 5, '196508301997021002', '2018-08-15 08:31:50', 'Hadir', 135, ''),
(1488, 790, 1, 34, 5, '196508301997021002', '2018-08-15 08:31:50', 'Hadir', 135, ''),
(1489, 791, 1, 34, 5, '196508301997021002', '2018-08-15 08:31:50', 'Hadir', 135, ''),
(1490, 792, 1, 34, 5, '196508301997021002', '2018-08-15 08:31:50', 'Hadir', 135, ''),
(1491, 793, 1, 34, 5, '196508301997021002', '2018-08-15 08:31:50', 'Hadir', 135, ''),
(1492, 794, 1, 34, 5, '196508301997021002', '2018-08-15 08:31:50', 'Alfa', 135, ''),
(1493, 795, 1, 34, 5, '196508301997021002', '2018-08-15 08:31:50', 'Izin', 135, 'Paskip'),
(1494, 796, 1, 34, 5, '196508301997021002', '2018-08-15 08:31:50', 'Hadir', 135, ''),
(1495, 797, 1, 34, 5, '196508301997021002', '2018-08-15 08:31:50', 'Hadir', 135, ''),
(1496, 798, 1, 34, 5, '196508301997021002', '2018-08-15 08:31:50', 'Hadir', 135, ''),
(1497, 799, 1, 34, 5, '196508301997021002', '2018-08-15 08:31:50', 'Hadir', 135, ''),
(1498, 800, 1, 34, 5, '196508301997021002', '2018-08-15 08:31:50', 'Hadir', 135, ''),
(1499, 801, 1, 34, 5, '196508301997021002', '2018-08-15 08:31:50', 'Hadir', 135, ''),
(1500, 802, 1, 34, 5, '196508301997021002', '2018-08-15 08:31:50', 'Hadir', 135, ''),
(1501, 803, 1, 34, 5, '196508301997021002', '2018-08-15 08:31:50', 'Hadir', 135, ''),
(1502, 804, 1, 34, 5, '196508301997021002', '2018-08-15 08:31:50', 'Hadir', 135, ''),
(1503, 1371, 1, 15, 5, '196508301997021002', '2018-08-15 11:46:39', 'Hadir', 139, ''),
(1504, 1372, 1, 15, 5, '196508301997021002', '2018-08-15 11:46:39', 'Hadir', 139, ''),
(1505, 1373, 1, 15, 5, '196508301997021002', '2018-08-15 11:46:39', 'Hadir', 139, ''),
(1506, 1374, 1, 15, 5, '196508301997021002', '2018-08-15 11:46:39', 'Hadir', 139, ''),
(1507, 1375, 1, 15, 5, '196508301997021002', '2018-08-15 11:46:39', 'Hadir', 139, ''),
(1508, 1376, 1, 15, 5, '196508301997021002', '2018-08-15 11:46:39', 'Hadir', 139, ''),
(1509, 1377, 1, 15, 5, '196508301997021002', '2018-08-15 11:46:39', 'Hadir', 139, ''),
(1510, 1378, 1, 15, 5, '196508301997021002', '2018-08-15 11:46:39', 'Hadir', 139, ''),
(1511, 1379, 1, 15, 5, '196508301997021002', '2018-08-15 11:46:39', 'Alfa', 139, ''),
(1512, 1380, 1, 15, 5, '196508301997021002', '2018-08-15 11:46:39', 'Alfa', 139, ''),
(1513, 1381, 1, 15, 5, '196508301997021002', '2018-08-15 11:46:39', 'Izin', 139, 'Pesta'),
(1514, 1382, 1, 15, 5, '196508301997021002', '2018-08-15 11:46:39', 'Hadir', 139, ''),
(1516, 1384, 1, 15, 5, '196508301997021002', '2018-08-15 11:46:39', 'Hadir', 139, ''),
(1517, 1385, 1, 15, 5, '196508301997021002', '2018-08-15 11:46:39', 'Alfa', 139, ''),
(1518, 1386, 1, 15, 5, '196508301997021002', '2018-08-15 11:46:39', 'Hadir', 139, ''),
(1519, 1387, 1, 15, 5, '196508301997021002', '2018-08-15 11:46:39', 'Alfa', 139, ''),
(1520, 1388, 1, 15, 5, '196508301997021002', '2018-08-15 11:46:39', 'Alfa', 139, ''),
(1521, 1389, 1, 15, 5, '196508301997021002', '2018-08-15 11:46:39', 'Hadir', 139, ''),
(1522, 1390, 1, 15, 5, '196508301997021002', '2018-08-15 11:46:39', 'Hadir', 139, ''),
(1523, 1391, 1, 15, 5, '196508301997021002', '2018-08-15 11:46:39', 'Alfa', 139, ''),
(1524, 1392, 1, 15, 5, '196508301997021002', '2018-08-15 11:46:39', 'Hadir', 139, ''),
(1526, 1394, 1, 15, 5, '196508301997021002', '2018-08-15 11:46:39', 'Alfa', 139, ''),
(1527, 1395, 1, 15, 5, '196508301997021002', '2018-08-15 11:46:39', 'Hadir', 139, ''),
(1528, 1396, 1, 15, 5, '196508301997021002', '2018-08-15 11:46:39', 'Hadir', 139, ''),
(1529, 1371, 1, 15, 5, '196508301997021002', '2018-08-15 11:46:40', 'Hadir', 139, ''),
(1530, 1372, 1, 15, 5, '196508301997021002', '2018-08-15 11:46:40', 'Hadir', 139, ''),
(1531, 1373, 1, 15, 5, '196508301997021002', '2018-08-15 11:46:40', 'Hadir', 139, ''),
(1532, 1374, 1, 15, 5, '196508301997021002', '2018-08-15 11:46:40', 'Hadir', 139, ''),
(1533, 1375, 1, 15, 5, '196508301997021002', '2018-08-15 11:46:40', 'Hadir', 139, ''),
(1534, 1376, 1, 15, 5, '196508301997021002', '2018-08-15 11:46:40', 'Hadir', 139, ''),
(1535, 1377, 1, 15, 5, '196508301997021002', '2018-08-15 11:46:40', 'Hadir', 139, ''),
(1536, 1378, 1, 15, 5, '196508301997021002', '2018-08-15 11:46:40', 'Hadir', 139, ''),
(1537, 1379, 1, 15, 5, '196508301997021002', '2018-08-15 11:46:40', 'Alfa', 139, ''),
(1538, 1380, 1, 15, 5, '196508301997021002', '2018-08-15 11:46:40', 'Alfa', 139, ''),
(1539, 1381, 1, 15, 5, '196508301997021002', '2018-08-15 11:46:40', 'Izin', 139, 'Pesta'),
(1540, 1382, 1, 15, 5, '196508301997021002', '2018-08-15 11:46:40', 'Hadir', 139, ''),
(1542, 1384, 1, 15, 5, '196508301997021002', '2018-08-15 11:46:40', 'Hadir', 139, ''),
(1543, 1385, 1, 15, 5, '196508301997021002', '2018-08-15 11:46:40', 'Alfa', 139, ''),
(1544, 1386, 1, 15, 5, '196508301997021002', '2018-08-15 11:46:40', 'Hadir', 139, ''),
(1545, 1387, 1, 15, 5, '196508301997021002', '2018-08-15 11:46:40', 'Alfa', 139, ''),
(1546, 1388, 1, 15, 5, '196508301997021002', '2018-08-15 11:46:40', 'Alfa', 139, ''),
(1547, 1389, 1, 15, 5, '196508301997021002', '2018-08-15 11:46:40', 'Hadir', 139, ''),
(1548, 1390, 1, 15, 5, '196508301997021002', '2018-08-15 11:46:40', 'Hadir', 139, ''),
(1549, 1391, 1, 15, 5, '196508301997021002', '2018-08-15 11:46:40', 'Alfa', 139, ''),
(1550, 1392, 1, 15, 5, '196508301997021002', '2018-08-15 11:46:40', 'Hadir', 139, ''),
(1552, 1394, 1, 15, 5, '196508301997021002', '2018-08-15 11:46:40', 'Alfa', 139, ''),
(1553, 1395, 1, 15, 5, '196508301997021002', '2018-08-15 11:46:40', 'Hadir', 139, ''),
(1554, 1396, 1, 15, 5, '196508301997021002', '2018-08-15 11:46:40', 'Hadir', 139, ''),
(1555, 1371, 1, 15, 5, '196508301997021002', '2018-08-15 11:48:03', 'Hadir', 139, ''),
(1556, 1372, 1, 15, 5, '196508301997021002', '2018-08-15 11:48:03', 'Hadir', 139, ''),
(1557, 1373, 1, 15, 5, '196508301997021002', '2018-08-15 11:48:03', 'Hadir', 139, ''),
(1558, 1374, 1, 15, 5, '196508301997021002', '2018-08-15 11:48:03', 'Hadir', 139, ''),
(1559, 1375, 1, 15, 5, '196508301997021002', '2018-08-15 11:48:03', 'Hadir', 139, ''),
(1560, 1376, 1, 15, 5, '196508301997021002', '2018-08-15 11:48:03', 'Hadir', 139, ''),
(1561, 1377, 1, 15, 5, '196508301997021002', '2018-08-15 11:48:03', 'Hadir', 139, ''),
(1562, 1378, 1, 15, 5, '196508301997021002', '2018-08-15 11:48:03', 'Hadir', 139, ''),
(1563, 1379, 1, 15, 5, '196508301997021002', '2018-08-15 11:48:03', 'Hadir', 139, ''),
(1564, 1380, 1, 15, 5, '196508301997021002', '2018-08-15 11:48:03', 'Hadir', 139, ''),
(1565, 1381, 1, 15, 5, '196508301997021002', '2018-08-15 11:48:03', 'Izin', 139, ''),
(1566, 1382, 1, 15, 5, '196508301997021002', '2018-08-15 11:48:03', 'Hadir', 139, ''),
(1568, 1384, 1, 15, 5, '196508301997021002', '2018-08-15 11:48:03', 'Hadir', 139, ''),
(1569, 1385, 1, 15, 5, '196508301997021002', '2018-08-15 11:48:03', 'Hadir', 139, ''),
(1570, 1386, 1, 15, 5, '196508301997021002', '2018-08-15 11:48:03', 'Hadir', 139, ''),
(1571, 1387, 1, 15, 5, '196508301997021002', '2018-08-15 11:48:03', 'Hadir', 139, ''),
(1572, 1388, 1, 15, 5, '196508301997021002', '2018-08-15 11:48:03', 'Hadir', 139, ''),
(1573, 1389, 1, 15, 5, '196508301997021002', '2018-08-15 11:48:03', 'Hadir', 139, ''),
(1574, 1390, 1, 15, 5, '196508301997021002', '2018-08-15 11:48:03', 'Hadir', 139, ''),
(1575, 1391, 1, 15, 5, '196508301997021002', '2018-08-15 11:48:03', 'Hadir', 139, ''),
(1576, 1392, 1, 15, 5, '196508301997021002', '2018-08-15 11:48:03', 'Hadir', 139, ''),
(1578, 1394, 1, 15, 5, '196508301997021002', '2018-08-15 11:48:03', 'Hadir', 139, ''),
(1579, 1395, 1, 15, 5, '196508301997021002', '2018-08-15 11:48:03', 'Hadir', 139, ''),
(1580, 1396, 1, 15, 5, '196508301997021002', '2018-08-15 11:48:03', 'Hadir', 139, ''),
(1581, 542, 1, 6, 2, '7350764666300063', '2018-08-20 10:23:58', 'Terlambat', 555, ''),
(1582, 543, 1, 6, 2, '7350764666300063', '2018-08-20 10:23:58', 'Hadir', 555, ''),
(1583, 544, 1, 6, 2, '7350764666300063', '2018-08-20 10:23:58', 'Sakit', 555, ''),
(1584, 545, 1, 6, 2, '7350764666300063', '2018-08-20 10:23:58', 'Hadir', 555, ''),
(1585, 546, 1, 6, 2, '7350764666300063', '2018-08-20 10:23:58', 'Alfa', 555, ''),
(1586, 547, 1, 6, 2, '7350764666300063', '2018-08-20 10:23:58', 'Hadir', 555, ''),
(1587, 548, 1, 6, 2, '7350764666300063', '2018-08-20 10:23:58', 'Terlambat', 555, ''),
(1588, 549, 1, 6, 2, '7350764666300063', '2018-08-20 10:23:58', 'Hadir', 555, ''),
(1589, 550, 1, 6, 2, '7350764666300063', '2018-08-20 10:23:58', 'Hadir', 555, ''),
(1590, 551, 1, 6, 2, '7350764666300063', '2018-08-20 10:23:58', 'Hadir', 555, ''),
(1591, 552, 1, 6, 2, '7350764666300063', '2018-08-20 10:23:58', 'Hadir', 555, ''),
(1592, 554, 1, 6, 2, '7350764666300063', '2018-08-20 10:23:58', 'Hadir', 555, ''),
(1593, 556, 1, 6, 2, '7350764666300063', '2018-08-20 10:23:58', 'Hadir', 555, ''),
(1594, 557, 1, 6, 2, '7350764666300063', '2018-08-20 10:23:58', 'Terlambat', 555, ''),
(1595, 558, 1, 6, 2, '7350764666300063', '2018-08-20 10:23:58', 'Hadir', 555, ''),
(1596, 559, 1, 6, 2, '7350764666300063', '2018-08-20 10:23:58', 'Hadir', 555, ''),
(1597, 560, 1, 6, 2, '7350764666300063', '2018-08-20 10:23:58', 'Terlambat', 555, ''),
(1598, 561, 1, 6, 2, '7350764666300063', '2018-08-20 10:23:58', 'Hadir', 555, ''),
(1599, 562, 1, 6, 2, '7350764666300063', '2018-08-20 10:23:58', 'Hadir', 555, ''),
(1600, 563, 1, 6, 2, '7350764666300063', '2018-08-20 10:23:58', 'Hadir', 555, ''),
(1601, 1239, 1, 6, 2, '7350764666300063', '2018-08-20 10:23:58', 'Hadir', 555, ''),
(1602, 565, 1, 6, 2, '7350764666300063', '2018-08-20 10:23:58', 'Hadir', 555, ''),
(1603, 566, 1, 6, 2, '7350764666300063', '2018-08-20 10:23:58', 'Hadir', 555, ''),
(1604, 567, 1, 6, 2, '7350764666300063', '2018-08-20 10:23:58', 'Hadir', 555, ''),
(1605, 1106, 1, 39, 2, '6593784071', '2018-08-20 12:26:04', 'Hadir', 105, ''),
(1606, 1107, 1, 39, 2, '6593784071', '2018-08-20 12:26:04', 'Hadir', 105, ''),
(1607, 1108, 1, 39, 2, '6593784071', '2018-08-20 12:26:04', 'Hadir', 105, ''),
(1608, 1109, 1, 39, 2, '6593784071', '2018-08-20 12:26:04', 'Hadir', 105, ''),
(1609, 1110, 1, 39, 2, '6593784071', '2018-08-20 12:26:04', 'Hadir', 105, ''),
(1610, 1111, 1, 39, 2, '6593784071', '2018-08-20 12:26:04', 'Hadir', 105, ''),
(1611, 1112, 1, 39, 2, '6593784071', '2018-08-20 12:26:04', 'Hadir', 105, ''),
(1612, 1113, 1, 39, 2, '6593784071', '2018-08-20 12:26:04', 'Hadir', 105, ''),
(1613, 1114, 1, 39, 2, '6593784071', '2018-08-20 12:26:04', 'Hadir', 105, ''),
(1614, 1115, 1, 39, 2, '6593784071', '2018-08-20 12:26:04', 'Hadir', 105, ''),
(1615, 1116, 1, 39, 2, '6593784071', '2018-08-20 12:26:04', 'Hadir', 105, ''),
(1616, 1117, 1, 39, 2, '6593784071', '2018-08-20 12:26:04', 'Hadir', 105, ''),
(1617, 1118, 1, 39, 2, '6593784071', '2018-08-20 12:26:04', 'Alfa', 105, ''),
(1618, 1119, 1, 39, 2, '6593784071', '2018-08-20 12:26:04', 'Hadir', 105, ''),
(1619, 1120, 1, 39, 2, '6593784071', '2018-08-20 12:26:04', 'Hadir', 105, ''),
(1620, 1121, 1, 39, 2, '6593784071', '2018-08-20 12:26:04', 'Hadir', 105, ''),
(1621, 1122, 1, 39, 2, '6593784071', '2018-08-20 12:26:04', 'Hadir', 105, ''),
(1622, 1123, 1, 39, 2, '6593784071', '2018-08-20 12:26:04', 'Hadir', 105, ''),
(1623, 1124, 1, 39, 2, '6593784071', '2018-08-20 12:26:04', 'Hadir', 105, ''),
(1624, 1125, 1, 39, 2, '6593784071', '2018-08-20 12:26:04', 'Hadir', 105, ''),
(1625, 1126, 1, 39, 2, '6593784071', '2018-08-20 12:26:04', 'Hadir', 105, ''),
(1626, 1127, 1, 39, 2, '6593784071', '2018-08-20 12:26:04', 'Hadir', 105, ''),
(1627, 1128, 1, 39, 2, '6593784071', '2018-08-20 12:26:04', 'Hadir', 105, ''),
(1628, 1129, 1, 39, 2, '6593784071', '2018-08-20 12:26:04', 'Hadir', 105, ''),
(1629, 1130, 1, 39, 2, '6593784071', '2018-08-20 12:26:04', 'Hadir', 105, ''),
(1630, 1131, 1, 39, 2, '6593784071', '2018-08-20 12:26:04', 'Hadir', 105, ''),
(1631, 1132, 1, 39, 2, '6593784071', '2018-08-20 12:26:04', 'Hadir', 105, ''),
(1632, 1133, 1, 39, 2, '6593784071', '2018-08-20 12:26:04', 'Alfa', 105, ''),
(1633, 1134, 1, 39, 2, '6593784071', '2018-08-20 12:26:04', 'Hadir', 105, ''),
(1634, 1135, 1, 39, 2, '6593784071', '2018-08-20 12:26:04', 'Hadir', 105, ''),
(1635, 1136, 1, 39, 2, '6593784071', '2018-08-20 12:26:04', 'Hadir', 105, ''),
(1636, 1137, 1, 39, 2, '6593784071', '2018-08-20 12:26:04', 'Hadir', 105, ''),
(1637, 1138, 1, 39, 2, '6593784071', '2018-08-20 12:26:04', 'Hadir', 105, ''),
(1638, 1139, 1, 39, 2, '6593784071', '2018-08-20 12:26:04', 'Alfa', 105, ''),
(1639, 1140, 1, 39, 2, '6593784071', '2018-08-20 12:26:04', 'Hadir', 105, ''),
(1640, 2, 1, 3, 1, '7350764666300063', '2018-08-20 12:46:19', 'Hadir', 558, ''),
(1641, 7, 1, 3, 1, '7350764666300063', '2018-08-20 12:46:19', 'Hadir', 558, ''),
(1642, 18, 1, 3, 1, '7350764666300063', '2018-08-20 12:46:19', 'Hadir', 558, ''),
(1643, 313, 1, 3, 1, '7350764666300063', '2018-08-20 12:46:19', 'Alfa', 558, ''),
(1644, 21, 1, 3, 1, '7350764666300063', '2018-08-20 12:46:19', 'Alfa', 558, ''),
(1645, 28, 1, 3, 1, '7350764666300063', '2018-08-20 12:46:19', 'Hadir', 558, ''),
(1646, 32, 1, 3, 1, '7350764666300063', '2018-08-20 12:46:19', 'Hadir', 558, ''),
(1647, 40, 1, 3, 1, '7350764666300063', '2018-08-20 12:46:19', 'Hadir', 558, ''),
(1648, 44, 1, 3, 1, '7350764666300063', '2018-08-20 12:46:19', 'Hadir', 558, ''),
(1649, 312, 1, 3, 1, '7350764666300063', '2018-08-20 12:46:19', 'Hadir', 558, ''),
(1650, 58, 1, 3, 1, '7350764666300063', '2018-08-20 12:46:19', 'Hadir', 558, ''),
(1651, 61, 1, 3, 1, '7350764666300063', '2018-08-20 12:46:19', 'Alfa', 558, ''),
(1652, 63, 1, 3, 1, '7350764666300063', '2018-08-20 12:46:19', 'Hadir', 558, ''),
(1653, 65, 1, 3, 1, '7350764666300063', '2018-08-20 12:46:19', 'Hadir', 558, ''),
(1654, 67, 1, 3, 1, '7350764666300063', '2018-08-20 12:46:19', 'Hadir', 558, ''),
(1655, 76, 1, 3, 1, '7350764666300063', '2018-08-20 12:46:19', 'Hadir', 558, ''),
(1656, 81, 1, 3, 1, '7350764666300063', '2018-08-20 12:46:19', 'Alfa', 558, ''),
(1657, 85, 1, 3, 1, '7350764666300063', '2018-08-20 12:46:19', 'Hadir', 558, ''),
(1658, 1184, 1, 3, 1, '7350764666300063', '2018-08-20 12:46:19', 'Hadir', 558, ''),
(1659, 1182, 1, 3, 1, '7350764666300063', '2018-08-20 12:46:19', 'Hadir', 558, ''),
(1660, 1194, 1, 3, 1, '7350764666300063', '2018-08-20 12:46:19', 'Hadir', 558, ''),
(1661, 98, 1, 3, 1, '7350764666300063', '2018-08-20 12:46:19', 'Hadir', 558, ''),
(1662, 104, 1, 3, 1, '7350764666300063', '2018-08-20 12:46:19', 'Hadir', 558, ''),
(1663, 998, 1, 3, 1, '7350764666300063', '2018-08-20 12:46:19', 'Hadir', 558, ''),
(1664, 9, 1, 1, 1, '7350764666300063', '2018-08-20 12:48:55', 'Sakit', 557, ''),
(1665, 10, 1, 1, 1, '7350764666300063', '2018-08-20 12:48:55', 'Hadir', 557, ''),
(1666, 11, 1, 1, 1, '7350764666300063', '2018-08-20 12:48:55', 'Hadir', 557, ''),
(1667, 12, 1, 1, 1, '7350764666300063', '2018-08-20 12:48:55', 'Hadir', 557, ''),
(1668, 23, 1, 1, 1, '7350764666300063', '2018-08-20 12:48:55', 'Hadir', 557, ''),
(1669, 24, 1, 1, 1, '7350764666300063', '2018-08-20 12:48:55', 'Hadir', 557, ''),
(1670, 34, 1, 1, 1, '7350764666300063', '2018-08-20 12:48:55', 'Hadir', 557, ''),
(1671, 47, 1, 1, 1, '7350764666300063', '2018-08-20 12:48:55', 'Sakit', 557, ''),
(1672, 49, 1, 1, 1, '7350764666300063', '2018-08-20 12:48:55', 'Hadir', 557, ''),
(1673, 52, 1, 1, 1, '7350764666300063', '2018-08-20 12:48:55', 'Hadir', 557, ''),
(1674, 59, 1, 1, 1, '7350764666300063', '2018-08-20 12:48:55', 'Hadir', 557, ''),
(1675, 60, 1, 1, 1, '7350764666300063', '2018-08-20 12:48:55', 'Hadir', 557, ''),
(1676, 64, 1, 1, 1, '7350764666300063', '2018-08-20 12:48:55', 'Hadir', 557, ''),
(1677, 77, 1, 1, 1, '7350764666300063', '2018-08-20 12:48:55', 'Hadir', 557, ''),
(1678, 78, 1, 1, 1, '7350764666300063', '2018-08-20 12:48:55', 'Hadir', 557, ''),
(1679, 82, 1, 1, 1, '7350764666300063', '2018-08-20 12:48:55', 'Hadir', 557, ''),
(1680, 961, 1, 1, 1, '7350764666300063', '2018-08-20 12:48:55', 'Hadir', 557, ''),
(1681, 88, 1, 1, 1, '7350764666300063', '2018-08-20 12:48:55', 'Hadir', 557, ''),
(1682, 960, 1, 1, 1, '7350764666300063', '2018-08-20 12:48:55', 'Alfa', 557, ''),
(1683, 92, 1, 1, 1, '7350764666300063', '2018-08-20 12:48:55', 'Hadir', 557, ''),
(1684, 94, 1, 1, 1, '7350764666300063', '2018-08-20 12:48:55', 'Hadir', 557, ''),
(1685, 97, 1, 1, 1, '7350764666300063', '2018-08-20 12:48:55', 'Hadir', 557, ''),
(1686, 102, 1, 1, 1, '7350764666300063', '2018-08-20 12:48:55', 'Alfa', 557, ''),
(1687, 105, 1, 1, 1, '7350764666300063', '2018-08-20 12:48:55', 'Hadir', 557, ''),
(1688, 992, 1, 5, 2, '8085605101', '2018-08-20 13:06:30', 'Hadir', 151, ''),
(1689, 317, 1, 5, 2, '8085605101', '2018-08-20 13:06:30', 'Hadir', 151, ''),
(1690, 318, 1, 5, 2, '8085605101', '2018-08-20 13:06:30', 'Alfa', 151, ''),
(1691, 993, 1, 5, 2, '8085605101', '2018-08-20 13:06:30', 'Hadir', 151, ''),
(1692, 320, 1, 5, 2, '8085605101', '2018-08-20 13:06:30', 'Hadir', 151, ''),
(1693, 321, 1, 5, 2, '8085605101', '2018-08-20 13:06:30', 'Sakit', 151, ''),
(1694, 322, 1, 5, 2, '8085605101', '2018-08-20 13:06:30', 'Hadir', 151, ''),
(1695, 323, 1, 5, 2, '8085605101', '2018-08-20 13:06:30', 'Hadir', 151, ''),
(1696, 324, 1, 5, 2, '8085605101', '2018-08-20 13:06:30', 'Hadir', 151, ''),
(1697, 325, 1, 5, 2, '8085605101', '2018-08-20 13:06:30', 'Hadir', 151, ''),
(1698, 326, 1, 5, 2, '8085605101', '2018-08-20 13:06:30', 'Hadir', 151, ''),
(1699, 1225, 1, 5, 2, '8085605101', '2018-08-20 13:06:30', 'Hadir', 151, ''),
(1700, 531, 1, 5, 2, '8085605101', '2018-08-20 13:06:30', 'Hadir', 151, ''),
(1701, 532, 1, 5, 2, '8085605101', '2018-08-20 13:06:30', 'Hadir', 151, ''),
(1702, 533, 1, 5, 2, '8085605101', '2018-08-20 13:06:30', 'Hadir', 151, ''),
(1703, 534, 1, 5, 2, '8085605101', '2018-08-20 13:06:30', 'Hadir', 151, ''),
(1704, 535, 1, 5, 2, '8085605101', '2018-08-20 13:06:30', 'Hadir', 151, ''),
(1705, 536, 1, 5, 2, '8085605101', '2018-08-20 13:06:30', 'Hadir', 151, ''),
(1706, 537, 1, 5, 2, '8085605101', '2018-08-20 13:06:30', 'Hadir', 151, ''),
(1707, 538, 1, 5, 2, '8085605101', '2018-08-20 13:06:30', 'Hadir', 151, ''),
(1708, 539, 1, 5, 2, '8085605101', '2018-08-20 13:06:30', 'Hadir', 151, ''),
(1709, 540, 1, 5, 2, '8085605101', '2018-08-20 13:06:30', 'Hadir', 151, ''),
(1710, 541, 1, 5, 2, '8085605101', '2018-08-20 13:06:30', 'Hadir', 151, ''),
(1711, 1345, 1, 4, 2, '8085605101', '2018-08-20 14:39:30', 'Hadir', 154, ''),
(1712, 1346, 1, 4, 2, '8085605101', '2018-08-20 14:39:30', 'Hadir', 154, ''),
(1713, 1347, 1, 4, 2, '8085605101', '2018-08-20 14:39:30', 'Hadir', 154, ''),
(1714, 1348, 1, 4, 2, '8085605101', '2018-08-20 14:39:30', 'Hadir', 154, ''),
(1715, 1349, 1, 4, 2, '8085605101', '2018-08-20 14:39:30', 'Hadir', 154, ''),
(1716, 1350, 1, 4, 2, '8085605101', '2018-08-20 14:39:30', 'Hadir', 154, ''),
(1717, 1351, 1, 4, 2, '8085605101', '2018-08-20 14:39:30', 'Hadir', 154, ''),
(1718, 1352, 1, 4, 2, '8085605101', '2018-08-20 14:39:30', 'Hadir', 154, ''),
(1719, 1354, 1, 4, 2, '8085605101', '2018-08-20 14:39:30', 'Hadir', 154, ''),
(1720, 1355, 1, 4, 2, '8085605101', '2018-08-20 14:39:30', 'Hadir', 154, ''),
(1721, 1356, 1, 4, 2, '8085605101', '2018-08-20 14:39:30', 'Hadir', 154, ''),
(1722, 1357, 1, 4, 2, '8085605101', '2018-08-20 14:39:30', 'Hadir', 154, ''),
(1723, 1358, 1, 4, 2, '8085605101', '2018-08-20 14:39:30', 'Hadir', 154, ''),
(1724, 1359, 1, 4, 2, '8085605101', '2018-08-20 14:39:30', 'Hadir', 154, ''),
(1725, 1360, 1, 4, 2, '8085605101', '2018-08-20 14:39:30', 'Hadir', 154, ''),
(1726, 1361, 1, 4, 2, '8085605101', '2018-08-20 14:39:30', 'Hadir', 154, ''),
(1727, 1362, 1, 4, 2, '8085605101', '2018-08-20 14:39:30', 'Hadir', 154, ''),
(1728, 1363, 1, 4, 2, '8085605101', '2018-08-20 14:39:30', 'Hadir', 154, ''),
(1729, 1364, 1, 4, 2, '8085605101', '2018-08-20 14:39:30', 'Hadir', 154, ''),
(1730, 1365, 1, 4, 2, '8085605101', '2018-08-20 14:39:30', 'Hadir', 154, ''),
(1731, 1366, 1, 4, 2, '8085605101', '2018-08-20 14:39:30', 'Hadir', 154, ''),
(1732, 1367, 1, 4, 2, '8085605101', '2018-08-20 14:39:30', 'Hadir', 154, ''),
(1733, 1368, 1, 4, 2, '8085605101', '2018-08-20 14:39:30', 'Hadir', 154, ''),
(1734, 1369, 1, 4, 2, '8085605101', '2018-08-20 14:39:30', 'Hadir', 154, ''),
(1735, 1370, 1, 4, 2, '8085605101', '2018-08-20 14:39:30', 'Hadir', 154, ''),
(1736, 1303, 1, 43, 4, '6593784071', '2018-08-20 14:51:55', 'Hadir', 106, ''),
(1737, 1304, 1, 43, 4, '6593784071', '2018-08-20 14:51:55', 'Hadir', 106, ''),
(1738, 1305, 1, 43, 4, '6593784071', '2018-08-20 14:51:55', 'Alfa', 106, ''),
(1741, 1308, 1, 43, 4, '6593784071', '2018-08-20 14:51:55', 'Alfa', 106, ''),
(1742, 1309, 1, 43, 4, '6593784071', '2018-08-20 14:51:55', 'Hadir', 106, ''),
(1743, 1310, 1, 43, 4, '6593784071', '2018-08-20 14:51:55', 'Hadir', 106, ''),
(1744, 1311, 1, 43, 4, '6593784071', '2018-08-20 14:51:55', 'Hadir', 106, ''),
(1745, 1312, 1, 43, 4, '6593784071', '2018-08-20 14:51:55', 'Hadir', 106, ''),
(1750, 1317, 1, 43, 4, '6593784071', '2018-08-20 14:51:55', 'Hadir', 106, ''),
(1751, 1318, 1, 43, 4, '6593784071', '2018-08-20 14:51:55', 'Alfa', 106, ''),
(1752, 1319, 1, 43, 4, '6593784071', '2018-08-20 14:51:55', 'Hadir', 106, ''),
(1753, 1322, 1, 43, 4, '6593784071', '2018-08-20 14:51:55', 'Hadir', 106, ''),
(1754, 1323, 1, 43, 4, '6593784071', '2018-08-20 14:51:55', 'Hadir', 106, ''),
(1755, 1324, 1, 43, 4, '6593784071', '2018-08-20 14:51:55', 'Hadir', 106, ''),
(1756, 1330, 1, 43, 4, '6593784071', '2018-08-20 14:51:55', 'Hadir', 106, ''),
(1757, 1327, 1, 43, 4, '6593784071', '2018-08-20 14:51:55', 'Hadir', 106, ''),
(1758, 1328, 1, 43, 4, '6593784071', '2018-08-20 14:51:55', 'Hadir', 106, ''),
(1759, 1329, 1, 43, 4, '6593784071', '2018-08-20 14:51:55', 'Hadir', 106, ''),
(1760, 1331, 1, 43, 4, '6593784071', '2018-08-20 14:51:55', 'Hadir', 106, ''),
(1761, 1332, 1, 43, 4, '6593784071', '2018-08-20 14:51:55', 'Hadir', 106, ''),
(1762, 1333, 1, 43, 4, '6593784071', '2018-08-20 14:51:55', 'Hadir', 106, ''),
(1764, 1335, 1, 43, 4, '6593784071', '2018-08-20 14:51:55', 'Hadir', 106, ''),
(1765, 1336, 1, 43, 4, '6593784071', '2018-08-20 14:51:55', 'Hadir', 106, ''),
(1766, 1337, 1, 43, 4, '6593784071', '2018-08-20 14:51:55', 'Hadir', 106, ''),
(1767, 1338, 1, 43, 4, '6593784071', '2018-08-20 14:51:55', 'Hadir', 106, ''),
(1769, 1340, 1, 43, 4, '6593784071', '2018-08-20 14:51:55', 'Hadir', 106, ''),
(1770, 1341, 1, 43, 4, '6593784071', '2018-08-20 14:51:55', 'Hadir', 106, ''),
(1771, 1342, 1, 43, 4, '6593784071', '2018-08-20 14:51:55', 'Hadir', 106, ''),
(1772, 1343, 1, 43, 4, '6593784071', '2018-08-20 14:51:55', 'Hadir', 106, ''),
(1773, 1344, 1, 43, 4, '6593784071', '2018-08-20 14:51:55', 'Hadir', 106, ''),
(1774, 727, 1, 40, 2, '6593784071', '2018-08-21 09:33:47', 'Hadir', 107, ''),
(1775, 728, 1, 40, 2, '6593784071', '2018-08-21 09:33:47', 'Hadir', 107, ''),
(1776, 729, 1, 40, 2, '6593784071', '2018-08-21 09:33:47', 'Hadir', 107, ''),
(1777, 730, 1, 40, 2, '6593784071', '2018-08-21 09:33:47', 'Hadir', 107, ''),
(1778, 731, 1, 40, 2, '6593784071', '2018-08-21 09:33:47', 'Hadir', 107, ''),
(1779, 732, 1, 40, 2, '6593784071', '2018-08-21 09:33:47', 'Hadir', 107, ''),
(1780, 733, 1, 40, 2, '6593784071', '2018-08-21 09:33:47', 'Hadir', 107, ''),
(1781, 734, 1, 40, 2, '6593784071', '2018-08-21 09:33:47', 'Hadir', 107, ''),
(1782, 1075, 1, 40, 2, '6593784071', '2018-08-21 09:33:47', 'Hadir', 107, ''),
(1783, 1076, 1, 40, 2, '6593784071', '2018-08-21 09:33:47', 'Hadir', 107, ''),
(1784, 1078, 1, 40, 2, '6593784071', '2018-08-21 09:33:47', 'Hadir', 107, ''),
(1785, 1077, 1, 40, 2, '6593784071', '2018-08-21 09:33:47', 'Hadir', 107, ''),
(1786, 1079, 1, 40, 2, '6593784071', '2018-08-21 09:33:47', 'Hadir', 107, ''),
(1787, 1080, 1, 40, 2, '6593784071', '2018-08-21 09:33:47', 'Izin', 107, 'Orang tua meninggal'),
(1788, 1081, 1, 40, 2, '6593784071', '2018-08-21 09:33:47', 'Hadir', 107, ''),
(1789, 1082, 1, 40, 2, '6593784071', '2018-08-21 09:33:47', 'Hadir', 107, ''),
(1790, 1083, 1, 40, 2, '6593784071', '2018-08-21 09:33:47', 'Hadir', 107, ''),
(1791, 1426, 1, 40, 2, '6593784071', '2018-08-21 09:33:47', 'Hadir', 107, ''),
(1792, 1086, 1, 40, 2, '6593784071', '2018-08-21 09:33:47', 'Hadir', 107, ''),
(1793, 1087, 1, 40, 2, '6593784071', '2018-08-21 09:33:47', 'Hadir', 107, ''),
(1794, 1088, 1, 40, 2, '6593784071', '2018-08-21 09:33:47', 'Hadir', 107, ''),
(1795, 1089, 1, 40, 2, '6593784071', '2018-08-21 09:33:47', 'Hadir', 107, ''),
(1796, 1090, 1, 40, 2, '6593784071', '2018-08-21 09:33:47', 'Hadir', 107, ''),
(1797, 1105, 1, 40, 2, '6593784071', '2018-08-21 09:33:47', 'Alfa', 107, ''),
(1798, 1091, 1, 40, 2, '6593784071', '2018-08-21 09:33:47', 'Hadir', 107, ''),
(1799, 1092, 1, 40, 2, '6593784071', '2018-08-21 09:33:47', 'Hadir', 107, ''),
(1800, 1429, 1, 40, 2, '6593784071', '2018-08-21 09:33:47', 'Alfa', 107, ''),
(1801, 1095, 1, 40, 2, '6593784071', '2018-08-21 09:33:47', 'Hadir', 107, ''),
(1802, 1428, 1, 40, 2, '6593784071', '2018-08-21 09:33:47', 'Hadir', 107, ''),
(1803, 1097, 1, 40, 2, '6593784071', '2018-08-21 09:33:47', 'Hadir', 107, ''),
(1804, 1098, 1, 40, 2, '6593784071', '2018-08-21 09:33:47', 'Hadir', 107, ''),
(1805, 1099, 1, 40, 2, '6593784071', '2018-08-21 09:33:47', 'Hadir', 107, ''),
(1806, 1100, 1, 40, 2, '6593784071', '2018-08-21 09:33:47', 'Hadir', 107, ''),
(1807, 1430, 1, 40, 2, '6593784071', '2018-08-21 09:33:47', 'Hadir', 107, ''),
(1808, 1103, 1, 40, 2, '6593784071', '2018-08-21 09:33:47', 'Alfa', 107, ''),
(1809, 1104, 1, 40, 2, '6593784071', '2018-08-21 09:33:47', 'Hadir', 107, ''),
(1810, 1263, 1, 44, 4, '6593784071', '2018-08-21 11:21:00', 'Izin', 108, ''),
(1811, 1264, 1, 44, 4, '6593784071', '2018-08-21 11:21:00', 'Alfa', 108, ''),
(1812, 1265, 1, 44, 4, '6593784071', '2018-08-21 11:21:00', 'Hadir', 108, ''),
(1813, 1266, 1, 44, 4, '6593784071', '2018-08-21 11:21:00', 'Alfa', 108, ''),
(1814, 1267, 1, 44, 4, '6593784071', '2018-08-21 11:21:00', 'Hadir', 108, ''),
(1815, 1269, 1, 44, 4, '6593784071', '2018-08-21 11:21:00', 'Alfa', 108, ''),
(1816, 1270, 1, 44, 4, '6593784071', '2018-08-21 11:21:00', 'Hadir', 108, ''),
(1817, 1271, 1, 44, 4, '6593784071', '2018-08-21 11:21:00', 'Hadir', 108, ''),
(1818, 1272, 1, 44, 4, '6593784071', '2018-08-21 11:21:00', 'Hadir', 108, ''),
(1819, 1273, 1, 44, 4, '6593784071', '2018-08-21 11:21:00', 'Hadir', 108, ''),
(1820, 1274, 1, 44, 4, '6593784071', '2018-08-21 11:21:00', 'Izin', 108, ''),
(1821, 1275, 1, 44, 4, '6593784071', '2018-08-21 11:21:00', 'Alfa', 108, ''),
(1822, 1276, 1, 44, 4, '6593784071', '2018-08-21 11:21:00', 'Hadir', 108, ''),
(1823, 1278, 1, 44, 4, '6593784071', '2018-08-21 11:21:00', 'Hadir', 108, ''),
(1824, 1279, 1, 44, 4, '6593784071', '2018-08-21 11:21:00', 'Hadir', 108, ''),
(1825, 1280, 1, 44, 4, '6593784071', '2018-08-21 11:21:00', 'Hadir', 108, ''),
(1826, 1281, 1, 44, 4, '6593784071', '2018-08-21 11:21:00', 'Alfa', 108, ''),
(1827, 1282, 1, 44, 4, '6593784071', '2018-08-21 11:21:00', 'Hadir', 108, ''),
(1828, 1283, 1, 44, 4, '6593784071', '2018-08-21 11:21:00', 'Hadir', 108, ''),
(1829, 1284, 1, 44, 4, '6593784071', '2018-08-21 11:21:00', 'Hadir', 108, ''),
(1830, 1285, 1, 44, 4, '6593784071', '2018-08-21 11:21:00', 'Hadir', 108, ''),
(1831, 1286, 1, 44, 4, '6593784071', '2018-08-21 11:21:00', 'Hadir', 108, ''),
(1832, 1287, 1, 44, 4, '6593784071', '2018-08-21 11:21:00', 'Hadir', 108, ''),
(1833, 1288, 1, 44, 4, '6593784071', '2018-08-21 11:21:00', 'Hadir', 108, ''),
(1834, 1289, 1, 44, 4, '6593784071', '2018-08-21 11:21:00', 'Hadir', 108, ''),
(1835, 1290, 1, 44, 4, '6593784071', '2018-08-21 11:21:00', 'Hadir', 108, ''),
(1836, 1291, 1, 44, 4, '6593784071', '2018-08-21 11:21:00', 'Hadir', 108, ''),
(1837, 1292, 1, 44, 4, '6593784071', '2018-08-21 11:21:00', 'Hadir', 108, ''),
(1838, 1293, 1, 44, 4, '6593784071', '2018-08-21 11:21:00', 'Hadir', 108, ''),
(1839, 1294, 1, 44, 4, '6593784071', '2018-08-21 11:21:00', 'Hadir', 108, ''),
(1840, 1295, 1, 44, 4, '6593784071', '2018-08-21 11:21:00', 'Hadir', 108, ''),
(1841, 1296, 1, 44, 4, '6593784071', '2018-08-21 11:21:00', 'Alfa', 108, ''),
(1842, 1297, 1, 44, 4, '6593784071', '2018-08-21 11:21:00', 'Hadir', 108, ''),
(1843, 1298, 1, 44, 4, '6593784071', '2018-08-21 11:21:00', 'Hadir', 108, ''),
(1844, 1299, 1, 44, 4, '6593784071', '2018-08-21 11:21:00', 'Hadir', 108, ''),
(1845, 992, 1, 5, 2, '7350764666300063', '2018-08-21 11:32:28', 'Hadir', 561, ''),
(1846, 317, 1, 5, 2, '7350764666300063', '2018-08-21 11:32:28', 'Hadir', 561, ''),
(1847, 318, 1, 5, 2, '7350764666300063', '2018-08-21 11:32:28', 'Alfa', 561, ''),
(1848, 993, 1, 5, 2, '7350764666300063', '2018-08-21 11:32:28', 'Hadir', 561, ''),
(1849, 320, 1, 5, 2, '7350764666300063', '2018-08-21 11:32:28', 'Hadir', 561, ''),
(1850, 321, 1, 5, 2, '7350764666300063', '2018-08-21 11:32:28', 'Izin', 561, ''),
(1851, 322, 1, 5, 2, '7350764666300063', '2018-08-21 11:32:28', 'Hadir', 561, ''),
(1852, 323, 1, 5, 2, '7350764666300063', '2018-08-21 11:32:28', 'Hadir', 561, ''),
(1853, 324, 1, 5, 2, '7350764666300063', '2018-08-21 11:32:28', 'Hadir', 561, ''),
(1854, 325, 1, 5, 2, '7350764666300063', '2018-08-21 11:32:28', 'Hadir', 561, ''),
(1855, 326, 1, 5, 2, '7350764666300063', '2018-08-21 11:32:28', 'Hadir', 561, ''),
(1856, 1225, 1, 5, 2, '7350764666300063', '2018-08-21 11:32:28', 'Hadir', 561, ''),
(1857, 531, 1, 5, 2, '7350764666300063', '2018-08-21 11:32:28', 'Hadir', 561, ''),
(1858, 532, 1, 5, 2, '7350764666300063', '2018-08-21 11:32:28', 'Hadir', 561, ''),
(1859, 533, 1, 5, 2, '7350764666300063', '2018-08-21 11:32:28', 'Hadir', 561, ''),
(1860, 534, 1, 5, 2, '7350764666300063', '2018-08-21 11:32:28', 'Hadir', 561, ''),
(1861, 535, 1, 5, 2, '7350764666300063', '2018-08-21 11:32:28', 'Hadir', 561, ''),
(1862, 536, 1, 5, 2, '7350764666300063', '2018-08-21 11:32:28', 'Hadir', 561, ''),
(1863, 537, 1, 5, 2, '7350764666300063', '2018-08-21 11:32:28', 'Hadir', 561, ''),
(1864, 538, 1, 5, 2, '7350764666300063', '2018-08-21 11:32:28', 'Hadir', 561, ''),
(1865, 539, 1, 5, 2, '7350764666300063', '2018-08-21 11:32:28', 'Alfa', 561, ''),
(1866, 540, 1, 5, 2, '7350764666300063', '2018-08-21 11:32:28', 'Hadir', 561, ''),
(1867, 541, 1, 5, 2, '7350764666300063', '2018-08-21 11:32:28', 'Hadir', 561, ''),
(1868, 691, 1, 41, 2, '6593784071', '2018-08-21 14:43:49', 'Hadir', 109, ''),
(1869, 692, 1, 41, 2, '6593784071', '2018-08-21 14:43:49', 'Hadir', 109, ''),
(1870, 693, 1, 41, 2, '6593784071', '2018-08-21 14:43:49', 'Hadir', 109, ''),
(1871, 694, 1, 41, 2, '6593784071', '2018-08-21 14:43:49', 'Alfa', 109, ''),
(1872, 695, 1, 41, 2, '6593784071', '2018-08-21 14:43:49', 'Hadir', 109, ''),
(1873, 696, 1, 41, 2, '6593784071', '2018-08-21 14:43:49', 'Hadir', 109, ''),
(1874, 697, 1, 41, 2, '6593784071', '2018-08-21 14:43:49', 'Hadir', 109, ''),
(1875, 698, 1, 41, 2, '6593784071', '2018-08-21 14:43:49', 'Hadir', 109, ''),
(1876, 699, 1, 41, 2, '6593784071', '2018-08-21 14:43:49', 'Hadir', 109, ''),
(1877, 700, 1, 41, 2, '6593784071', '2018-08-21 14:43:49', 'Hadir', 109, ''),
(1878, 701, 1, 41, 2, '6593784071', '2018-08-21 14:43:49', 'Hadir', 109, ''),
(1879, 702, 1, 41, 2, '6593784071', '2018-08-21 14:43:49', 'Hadir', 109, ''),
(1880, 703, 1, 41, 2, '6593784071', '2018-08-21 14:43:49', 'Hadir', 109, ''),
(1881, 704, 1, 41, 2, '6593784071', '2018-08-21 14:43:49', 'Hadir', 109, ''),
(1882, 705, 1, 41, 2, '6593784071', '2018-08-21 14:43:49', 'Hadir', 109, ''),
(1883, 706, 1, 41, 2, '6593784071', '2018-08-21 14:43:49', 'Hadir', 109, ''),
(1884, 707, 1, 41, 2, '6593784071', '2018-08-21 14:43:49', 'Hadir', 109, ''),
(1885, 708, 1, 41, 2, '6593784071', '2018-08-21 14:43:49', 'Hadir', 109, ''),
(1886, 709, 1, 41, 2, '6593784071', '2018-08-21 14:43:49', 'Hadir', 109, ''),
(1887, 710, 1, 41, 2, '6593784071', '2018-08-21 14:43:49', 'Hadir', 109, ''),
(1888, 711, 1, 41, 2, '6593784071', '2018-08-21 14:43:49', 'Hadir', 109, ''),
(1889, 712, 1, 41, 2, '6593784071', '2018-08-21 14:43:49', 'Hadir', 109, ''),
(1890, 713, 1, 41, 2, '6593784071', '2018-08-21 14:43:49', 'Hadir', 109, ''),
(1891, 714, 1, 41, 2, '6593784071', '2018-08-21 14:43:49', 'Hadir', 109, ''),
(1892, 715, 1, 41, 2, '6593784071', '2018-08-21 14:43:49', 'Hadir', 109, ''),
(1893, 716, 1, 41, 2, '6593784071', '2018-08-21 14:43:49', 'Hadir', 109, ''),
(1894, 717, 1, 41, 2, '6593784071', '2018-08-21 14:43:49', 'Hadir', 109, ''),
(1895, 718, 1, 41, 2, '6593784071', '2018-08-21 14:43:49', 'Hadir', 109, ''),
(1896, 719, 1, 41, 2, '6593784071', '2018-08-21 14:43:49', 'Hadir', 109, ''),
(1897, 720, 1, 41, 2, '6593784071', '2018-08-21 14:43:49', 'Hadir', 109, ''),
(1898, 721, 1, 41, 2, '6593784071', '2018-08-21 14:43:49', 'Hadir', 109, ''),
(1899, 722, 1, 41, 2, '6593784071', '2018-08-21 14:43:49', 'Hadir', 109, ''),
(1900, 724, 1, 41, 2, '6593784071', '2018-08-21 14:43:49', 'Hadir', 109, ''),
(1901, 725, 1, 41, 2, '6593784071', '2018-08-21 14:43:49', 'Hadir', 109, ''),
(1902, 726, 1, 41, 2, '6593784071', '2018-08-21 14:43:49', 'Hadir', 109, ''),
(1903, 9, 1, 1, 1, '8085605101', '2018-08-21 19:16:24', 'Sakit', 185, ''),
(1904, 10, 1, 1, 1, '8085605101', '2018-08-21 19:16:24', 'Hadir', 185, ''),
(1905, 11, 1, 1, 1, '8085605101', '2018-08-21 19:16:24', 'Hadir', 185, ''),
(1906, 12, 1, 1, 1, '8085605101', '2018-08-21 19:16:24', 'Hadir', 185, ''),
(1907, 23, 1, 1, 1, '8085605101', '2018-08-21 19:16:24', 'Hadir', 185, ''),
(1908, 24, 1, 1, 1, '8085605101', '2018-08-21 19:16:24', 'Hadir', 185, ''),
(1909, 34, 1, 1, 1, '8085605101', '2018-08-21 19:16:24', 'Hadir', 185, ''),
(1910, 47, 1, 1, 1, '8085605101', '2018-08-21 19:16:24', 'Hadir', 185, '');
INSERT INTO `absen` (`id_absen`, `id_siswa`, `id_sem`, `id_kelas`, `id_jur`, `id_guru`, `tanggal`, `absen`, `id_mapel`, `ket`) VALUES
(1911, 49, 1, 1, 1, '8085605101', '2018-08-21 19:16:24', 'Alfa', 185, ''),
(1912, 52, 1, 1, 1, '8085605101', '2018-08-21 19:16:24', 'Hadir', 185, ''),
(1913, 59, 1, 1, 1, '8085605101', '2018-08-21 19:16:24', 'Hadir', 185, ''),
(1914, 60, 1, 1, 1, '8085605101', '2018-08-21 19:16:24', 'Hadir', 185, ''),
(1915, 64, 1, 1, 1, '8085605101', '2018-08-21 19:16:24', 'Hadir', 185, ''),
(1916, 77, 1, 1, 1, '8085605101', '2018-08-21 19:16:24', 'Hadir', 185, ''),
(1917, 78, 1, 1, 1, '8085605101', '2018-08-21 19:16:24', 'Hadir', 185, ''),
(1918, 82, 1, 1, 1, '8085605101', '2018-08-21 19:16:24', 'Hadir', 185, ''),
(1919, 961, 1, 1, 1, '8085605101', '2018-08-21 19:16:24', 'Hadir', 185, ''),
(1920, 88, 1, 1, 1, '8085605101', '2018-08-21 19:16:24', 'Hadir', 185, ''),
(1921, 960, 1, 1, 1, '8085605101', '2018-08-21 19:16:24', 'Alfa', 185, ''),
(1922, 92, 1, 1, 1, '8085605101', '2018-08-21 19:16:24', 'Hadir', 185, ''),
(1923, 94, 1, 1, 1, '8085605101', '2018-08-21 19:16:24', 'Hadir', 185, ''),
(1924, 97, 1, 1, 1, '8085605101', '2018-08-21 19:16:24', 'Hadir', 185, ''),
(1925, 102, 1, 1, 1, '8085605101', '2018-08-21 19:16:24', 'Hadir', 185, ''),
(1926, 105, 1, 1, 1, '8085605101', '2018-08-21 19:16:24', 'Hadir', 185, ''),
(1927, 1397, 1, 16, 5, '196508301997021002', '2018-08-23 08:23:27', 'Alfa', 140, ''),
(1928, 1398, 1, 16, 5, '196508301997021002', '2018-08-23 08:23:27', 'Alfa', 140, ''),
(1929, 1399, 1, 16, 5, '196508301997021002', '2018-08-23 08:23:27', 'Alfa', 140, ''),
(1930, 1400, 1, 16, 5, '196508301997021002', '2018-08-23 08:23:27', 'Alfa', 140, ''),
(1931, 1401, 1, 16, 5, '196508301997021002', '2018-08-23 08:23:27', 'Alfa', 140, ''),
(1932, 1402, 1, 16, 5, '196508301997021002', '2018-08-23 08:23:27', 'Alfa', 140, ''),
(1933, 1403, 1, 16, 5, '196508301997021002', '2018-08-23 08:23:27', 'Hadir', 140, ''),
(1934, 1404, 1, 16, 5, '196508301997021002', '2018-08-23 08:23:27', 'Alfa', 140, ''),
(1935, 1405, 1, 16, 5, '196508301997021002', '2018-08-23 08:23:27', 'Alfa', 140, ''),
(1936, 1406, 1, 16, 5, '196508301997021002', '2018-08-23 08:23:27', 'Hadir', 140, ''),
(1937, 1407, 1, 16, 5, '196508301997021002', '2018-08-23 08:23:27', 'Alfa', 140, ''),
(1938, 1408, 1, 16, 5, '196508301997021002', '2018-08-23 08:23:27', 'Hadir', 140, ''),
(1939, 1409, 1, 16, 5, '196508301997021002', '2018-08-23 08:23:27', 'Alfa', 140, ''),
(1940, 1410, 1, 16, 5, '196508301997021002', '2018-08-23 08:23:27', 'Alfa', 140, ''),
(1941, 1411, 1, 16, 5, '196508301997021002', '2018-08-23 08:23:27', 'Alfa', 140, ''),
(1942, 1412, 1, 16, 5, '196508301997021002', '2018-08-23 08:23:27', 'Alfa', 140, ''),
(1943, 1413, 1, 16, 5, '196508301997021002', '2018-08-23 08:23:27', 'Alfa', 140, ''),
(1944, 1414, 1, 16, 5, '196508301997021002', '2018-08-23 08:23:27', 'Hadir', 140, ''),
(1945, 1415, 1, 16, 5, '196508301997021002', '2018-08-23 08:23:27', 'Alfa', 140, ''),
(1946, 1416, 1, 16, 5, '196508301997021002', '2018-08-23 08:23:27', 'Hadir', 140, ''),
(1947, 1417, 1, 16, 5, '196508301997021002', '2018-08-23 08:23:27', 'Alfa', 140, ''),
(1948, 1418, 1, 16, 5, '196508301997021002', '2018-08-23 08:23:27', 'Alfa', 140, ''),
(1949, 1419, 1, 16, 5, '196508301997021002', '2018-08-23 08:23:27', 'Alfa', 140, ''),
(1950, 1420, 1, 16, 5, '196508301997021002', '2018-08-23 08:23:27', 'Alfa', 140, ''),
(1951, 542, 1, 6, 2, '8085605101', '2018-08-23 11:20:01', 'Alfa', 153, ''),
(1952, 543, 1, 6, 2, '8085605101', '2018-08-23 11:20:01', 'Alfa', 153, ''),
(1953, 544, 1, 6, 2, '8085605101', '2018-08-23 11:20:01', 'Alfa', 153, ''),
(1954, 545, 1, 6, 2, '8085605101', '2018-08-23 11:20:01', 'Alfa', 153, ''),
(1955, 546, 1, 6, 2, '8085605101', '2018-08-23 11:20:01', 'Alfa', 153, ''),
(1956, 547, 1, 6, 2, '8085605101', '2018-08-23 11:20:01', 'Hadir', 153, ''),
(1957, 548, 1, 6, 2, '8085605101', '2018-08-23 11:20:01', 'Alfa', 153, ''),
(1958, 549, 1, 6, 2, '8085605101', '2018-08-23 11:20:01', 'Alfa', 153, ''),
(1959, 550, 1, 6, 2, '8085605101', '2018-08-23 11:20:01', 'Alfa', 153, ''),
(1960, 551, 1, 6, 2, '8085605101', '2018-08-23 11:20:01', 'Alfa', 153, ''),
(1961, 552, 1, 6, 2, '8085605101', '2018-08-23 11:20:01', 'Hadir', 153, ''),
(1962, 554, 1, 6, 2, '8085605101', '2018-08-23 11:20:01', 'Hadir', 153, ''),
(1963, 556, 1, 6, 2, '8085605101', '2018-08-23 11:20:01', 'Alfa', 153, ''),
(1964, 557, 1, 6, 2, '8085605101', '2018-08-23 11:20:01', 'Alfa', 153, ''),
(1965, 558, 1, 6, 2, '8085605101', '2018-08-23 11:20:01', 'Hadir', 153, ''),
(1966, 559, 1, 6, 2, '8085605101', '2018-08-23 11:20:01', 'Alfa', 153, ''),
(1967, 560, 1, 6, 2, '8085605101', '2018-08-23 13:30:27', 'Hadir', 153, ''),
(1968, 561, 1, 6, 2, '8085605101', '2018-08-23 11:20:01', 'Alfa', 153, ''),
(1969, 562, 1, 6, 2, '8085605101', '2018-08-23 11:20:01', 'Hadir', 153, ''),
(1970, 563, 1, 6, 2, '8085605101', '2018-08-23 11:20:01', 'Hadir', 153, ''),
(1971, 1239, 1, 6, 2, '8085605101', '2018-08-23 11:20:01', 'Alfa', 153, ''),
(1972, 565, 1, 6, 2, '8085605101', '2018-08-23 11:20:01', 'Alfa', 153, ''),
(1973, 566, 1, 6, 2, '8085605101', '2018-08-23 11:20:01', 'Alfa', 153, ''),
(1974, 567, 1, 6, 2, '8085605101', '2018-08-23 11:20:01', 'Alfa', 153, ''),
(1975, 727, 1, 40, 2, '6593784071', '2018-08-28 09:06:03', 'Hadir', 107, ''),
(1976, 728, 1, 40, 2, '6593784071', '2018-08-28 09:06:03', 'Hadir', 107, ''),
(1977, 729, 1, 40, 2, '6593784071', '2018-08-28 09:06:03', 'Hadir', 107, ''),
(1978, 730, 1, 40, 2, '6593784071', '2018-08-28 09:06:03', 'Hadir', 107, ''),
(1979, 731, 1, 40, 2, '6593784071', '2018-08-28 09:06:03', 'Alfa', 107, ''),
(1980, 732, 1, 40, 2, '6593784071', '2018-08-28 09:06:03', 'Hadir', 107, ''),
(1981, 733, 1, 40, 2, '6593784071', '2018-08-28 09:06:03', 'Hadir', 107, ''),
(1982, 734, 1, 40, 2, '6593784071', '2018-08-28 09:06:03', 'Hadir', 107, ''),
(1983, 1075, 1, 40, 2, '6593784071', '2018-08-28 09:06:03', 'Hadir', 107, ''),
(1984, 1076, 1, 40, 2, '6593784071', '2018-08-28 09:06:03', 'Hadir', 107, ''),
(1985, 1078, 1, 40, 2, '6593784071', '2018-08-28 09:06:03', 'Hadir', 107, ''),
(1986, 1077, 1, 40, 2, '6593784071', '2018-08-28 09:06:03', 'Hadir', 107, ''),
(1987, 1079, 1, 40, 2, '6593784071', '2018-08-28 09:06:03', 'Hadir', 107, ''),
(1988, 1080, 1, 40, 2, '6593784071', '2018-08-28 09:06:03', 'Hadir', 107, ''),
(1989, 1081, 1, 40, 2, '6593784071', '2018-08-28 09:06:03', 'Hadir', 107, ''),
(1990, 1082, 1, 40, 2, '6593784071', '2018-08-28 09:06:03', 'Hadir', 107, ''),
(1991, 1083, 1, 40, 2, '6593784071', '2018-08-28 09:06:03', 'Hadir', 107, ''),
(1992, 1426, 1, 40, 2, '6593784071', '2018-08-28 09:06:03', 'Hadir', 107, ''),
(1993, 1086, 1, 40, 2, '6593784071', '2018-08-28 09:06:03', 'Hadir', 107, ''),
(1994, 1087, 1, 40, 2, '6593784071', '2018-08-28 09:06:03', 'Hadir', 107, ''),
(1995, 1088, 1, 40, 2, '6593784071', '2018-08-28 09:06:03', 'Hadir', 107, ''),
(1996, 1089, 1, 40, 2, '6593784071', '2018-08-28 09:06:03', 'Hadir', 107, ''),
(1997, 1090, 1, 40, 2, '6593784071', '2018-08-28 09:06:03', 'Hadir', 107, ''),
(1998, 1105, 1, 40, 2, '6593784071', '2018-08-28 09:06:03', 'Alfa', 107, ''),
(1999, 1091, 1, 40, 2, '6593784071', '2018-08-28 09:06:03', 'Hadir', 107, ''),
(2000, 1092, 1, 40, 2, '6593784071', '2018-08-28 09:06:03', 'Hadir', 107, ''),
(2001, 1429, 1, 40, 2, '6593784071', '2018-08-28 09:06:03', 'Alfa', 107, ''),
(2002, 1095, 1, 40, 2, '6593784071', '2018-08-28 09:06:03', 'Hadir', 107, ''),
(2003, 1428, 1, 40, 2, '6593784071', '2018-08-28 09:06:03', 'Hadir', 107, ''),
(2004, 1097, 1, 40, 2, '6593784071', '2018-08-28 09:06:03', 'Hadir', 107, ''),
(2005, 1098, 1, 40, 2, '6593784071', '2018-08-28 09:06:03', 'Hadir', 107, ''),
(2006, 1099, 1, 40, 2, '6593784071', '2018-08-28 09:06:03', 'Hadir', 107, ''),
(2007, 1100, 1, 40, 2, '6593784071', '2018-08-28 09:06:03', 'Hadir', 107, ''),
(2008, 1430, 1, 40, 2, '6593784071', '2018-08-28 09:06:03', 'Hadir', 107, ''),
(2009, 1103, 1, 40, 2, '6593784071', '2018-08-28 09:06:03', 'Hadir', 107, ''),
(2010, 1104, 1, 40, 2, '6593784071', '2018-08-28 09:06:03', 'Hadir', 107, ''),
(2011, 1263, 1, 44, 4, '6593784071', '2018-08-28 13:39:36', 'Alfa', 108, ''),
(2012, 1264, 1, 44, 4, '6593784071', '2018-08-28 13:39:36', 'Hadir', 108, ''),
(2013, 1265, 1, 44, 4, '6593784071', '2018-08-28 13:39:36', 'Hadir', 108, ''),
(2014, 1266, 1, 44, 4, '6593784071', '2018-08-28 13:39:36', 'Hadir', 108, ''),
(2015, 1267, 1, 44, 4, '6593784071', '2018-08-28 13:39:36', 'Hadir', 108, ''),
(2016, 1269, 1, 44, 4, '6593784071', '2018-08-28 13:39:36', 'Hadir', 108, ''),
(2017, 1270, 1, 44, 4, '6593784071', '2018-08-28 13:39:36', 'Hadir', 108, ''),
(2018, 1271, 1, 44, 4, '6593784071', '2018-08-28 13:39:36', 'Hadir', 108, ''),
(2019, 1272, 1, 44, 4, '6593784071', '2018-08-28 13:39:36', 'Hadir', 108, ''),
(2020, 1273, 1, 44, 4, '6593784071', '2018-08-28 13:39:36', 'Hadir', 108, ''),
(2021, 1274, 1, 44, 4, '6593784071', '2018-08-28 13:39:36', 'Hadir', 108, ''),
(2022, 1275, 1, 44, 4, '6593784071', '2018-08-28 13:39:36', 'Hadir', 108, ''),
(2023, 1276, 1, 44, 4, '6593784071', '2018-08-28 13:39:36', 'Hadir', 108, ''),
(2024, 1278, 1, 44, 4, '6593784071', '2018-08-28 13:39:36', 'Hadir', 108, ''),
(2025, 1279, 1, 44, 4, '6593784071', '2018-08-28 13:39:36', 'Alfa', 108, ''),
(2026, 1280, 1, 44, 4, '6593784071', '2018-08-28 13:39:36', 'Hadir', 108, ''),
(2027, 1281, 1, 44, 4, '6593784071', '2018-08-28 13:39:36', 'Hadir', 108, ''),
(2028, 1282, 1, 44, 4, '6593784071', '2018-08-28 13:39:36', 'Hadir', 108, ''),
(2029, 1283, 1, 44, 4, '6593784071', '2018-08-28 13:39:36', 'Hadir', 108, ''),
(2030, 1284, 1, 44, 4, '6593784071', '2018-08-28 13:39:36', 'Hadir', 108, ''),
(2031, 1285, 1, 44, 4, '6593784071', '2018-08-28 13:39:36', 'Hadir', 108, ''),
(2032, 1286, 1, 44, 4, '6593784071', '2018-08-28 13:39:36', 'Hadir', 108, ''),
(2033, 1287, 1, 44, 4, '6593784071', '2018-08-28 13:39:36', 'Hadir', 108, ''),
(2034, 1288, 1, 44, 4, '6593784071', '2018-08-28 13:39:36', 'Hadir', 108, ''),
(2035, 1289, 1, 44, 4, '6593784071', '2018-08-28 13:39:36', 'Hadir', 108, ''),
(2036, 1290, 1, 44, 4, '6593784071', '2018-08-28 13:39:36', 'Alfa', 108, ''),
(2037, 1291, 1, 44, 4, '6593784071', '2018-08-28 13:39:36', 'Hadir', 108, ''),
(2038, 1292, 1, 44, 4, '6593784071', '2018-08-28 13:39:36', 'Hadir', 108, ''),
(2039, 1293, 1, 44, 4, '6593784071', '2018-08-28 13:39:36', 'Hadir', 108, ''),
(2040, 1294, 1, 44, 4, '6593784071', '2018-08-28 13:39:36', 'Hadir', 108, ''),
(2041, 1295, 1, 44, 4, '6593784071', '2018-08-28 13:39:36', 'Hadir', 108, ''),
(2042, 1296, 1, 44, 4, '6593784071', '2018-08-28 13:39:36', 'Hadir', 108, ''),
(2043, 1297, 1, 44, 4, '6593784071', '2018-08-28 13:39:36', 'Hadir', 108, ''),
(2044, 1298, 1, 44, 4, '6593784071', '2018-08-28 13:39:36', 'Hadir', 108, ''),
(2045, 1299, 1, 44, 4, '6593784071', '2018-08-28 13:39:36', 'Hadir', 108, ''),
(2046, 691, 1, 41, 2, '6593784071', '2018-08-28 13:46:49', 'Hadir', 109, ''),
(2047, 692, 1, 41, 2, '6593784071', '2018-08-28 13:46:49', 'Hadir', 109, ''),
(2048, 693, 1, 41, 2, '6593784071', '2018-08-28 13:46:49', 'Hadir', 109, ''),
(2049, 694, 1, 41, 2, '6593784071', '2018-08-28 13:46:49', 'Hadir', 109, ''),
(2050, 695, 1, 41, 2, '6593784071', '2018-08-28 13:46:49', 'Hadir', 109, ''),
(2051, 696, 1, 41, 2, '6593784071', '2018-08-28 13:46:49', 'Hadir', 109, ''),
(2052, 697, 1, 41, 2, '6593784071', '2018-08-28 13:46:49', 'Hadir', 109, ''),
(2053, 698, 1, 41, 2, '6593784071', '2018-08-28 13:46:49', 'Hadir', 109, ''),
(2054, 699, 1, 41, 2, '6593784071', '2018-08-28 13:46:49', 'Hadir', 109, ''),
(2055, 700, 1, 41, 2, '6593784071', '2018-08-28 13:46:49', 'Hadir', 109, ''),
(2056, 701, 1, 41, 2, '6593784071', '2018-08-28 13:46:49', 'Hadir', 109, ''),
(2057, 702, 1, 41, 2, '6593784071', '2018-08-28 13:46:49', 'Hadir', 109, ''),
(2058, 703, 1, 41, 2, '6593784071', '2018-08-28 13:46:49', 'Hadir', 109, ''),
(2059, 704, 1, 41, 2, '6593784071', '2018-08-28 13:46:49', 'Hadir', 109, ''),
(2060, 705, 1, 41, 2, '6593784071', '2018-08-28 13:46:49', 'Hadir', 109, ''),
(2061, 706, 1, 41, 2, '6593784071', '2018-08-28 13:46:49', 'Hadir', 109, ''),
(2062, 707, 1, 41, 2, '6593784071', '2018-08-28 13:46:49', 'Hadir', 109, ''),
(2063, 708, 1, 41, 2, '6593784071', '2018-08-28 13:46:49', 'Hadir', 109, ''),
(2064, 709, 1, 41, 2, '6593784071', '2018-08-28 13:46:49', 'Hadir', 109, ''),
(2065, 710, 1, 41, 2, '6593784071', '2018-08-28 13:46:49', 'Hadir', 109, ''),
(2066, 711, 1, 41, 2, '6593784071', '2018-08-28 13:46:49', 'Hadir', 109, ''),
(2067, 712, 1, 41, 2, '6593784071', '2018-08-28 13:46:49', 'Hadir', 109, ''),
(2068, 713, 1, 41, 2, '6593784071', '2018-08-28 13:46:49', 'Hadir', 109, ''),
(2069, 714, 1, 41, 2, '6593784071', '2018-08-28 13:46:49', 'Hadir', 109, ''),
(2070, 715, 1, 41, 2, '6593784071', '2018-08-28 13:46:49', 'Hadir', 109, ''),
(2071, 716, 1, 41, 2, '6593784071', '2018-08-28 13:46:49', 'Hadir', 109, ''),
(2072, 717, 1, 41, 2, '6593784071', '2018-08-28 13:46:49', 'Hadir', 109, ''),
(2073, 718, 1, 41, 2, '6593784071', '2018-08-28 13:46:49', 'Hadir', 109, ''),
(2074, 719, 1, 41, 2, '6593784071', '2018-08-28 13:46:49', 'Hadir', 109, ''),
(2075, 720, 1, 41, 2, '6593784071', '2018-08-28 13:46:49', 'Hadir', 109, ''),
(2076, 721, 1, 41, 2, '6593784071', '2018-08-28 13:46:49', 'Hadir', 109, ''),
(2077, 722, 1, 41, 2, '6593784071', '2018-08-28 13:46:49', 'Hadir', 109, ''),
(2078, 1447, 1, 41, 2, '6593784071', '2018-08-28 13:46:49', 'Hadir', 109, ''),
(2079, 724, 1, 41, 2, '6593784071', '2018-08-28 13:46:49', 'Hadir', 109, ''),
(2080, 725, 1, 41, 2, '6593784071', '2018-08-28 13:46:49', 'Hadir', 109, ''),
(2081, 726, 1, 41, 2, '6593784071', '2018-08-28 13:46:49', 'Hadir', 109, ''),
(2082, 502, 1, 37, 1, '0839758659300072', '2018-08-30 08:56:29', 'Hadir', 484, ''),
(2083, 503, 1, 37, 1, '0839758659300072', '2018-08-30 08:56:29', 'Hadir', 484, ''),
(2084, 504, 1, 37, 1, '0839758659300072', '2018-08-30 08:56:29', 'Hadir', 484, ''),
(2085, 505, 1, 37, 1, '0839758659300072', '2018-08-30 08:56:29', 'Hadir', 484, ''),
(2086, 506, 1, 37, 1, '0839758659300072', '2018-08-30 08:56:29', 'Hadir', 484, ''),
(2087, 507, 1, 37, 1, '0839758659300072', '2018-08-30 08:56:29', 'Hadir', 484, ''),
(2088, 508, 1, 37, 1, '0839758659300072', '2018-08-30 08:56:29', 'Hadir', 484, ''),
(2089, 509, 1, 37, 1, '0839758659300072', '2018-08-30 08:56:29', 'Hadir', 484, ''),
(2090, 510, 1, 37, 1, '0839758659300072', '2018-08-30 08:56:29', 'Hadir', 484, ''),
(2091, 511, 1, 37, 1, '0839758659300072', '2018-08-30 08:56:29', 'Hadir', 484, ''),
(2092, 512, 1, 37, 1, '0839758659300072', '2018-08-30 08:56:29', 'Hadir', 484, ''),
(2093, 513, 1, 37, 1, '0839758659300072', '2018-08-30 08:56:29', 'Hadir', 484, ''),
(2094, 514, 1, 37, 1, '0839758659300072', '2018-08-30 08:56:29', 'Hadir', 484, ''),
(2095, 515, 1, 37, 1, '0839758659300072', '2018-08-30 08:56:29', 'Hadir', 484, ''),
(2096, 516, 1, 37, 1, '0839758659300072', '2018-08-30 08:56:29', 'Hadir', 484, ''),
(2097, 517, 1, 37, 1, '0839758659300072', '2018-08-30 08:56:29', 'Hadir', 484, ''),
(2098, 518, 1, 37, 1, '0839758659300072', '2018-08-30 08:56:29', 'Hadir', 484, ''),
(2099, 519, 1, 37, 1, '0839758659300072', '2018-08-30 08:56:29', 'Hadir', 484, ''),
(2100, 520, 1, 37, 1, '0839758659300072', '2018-08-30 08:56:29', 'Hadir', 484, ''),
(2101, 521, 1, 37, 1, '0839758659300072', '2018-08-30 08:56:29', 'Hadir', 484, ''),
(2102, 522, 1, 37, 1, '0839758659300072', '2018-08-30 08:56:29', 'Hadir', 484, ''),
(2103, 523, 1, 37, 1, '0839758659300072', '2018-08-30 08:56:29', 'Alfa', 484, 'Tanpa Keterangan'),
(2104, 524, 1, 37, 1, '0839758659300072', '2018-08-30 08:56:29', 'Hadir', 484, ''),
(2105, 525, 1, 37, 1, '0839758659300072', '2018-08-30 08:56:29', 'Hadir', 484, ''),
(2106, 526, 1, 37, 1, '0839758659300072', '2018-08-30 08:56:29', 'Hadir', 484, ''),
(2107, 527, 1, 37, 1, '0839758659300072', '2018-08-30 08:56:29', 'Hadir', 484, ''),
(2108, 528, 1, 37, 1, '0839758659300072', '2018-08-30 08:56:29', 'Hadir', 484, ''),
(2109, 529, 1, 37, 1, '0839758659300072', '2018-08-30 08:56:29', 'Hadir', 484, ''),
(2110, 553, 1, 37, 1, '0839758659300072', '2018-08-30 08:56:29', 'Hadir', 484, ''),
(2111, 555, 1, 37, 1, '0839758659300072', '2018-08-30 08:56:29', 'Hadir', 484, ''),
(2112, 580, 1, 37, 1, '0839758659300072', '2018-08-30 08:56:29', 'Hadir', 484, ''),
(2113, 581, 1, 37, 1, '0839758659300072', '2018-08-30 08:56:29', 'Hadir', 484, ''),
(2114, 1445, 1, 37, 1, '0839758659300072', '2018-08-30 08:56:29', 'Hadir', 484, ''),
(2115, 585, 1, 37, 1, '0839758659300072', '2018-08-30 08:56:29', 'Hadir', 484, ''),
(2116, 587, 1, 37, 1, '0839758659300072', '2018-08-30 08:56:29', 'Hadir', 484, ''),
(2117, 590, 1, 37, 1, '0839758659300072', '2018-08-30 08:56:29', 'Hadir', 484, ''),
(2118, 569, 1, 17, 4, '6435743646300063', '2018-08-30 20:41:23', 'Hadir', 524, ''),
(2119, 570, 1, 17, 4, '6435743646300063', '2018-08-30 20:41:23', 'Alfa', 524, ''),
(2120, 571, 1, 17, 4, '6435743646300063', '2018-08-30 20:41:23', 'Hadir', 524, ''),
(2121, 572, 1, 17, 4, '6435743646300063', '2018-08-30 20:41:23', 'Alfa', 524, ''),
(2122, 573, 1, 17, 4, '6435743646300063', '2018-08-30 20:41:23', 'Alfa', 524, ''),
(2123, 574, 1, 17, 4, '6435743646300063', '2018-08-30 20:41:23', 'Hadir', 524, ''),
(2124, 575, 1, 17, 4, '6435743646300063', '2018-08-30 20:41:23', 'Hadir', 524, ''),
(2125, 576, 1, 17, 4, '6435743646300063', '2018-08-30 20:41:23', 'Alfa', 524, ''),
(2126, 577, 1, 17, 4, '6435743646300063', '2018-08-30 20:41:23', 'Sakit', 524, ''),
(2127, 578, 1, 17, 4, '6435743646300063', '2018-08-30 20:41:23', 'Hadir', 524, ''),
(2128, 579, 1, 17, 4, '6435743646300063', '2018-08-30 20:41:23', 'Alfa', 524, ''),
(2129, 582, 1, 17, 4, '6435743646300063', '2018-08-30 20:41:23', 'Alfa', 524, ''),
(2130, 584, 1, 17, 4, '6435743646300063', '2018-08-30 20:41:23', 'Hadir', 524, ''),
(2131, 586, 1, 17, 4, '6435743646300063', '2018-08-30 20:41:23', 'Hadir', 524, ''),
(2132, 588, 1, 17, 4, '6435743646300063', '2018-08-30 20:41:23', 'Alfa', 524, ''),
(2133, 589, 1, 17, 4, '6435743646300063', '2018-08-30 20:41:23', 'Alfa', 524, ''),
(2134, 1422, 1, 17, 4, '6435743646300063', '2018-08-30 20:41:23', 'Hadir', 524, ''),
(2135, 1423, 1, 17, 4, '6435743646300063', '2018-08-30 20:41:23', 'Alfa', 524, ''),
(2136, 1424, 1, 17, 4, '6435743646300063', '2018-08-30 20:41:23', 'Alfa', 524, ''),
(2137, 597, 1, 17, 4, '6435743646300063', '2018-08-30 20:41:23', 'Alfa', 524, ''),
(2138, 598, 1, 17, 4, '6435743646300063', '2018-08-30 20:41:23', 'Hadir', 524, ''),
(2139, 600, 1, 17, 4, '6435743646300063', '2018-08-30 20:41:23', 'Hadir', 524, ''),
(2140, 602, 1, 17, 4, '6435743646300063', '2018-08-30 20:41:23', 'Hadir', 524, ''),
(2141, 604, 1, 17, 4, '6435743646300063', '2018-08-30 20:41:23', 'Hadir', 524, ''),
(2142, 606, 1, 17, 4, '6435743646300063', '2018-08-30 20:41:23', 'Alfa', 524, ''),
(2143, 607, 1, 17, 4, '6435743646300063', '2018-08-30 20:41:23', 'Hadir', 524, ''),
(2144, 609, 1, 17, 4, '6435743646300063', '2018-08-30 20:41:23', 'Hadir', 524, ''),
(2145, 611, 1, 17, 4, '6435743646300063', '2018-08-30 20:41:23', 'Hadir', 524, ''),
(2146, 613, 1, 17, 4, '6435743646300063', '2018-08-30 20:41:23', 'Hadir', 524, ''),
(2147, 616, 1, 17, 4, '6435743646300063', '2018-08-30 20:41:23', 'Hadir', 524, ''),
(2148, 1106, 1, 39, 2, '6593784071', '2018-09-03 12:53:52', 'Hadir', 105, ''),
(2149, 1107, 1, 39, 2, '6593784071', '2018-09-03 12:53:52', 'Hadir', 105, ''),
(2150, 1108, 1, 39, 2, '6593784071', '2018-09-03 12:53:52', 'Hadir', 105, ''),
(2151, 1109, 1, 39, 2, '6593784071', '2018-09-03 12:53:52', 'Hadir', 105, ''),
(2152, 1110, 1, 39, 2, '6593784071', '2018-09-03 12:53:52', 'Hadir', 105, ''),
(2153, 1111, 1, 39, 2, '6593784071', '2018-09-03 12:53:52', 'Hadir', 105, ''),
(2154, 1112, 1, 39, 2, '6593784071', '2018-09-03 12:53:52', 'Hadir', 105, ''),
(2155, 1113, 1, 39, 2, '6593784071', '2018-09-03 12:53:52', 'Hadir', 105, ''),
(2156, 1114, 1, 39, 2, '6593784071', '2018-09-03 12:53:52', 'Hadir', 105, ''),
(2157, 1115, 1, 39, 2, '6593784071', '2018-09-03 12:53:52', 'Hadir', 105, ''),
(2158, 1116, 1, 39, 2, '6593784071', '2018-09-03 12:53:52', 'Hadir', 105, ''),
(2159, 1117, 1, 39, 2, '6593784071', '2018-09-03 12:53:52', 'Hadir', 105, ''),
(2160, 1118, 1, 39, 2, '6593784071', '2018-09-03 12:53:52', 'Hadir', 105, ''),
(2161, 1119, 1, 39, 2, '6593784071', '2018-09-03 12:53:52', 'Hadir', 105, ''),
(2162, 1120, 1, 39, 2, '6593784071', '2018-09-03 12:53:52', 'Hadir', 105, ''),
(2163, 1121, 1, 39, 2, '6593784071', '2018-09-03 12:53:52', 'Hadir', 105, ''),
(2164, 1122, 1, 39, 2, '6593784071', '2018-09-03 12:53:52', 'Alfa', 105, ''),
(2165, 1123, 1, 39, 2, '6593784071', '2018-09-03 12:53:52', 'Hadir', 105, ''),
(2166, 1124, 1, 39, 2, '6593784071', '2018-09-03 12:53:52', 'Hadir', 105, ''),
(2167, 1125, 1, 39, 2, '6593784071', '2018-09-03 12:53:52', 'Hadir', 105, ''),
(2168, 1126, 1, 39, 2, '6593784071', '2018-09-03 12:53:52', 'Hadir', 105, ''),
(2169, 1127, 1, 39, 2, '6593784071', '2018-09-03 12:53:52', 'Hadir', 105, ''),
(2170, 1128, 1, 39, 2, '6593784071', '2018-09-03 12:53:52', 'Hadir', 105, ''),
(2171, 1129, 1, 39, 2, '6593784071', '2018-09-03 12:53:52', 'Hadir', 105, ''),
(2172, 1130, 1, 39, 2, '6593784071', '2018-09-03 12:53:52', 'Hadir', 105, ''),
(2173, 1131, 1, 39, 2, '6593784071', '2018-09-03 12:53:52', 'Hadir', 105, ''),
(2174, 1132, 1, 39, 2, '6593784071', '2018-09-03 12:53:52', 'Hadir', 105, ''),
(2175, 1133, 1, 39, 2, '6593784071', '2018-09-03 12:53:52', 'Alfa', 105, ''),
(2176, 1134, 1, 39, 2, '6593784071', '2018-09-03 12:53:52', 'Hadir', 105, ''),
(2177, 1135, 1, 39, 2, '6593784071', '2018-09-03 12:53:52', 'Hadir', 105, ''),
(2178, 1136, 1, 39, 2, '6593784071', '2018-09-03 12:53:52', 'Hadir', 105, ''),
(2179, 1137, 1, 39, 2, '6593784071', '2018-09-03 12:53:52', 'Hadir', 105, ''),
(2180, 1138, 1, 39, 2, '6593784071', '2018-09-03 12:53:52', 'Hadir', 105, ''),
(2181, 1139, 1, 39, 2, '6593784071', '2018-09-03 12:53:52', 'Hadir', 105, ''),
(2182, 1140, 1, 39, 2, '6593784071', '2018-09-03 12:53:52', 'Hadir', 105, ''),
(2183, 691, 1, 41, 2, '6593784071', '2018-09-04 13:17:09', 'Sakit', 109, ''),
(2184, 692, 1, 41, 2, '6593784071', '2018-09-04 13:17:09', 'Sakit', 109, ''),
(2185, 693, 1, 41, 2, '6593784071', '2018-09-04 13:17:09', 'Hadir', 109, ''),
(2186, 694, 1, 41, 2, '6593784071', '2018-09-04 13:17:09', 'Hadir', 109, ''),
(2187, 695, 1, 41, 2, '6593784071', '2018-09-04 13:17:09', 'Hadir', 109, ''),
(2188, 696, 1, 41, 2, '6593784071', '2018-09-04 13:17:09', 'Hadir', 109, ''),
(2189, 697, 1, 41, 2, '6593784071', '2018-09-04 13:17:09', 'Alfa', 109, ''),
(2190, 698, 1, 41, 2, '6593784071', '2018-09-04 13:17:09', 'Hadir', 109, ''),
(2191, 699, 1, 41, 2, '6593784071', '2018-09-04 13:17:09', 'Hadir', 109, ''),
(2192, 700, 1, 41, 2, '6593784071', '2018-09-04 13:17:09', 'Hadir', 109, ''),
(2193, 701, 1, 41, 2, '6593784071', '2018-09-04 13:17:09', 'Hadir', 109, ''),
(2194, 702, 1, 41, 2, '6593784071', '2018-09-04 13:17:09', 'Hadir', 109, ''),
(2195, 703, 1, 41, 2, '6593784071', '2018-09-04 13:17:09', 'Hadir', 109, ''),
(2196, 704, 1, 41, 2, '6593784071', '2018-09-04 13:17:09', 'Hadir', 109, ''),
(2197, 705, 1, 41, 2, '6593784071', '2018-09-04 13:17:09', 'Hadir', 109, ''),
(2198, 706, 1, 41, 2, '6593784071', '2018-09-04 13:17:09', 'Hadir', 109, ''),
(2199, 707, 1, 41, 2, '6593784071', '2018-09-04 13:17:09', 'Hadir', 109, ''),
(2200, 708, 1, 41, 2, '6593784071', '2018-09-04 13:17:09', 'Hadir', 109, ''),
(2201, 709, 1, 41, 2, '6593784071', '2018-09-04 13:17:09', 'Hadir', 109, ''),
(2202, 710, 1, 41, 2, '6593784071', '2018-09-04 13:17:09', 'Hadir', 109, ''),
(2203, 711, 1, 41, 2, '6593784071', '2018-09-04 13:17:09', 'Alfa', 109, ''),
(2204, 712, 1, 41, 2, '6593784071', '2018-09-04 13:17:09', 'Hadir', 109, ''),
(2205, 713, 1, 41, 2, '6593784071', '2018-09-04 13:17:09', 'Hadir', 109, ''),
(2206, 714, 1, 41, 2, '6593784071', '2018-09-04 13:17:09', 'Hadir', 109, ''),
(2207, 715, 1, 41, 2, '6593784071', '2018-09-04 13:17:09', 'Hadir', 109, ''),
(2208, 716, 1, 41, 2, '6593784071', '2018-09-04 13:17:09', 'Hadir', 109, ''),
(2209, 717, 1, 41, 2, '6593784071', '2018-09-04 13:17:09', 'Hadir', 109, ''),
(2210, 718, 1, 41, 2, '6593784071', '2018-09-04 13:17:09', 'Hadir', 109, ''),
(2211, 719, 1, 41, 2, '6593784071', '2018-09-04 13:17:09', 'Hadir', 109, ''),
(2212, 720, 1, 41, 2, '6593784071', '2018-09-04 13:17:09', 'Hadir', 109, ''),
(2213, 721, 1, 41, 2, '6593784071', '2018-09-04 13:17:09', 'Hadir', 109, ''),
(2214, 722, 1, 41, 2, '6593784071', '2018-09-04 13:17:09', 'Hadir', 109, ''),
(2215, 1447, 1, 41, 2, '6593784071', '2018-09-04 13:17:09', 'Hadir', 109, ''),
(2216, 724, 1, 41, 2, '6593784071', '2018-09-04 13:17:09', 'Hadir', 109, ''),
(2217, 725, 1, 41, 2, '6593784071', '2018-09-04 13:17:09', 'Hadir', 109, ''),
(2218, 726, 1, 41, 2, '6593784071', '2018-09-04 13:17:09', 'Hadir', 109, ''),
(2219, 727, 1, 40, 2, '6593784071', '2018-09-04 13:23:27', 'Hadir', 107, ''),
(2220, 728, 1, 40, 2, '6593784071', '2018-09-04 13:23:27', 'Hadir', 107, ''),
(2221, 729, 1, 40, 2, '6593784071', '2018-09-04 13:23:27', 'Hadir', 107, ''),
(2222, 730, 1, 40, 2, '6593784071', '2018-09-04 13:23:27', 'Hadir', 107, ''),
(2223, 731, 1, 40, 2, '6593784071', '2018-09-04 13:23:27', 'Hadir', 107, ''),
(2224, 732, 1, 40, 2, '6593784071', '2018-09-04 13:23:27', 'Hadir', 107, ''),
(2225, 733, 1, 40, 2, '6593784071', '2018-09-04 13:23:27', 'Hadir', 107, ''),
(2226, 734, 1, 40, 2, '6593784071', '2018-09-04 13:23:27', 'Hadir', 107, ''),
(2227, 1075, 1, 40, 2, '6593784071', '2018-09-04 13:23:27', 'Hadir', 107, ''),
(2228, 1076, 1, 40, 2, '6593784071', '2018-09-04 13:23:27', 'Hadir', 107, ''),
(2229, 1078, 1, 40, 2, '6593784071', '2018-09-04 13:23:27', 'Hadir', 107, ''),
(2230, 1077, 1, 40, 2, '6593784071', '2018-09-04 13:23:27', 'Hadir', 107, ''),
(2231, 1079, 1, 40, 2, '6593784071', '2018-09-04 13:23:27', 'Hadir', 107, ''),
(2232, 1080, 1, 40, 2, '6593784071', '2018-09-04 13:23:27', 'Hadir', 107, ''),
(2233, 1081, 1, 40, 2, '6593784071', '2018-09-04 13:23:27', 'Hadir', 107, ''),
(2234, 1082, 1, 40, 2, '6593784071', '2018-09-04 13:23:27', 'Hadir', 107, ''),
(2235, 1083, 1, 40, 2, '6593784071', '2018-09-04 13:23:27', 'Hadir', 107, ''),
(2236, 1426, 1, 40, 2, '6593784071', '2018-09-04 13:23:27', 'Hadir', 107, ''),
(2237, 1086, 1, 40, 2, '6593784071', '2018-09-04 13:23:27', 'Hadir', 107, ''),
(2238, 1087, 1, 40, 2, '6593784071', '2018-09-04 13:23:27', 'Hadir', 107, ''),
(2239, 1088, 1, 40, 2, '6593784071', '2018-09-04 13:23:27', 'Hadir', 107, ''),
(2240, 1089, 1, 40, 2, '6593784071', '2018-09-04 13:23:27', 'Hadir', 107, ''),
(2241, 1090, 1, 40, 2, '6593784071', '2018-09-04 13:23:27', 'Hadir', 107, ''),
(2242, 1105, 1, 40, 2, '6593784071', '2018-09-04 13:23:27', 'Alfa', 107, ''),
(2243, 1091, 1, 40, 2, '6593784071', '2018-09-04 13:23:27', 'Hadir', 107, ''),
(2244, 1092, 1, 40, 2, '6593784071', '2018-09-04 13:23:27', 'Hadir', 107, ''),
(2245, 1429, 1, 40, 2, '6593784071', '2018-09-04 13:23:27', 'Hadir', 107, ''),
(2246, 1095, 1, 40, 2, '6593784071', '2018-09-04 13:23:27', 'Hadir', 107, ''),
(2247, 1428, 1, 40, 2, '6593784071', '2018-09-04 13:23:27', 'Alfa', 107, ''),
(2248, 1097, 1, 40, 2, '6593784071', '2018-09-04 13:23:27', 'Hadir', 107, ''),
(2249, 1098, 1, 40, 2, '6593784071', '2018-09-04 13:23:27', 'Hadir', 107, ''),
(2250, 1099, 1, 40, 2, '6593784071', '2018-09-04 13:23:27', 'Hadir', 107, ''),
(2251, 1100, 1, 40, 2, '6593784071', '2018-09-04 13:23:27', 'Hadir', 107, ''),
(2252, 1430, 1, 40, 2, '6593784071', '2018-09-04 13:23:27', 'Hadir', 107, ''),
(2253, 1103, 1, 40, 2, '6593784071', '2018-09-04 13:23:27', 'Hadir', 107, ''),
(2254, 1104, 1, 40, 2, '6593784071', '2018-09-04 13:23:27', 'Hadir', 107, ''),
(2255, 1263, 1, 44, 4, '6593784071', '2018-09-04 13:27:26', 'Hadir', 108, ''),
(2256, 1264, 1, 44, 4, '6593784071', '2018-09-04 13:27:26', 'Alfa', 108, ''),
(2257, 1265, 1, 44, 4, '6593784071', '2018-09-04 13:27:26', 'Hadir', 108, ''),
(2258, 1266, 1, 44, 4, '6593784071', '2018-09-04 13:27:26', 'Alfa', 108, ''),
(2259, 1267, 1, 44, 4, '6593784071', '2018-09-04 13:27:26', 'Hadir', 108, ''),
(2260, 1269, 1, 44, 4, '6593784071', '2018-09-04 13:27:26', 'Hadir', 108, ''),
(2261, 1270, 1, 44, 4, '6593784071', '2018-09-04 13:27:26', 'Hadir', 108, ''),
(2262, 1271, 1, 44, 4, '6593784071', '2018-09-04 13:27:26', 'Hadir', 108, ''),
(2263, 1272, 1, 44, 4, '6593784071', '2018-09-04 13:27:26', 'Hadir', 108, ''),
(2264, 1273, 1, 44, 4, '6593784071', '2018-09-04 13:27:26', 'Hadir', 108, ''),
(2265, 1274, 1, 44, 4, '6593784071', '2018-09-04 13:27:26', 'Hadir', 108, ''),
(2266, 1275, 1, 44, 4, '6593784071', '2018-09-04 13:27:26', 'Hadir', 108, ''),
(2267, 1276, 1, 44, 4, '6593784071', '2018-09-04 13:27:26', 'Hadir', 108, ''),
(2268, 1278, 1, 44, 4, '6593784071', '2018-09-04 13:27:26', 'Hadir', 108, ''),
(2269, 1279, 1, 44, 4, '6593784071', '2018-09-04 13:27:26', 'Hadir', 108, ''),
(2270, 1280, 1, 44, 4, '6593784071', '2018-09-04 13:27:26', 'Hadir', 108, ''),
(2271, 1281, 1, 44, 4, '6593784071', '2018-09-04 13:27:26', 'Hadir', 108, ''),
(2272, 1282, 1, 44, 4, '6593784071', '2018-09-04 13:27:26', 'Hadir', 108, ''),
(2273, 1283, 1, 44, 4, '6593784071', '2018-09-04 13:27:26', 'Hadir', 108, ''),
(2274, 1284, 1, 44, 4, '6593784071', '2018-09-04 13:27:26', 'Hadir', 108, ''),
(2275, 1285, 1, 44, 4, '6593784071', '2018-09-04 13:27:26', 'Hadir', 108, ''),
(2276, 1286, 1, 44, 4, '6593784071', '2018-09-04 13:27:26', 'Hadir', 108, ''),
(2277, 1287, 1, 44, 4, '6593784071', '2018-09-04 13:27:26', 'Hadir', 108, ''),
(2278, 1288, 1, 44, 4, '6593784071', '2018-09-04 13:27:26', 'Alfa', 108, ''),
(2279, 1289, 1, 44, 4, '6593784071', '2018-09-04 13:27:26', 'Hadir', 108, ''),
(2280, 1290, 1, 44, 4, '6593784071', '2018-09-04 13:27:26', 'Hadir', 108, ''),
(2281, 1291, 1, 44, 4, '6593784071', '2018-09-04 13:27:26', 'Hadir', 108, ''),
(2282, 1292, 1, 44, 4, '6593784071', '2018-09-04 13:27:26', 'Hadir', 108, ''),
(2283, 1293, 1, 44, 4, '6593784071', '2018-09-04 13:27:26', 'Alfa', 108, ''),
(2284, 1294, 1, 44, 4, '6593784071', '2018-09-04 13:27:26', 'Hadir', 108, ''),
(2285, 1295, 1, 44, 4, '6593784071', '2018-09-04 13:27:26', 'Hadir', 108, ''),
(2286, 1296, 1, 44, 4, '6593784071', '2018-09-04 13:27:26', 'Hadir', 108, ''),
(2287, 1297, 1, 44, 4, '6593784071', '2018-09-04 13:27:26', 'Hadir', 108, ''),
(2288, 1298, 1, 44, 4, '6593784071', '2018-09-04 13:27:26', 'Hadir', 108, ''),
(2289, 1299, 1, 44, 4, '6593784071', '2018-09-04 13:27:26', 'Hadir', 108, ''),
(2290, 1431, 1, 42, 4, '6593784071', '2018-09-07 10:35:42', 'Hadir', 110, ''),
(2291, 1432, 1, 42, 4, '6593784071', '2018-09-07 10:35:42', 'Hadir', 110, ''),
(2292, 1433, 1, 42, 4, '6593784071', '2018-09-07 10:35:42', 'Hadir', 110, ''),
(2293, 1434, 1, 42, 4, '6593784071', '2018-09-07 10:35:42', 'Hadir', 110, ''),
(2294, 1435, 1, 42, 4, '6593784071', '2018-09-07 10:35:42', 'Hadir', 110, ''),
(2295, 1436, 1, 42, 4, '6593784071', '2018-09-07 10:35:42', 'Hadir', 110, ''),
(2296, 1437, 1, 42, 4, '6593784071', '2018-09-07 10:35:42', 'Hadir', 110, ''),
(2297, 1438, 1, 42, 4, '6593784071', '2018-09-07 10:35:42', 'Hadir', 110, ''),
(2298, 1224, 1, 42, 4, '6593784071', '2018-09-07 10:35:42', 'Hadir', 110, ''),
(2299, 1226, 1, 42, 4, '6593784071', '2018-09-07 10:35:42', 'Alfa', 110, ''),
(2300, 1227, 1, 42, 4, '6593784071', '2018-09-07 10:35:42', 'Hadir', 110, ''),
(2301, 1228, 1, 42, 4, '6593784071', '2018-09-07 10:35:42', 'Alfa', 110, ''),
(2302, 1229, 1, 42, 4, '6593784071', '2018-09-07 10:35:42', 'Hadir', 110, ''),
(2303, 1230, 1, 42, 4, '6593784071', '2018-09-07 10:35:42', 'Hadir', 110, ''),
(2304, 1231, 1, 42, 4, '6593784071', '2018-09-07 10:35:42', 'Hadir', 110, ''),
(2305, 1232, 1, 42, 4, '6593784071', '2018-09-07 10:35:42', 'Hadir', 110, ''),
(2306, 1233, 1, 42, 4, '6593784071', '2018-09-07 10:35:42', 'Hadir', 110, ''),
(2307, 1234, 1, 42, 4, '6593784071', '2018-09-07 10:35:42', 'Hadir', 110, ''),
(2308, 1235, 1, 42, 4, '6593784071', '2018-09-07 10:35:42', 'Hadir', 110, ''),
(2309, 1236, 1, 42, 4, '6593784071', '2018-09-07 10:35:42', 'Hadir', 110, ''),
(2310, 1237, 1, 42, 4, '6593784071', '2018-09-07 10:35:42', 'Alfa', 110, ''),
(2311, 1238, 1, 42, 4, '6593784071', '2018-09-07 10:35:42', 'Hadir', 110, ''),
(2312, 1240, 1, 42, 4, '6593784071', '2018-09-07 10:35:42', 'Hadir', 110, ''),
(2313, 1241, 1, 42, 4, '6593784071', '2018-09-07 10:35:42', 'Hadir', 110, ''),
(2314, 1242, 1, 42, 4, '6593784071', '2018-09-07 10:35:42', 'Hadir', 110, ''),
(2315, 1243, 1, 42, 4, '6593784071', '2018-09-07 10:35:42', 'Hadir', 110, ''),
(2316, 1244, 1, 42, 4, '6593784071', '2018-09-07 10:35:42', 'Alfa', 110, ''),
(2317, 1245, 1, 42, 4, '6593784071', '2018-09-07 10:35:42', 'Hadir', 110, ''),
(2318, 1246, 1, 42, 4, '6593784071', '2018-09-07 10:35:42', 'Hadir', 110, ''),
(2319, 1247, 1, 42, 4, '6593784071', '2018-09-07 10:35:42', 'Alfa', 110, ''),
(2320, 1248, 1, 42, 4, '6593784071', '2018-09-07 10:35:42', 'Hadir', 110, ''),
(2321, 1249, 1, 42, 4, '6593784071', '2018-09-07 10:35:42', 'Hadir', 110, ''),
(2322, 1250, 1, 42, 4, '6593784071', '2018-09-07 10:35:42', 'Hadir', 110, ''),
(2323, 1251, 1, 42, 4, '6593784071', '2018-09-07 10:35:42', 'Hadir', 110, ''),
(2324, 1300, 1, 42, 4, '6593784071', '2018-09-07 10:35:42', 'Hadir', 110, ''),
(2325, 407, 1, 26, 3, '11111111', '2018-09-08 11:36:13', 'Hadir', 362, ''),
(2326, 406, 1, 26, 3, '11111111', '2018-09-08 11:36:13', 'Hadir', 362, ''),
(2327, 408, 1, 26, 3, '11111111', '2018-09-08 11:36:13', 'Hadir', 362, ''),
(2328, 409, 1, 26, 3, '11111111', '2018-09-08 11:36:13', 'Hadir', 362, ''),
(2329, 410, 1, 26, 3, '11111111', '2018-09-08 11:36:13', 'Hadir', 362, ''),
(2330, 411, 1, 26, 3, '11111111', '2018-09-08 11:36:13', 'Hadir', 362, ''),
(2331, 412, 1, 26, 3, '11111111', '2018-09-08 11:36:13', 'Hadir', 362, ''),
(2332, 414, 1, 26, 3, '11111111', '2018-09-08 11:36:13', 'Hadir', 362, ''),
(2333, 413, 1, 26, 3, '11111111', '2018-09-08 11:36:13', 'Hadir', 362, ''),
(2334, 415, 1, 26, 3, '11111111', '2018-09-08 11:36:13', 'Hadir', 362, ''),
(2335, 416, 1, 26, 3, '11111111', '2018-09-08 11:36:13', 'Hadir', 362, ''),
(2336, 417, 1, 26, 3, '11111111', '2018-09-08 11:36:13', 'Hadir', 362, ''),
(2337, 418, 1, 26, 3, '11111111', '2018-09-08 11:36:13', 'Hadir', 362, ''),
(2338, 419, 1, 26, 3, '11111111', '2018-09-08 11:36:13', 'Hadir', 362, ''),
(2339, 420, 1, 26, 3, '11111111', '2018-09-08 11:36:13', 'Hadir', 362, ''),
(2340, 421, 1, 26, 3, '11111111', '2018-09-08 11:36:13', 'Hadir', 362, ''),
(2341, 422, 1, 26, 3, '11111111', '2018-09-08 11:36:13', 'Hadir', 362, ''),
(2342, 423, 1, 26, 3, '11111111', '2018-09-08 11:36:13', 'Hadir', 362, ''),
(2343, 424, 1, 26, 3, '11111111', '2018-09-08 11:36:13', 'Hadir', 362, ''),
(2344, 426, 1, 26, 3, '11111111', '2018-09-08 11:36:13', 'Hadir', 362, ''),
(2345, 425, 1, 26, 3, '11111111', '2018-09-08 11:36:13', 'Hadir', 362, ''),
(2346, 427, 1, 26, 3, '11111111', '2018-09-08 11:36:13', 'Hadir', 362, ''),
(2347, 428, 1, 26, 3, '11111111', '2018-09-08 11:36:13', 'Hadir', 362, ''),
(2348, 429, 1, 26, 3, '11111111', '2018-09-08 11:36:13', 'Hadir', 362, ''),
(2349, 430, 1, 26, 3, '11111111', '2018-09-08 11:36:13', 'Hadir', 362, ''),
(2350, 431, 1, 26, 3, '11111111', '2018-09-08 11:36:13', 'Hadir', 362, ''),
(2351, 432, 1, 26, 3, '11111111', '2018-09-08 11:36:13', 'Hadir', 362, ''),
(2352, 433, 1, 26, 3, '11111111', '2018-09-08 11:36:13', 'Hadir', 362, ''),
(2353, 434, 1, 26, 3, '11111111', '2018-09-08 11:36:13', 'Hadir', 362, ''),
(2354, 435, 1, 26, 3, '11111111', '2018-09-08 11:36:13', 'Hadir', 362, ''),
(2355, 436, 1, 26, 3, '11111111', '2018-09-08 11:36:13', 'Izin', 362, ''),
(2356, 114, 1, 22, 1, '0839758659300072', '2018-09-12 15:02:03', 'Hadir', 482, ''),
(2357, 119, 1, 22, 1, '0839758659300072', '2018-09-12 15:02:03', 'Hadir', 482, ''),
(2358, 127, 1, 22, 1, '0839758659300072', '2018-09-12 15:02:03', 'Hadir', 482, ''),
(2359, 626, 1, 22, 1, '0839758659300072', '2018-09-12 15:02:03', 'Alfa', 482, 'Tanpa Keterangan'),
(2360, 130, 1, 22, 1, '0839758659300072', '2018-09-12 15:02:03', 'Hadir', 482, ''),
(2361, 615, 1, 22, 1, '0839758659300072', '2018-09-12 15:02:03', 'Hadir', 482, ''),
(2362, 133, 1, 22, 1, '0839758659300072', '2018-09-12 15:02:03', 'Hadir', 482, ''),
(2363, 135, 1, 22, 1, '0839758659300072', '2018-09-12 15:02:03', 'Hadir', 482, ''),
(2364, 137, 1, 22, 1, '0839758659300072', '2018-09-12 15:02:03', 'Hadir', 482, ''),
(2365, 138, 1, 22, 1, '0839758659300072', '2018-09-12 15:02:03', 'Hadir', 482, ''),
(2366, 139, 1, 22, 1, '0839758659300072', '2018-09-12 15:02:03', 'Hadir', 482, ''),
(2367, 621, 1, 22, 1, '0839758659300072', '2018-09-12 15:02:03', 'Hadir', 482, ''),
(2368, 142, 1, 22, 1, '0839758659300072', '2018-09-12 15:02:03', 'Hadir', 482, ''),
(2369, 145, 1, 22, 1, '0839758659300072', '2018-09-12 15:02:03', 'Hadir', 482, ''),
(2370, 147, 1, 22, 1, '0839758659300072', '2018-09-12 15:02:03', 'Sakit', 482, ''),
(2371, 153, 1, 22, 1, '0839758659300072', '2018-09-12 15:02:03', 'Hadir', 482, ''),
(2372, 157, 1, 22, 1, '0839758659300072', '2018-09-12 15:02:03', 'Hadir', 482, ''),
(2373, 160, 1, 22, 1, '0839758659300072', '2018-09-12 15:02:03', 'Hadir', 482, ''),
(2374, 164, 1, 22, 1, '0839758659300072', '2018-09-12 15:02:03', 'Hadir', 482, ''),
(2375, 165, 1, 22, 1, '0839758659300072', '2018-09-12 15:02:03', 'Hadir', 482, ''),
(2376, 169, 1, 22, 1, '0839758659300072', '2018-09-12 15:02:03', 'Hadir', 482, ''),
(2377, 174, 1, 22, 1, '0839758659300072', '2018-09-12 15:02:03', 'Hadir', 482, ''),
(2378, 176, 1, 22, 1, '0839758659300072', '2018-09-12 15:02:03', 'Hadir', 482, ''),
(2379, 177, 1, 22, 1, '0839758659300072', '2018-09-12 15:02:03', 'Hadir', 482, ''),
(2380, 179, 1, 22, 1, '0839758659300072', '2018-09-12 15:02:03', 'Hadir', 482, ''),
(2381, 181, 1, 22, 1, '0839758659300072', '2018-09-12 15:02:03', 'Hadir', 482, '');

-- --------------------------------------------------------

--
-- Table structure for table `absen_guru`
--

CREATE TABLE `absen_guru` (
  `id_absenguru` int(50) NOT NULL,
  `id_guru` int(150) NOT NULL,
  `id_kelas` int(20) NOT NULL,
  `id_jur` int(10) NOT NULL,
  `id_jam` int(20) NOT NULL,
  `id_mapel` int(20) NOT NULL,
  `id_sem` int(3) NOT NULL,
  `id_hari` int(10) NOT NULL,
  `tanggal` timestamp NOT NULL DEFAULT CURRENT_TIMESTAMP ON UPDATE CURRENT_TIMESTAMP,
  `absen` varchar(20) NOT NULL,
  `ket` text NOT NULL
) ENGINE=InnoDB DEFAULT CHARSET=latin1;

--
-- Dumping data for table `absen_guru`
--

INSERT INTO `absen_guru` (`id_absenguru`, `id_guru`, `id_kelas`, `id_jur`, `id_jam`, `id_mapel`, `id_sem`, `id_hari`, `tanggal`, `absen`, `ket`) VALUES
(1924, 55, 22, 1, 28, 475, 1, 6, '2018-09-08 23:34:41', 'Izin', 'cuti'),
(1925, 7, 21, 1, 16, 481, 1, 6, '2018-09-08 23:34:41', 'Hadir', ''),
(1926, 71, 37, 1, 14, 485, 1, 6, '2018-09-08 23:34:41', 'Hadir', ''),
(1927, 71, 21, 1, 43, 483, 1, 6, '2018-09-08 23:34:41', 'Hadir', ''),
(1928, 21, 22, 1, 18, 351, 1, 6, '2018-09-08 23:34:41', 'Hadir', ''),
(1929, 79, 3, 1, 15, 376, 1, 6, '2018-09-08 23:34:41', 'Hadir', ''),
(1930, 5, 3, 1, 4, 600, 1, 6, '2018-09-08 23:34:41', 'Hadir', ''),
(1931, 73, 1, 1, 33, 391, 1, 6, '2018-09-08 23:34:41', 'Hadir', ''),
(1932, 18, 3, 1, 31, 438, 1, 6, '2018-09-08 23:34:41', 'Hadir', ''),
(1933, 37, 20, 1, 33, 40, 1, 6, '2018-09-08 23:34:41', 'Hadir', ''),
(1934, 37, 1, 1, 61, 41, 1, 6, '2018-09-08 23:34:41', 'Hadir', ''),
(1935, 77, 38, 1, 14, 699, 1, 6, '2018-09-08 23:34:41', 'Hadir', ''),
(1936, 43, 20, 1, 62, 568, 1, 6, '2018-09-08 23:34:41', 'Hadir', ''),
(1937, 54, 38, 1, 23, 576, 1, 6, '2018-09-08 23:34:41', 'Hadir', ''),
(1938, 60, 22, 1, 13, 54, 1, 6, '2018-09-08 23:34:41', 'Hadir', ''),
(1939, 60, 38, 1, 5, 56, 1, 6, '2018-09-08 23:34:41', 'Hadir', ''),
(1940, 85, 1, 1, 16, 87, 1, 6, '2018-09-08 23:34:41', 'Hadir', ''),
(1941, 85, 37, 1, 52, 89, 1, 6, '2018-09-08 23:34:41', 'Hadir', ''),
(1942, 31, 3, 1, 52, 102, 1, 6, '2018-09-08 23:34:41', 'Hadir', ''),
(1943, 9, 20, 1, 16, 121, 1, 6, '2018-09-08 23:34:41', 'Hadir', ''),
(1944, 4, 37, 1, 25, 259, 1, 6, '2018-09-08 23:34:41', 'Hadir', ''),
(1945, 56, 23, 2, 15, 496, 1, 6, '2018-09-08 23:34:41', 'Hadir', ''),
(1946, 56, 25, 2, 28, 497, 1, 6, '2018-09-08 23:34:41', 'Hadir', ''),
(1947, 8, 39, 2, 47, 504, 1, 6, '2018-09-08 23:34:41', 'Hadir', ''),
(1948, 62, 6, 2, 16, 534, 1, 6, '2018-09-08 23:34:41', 'Hadir', ''),
(1949, 62, 4, 2, 33, 536, 1, 6, '2018-09-08 23:34:41', 'Hadir', ''),
(1950, 79, 5, 2, 68, 377, 1, 6, '2018-09-08 23:34:41', 'Hadir', ''),
(1951, 5, 5, 2, 13, 599, 1, 6, '2018-09-08 23:34:41', 'Hadir', ''),
(1952, 18, 6, 2, 51, 439, 1, 6, '2018-09-08 23:34:41', 'Hadir', ''),
(1953, 77, 39, 2, 27, 700, 1, 6, '2018-09-08 23:34:41', 'Hadir', ''),
(1954, 77, 40, 2, 51, 701, 1, 6, '2018-09-08 23:34:41', 'Hadir', ''),
(1955, 99, 39, 2, 15, 709, 1, 6, '2018-09-08 23:34:41', 'Hadir', ''),
(1956, 99, 5, 2, 52, 711, 1, 6, '2018-09-08 23:34:41', 'Hadir', ''),
(1957, 38, 4, 2, 23, 719, 1, 6, '2018-09-08 23:34:41', 'Hadir', ''),
(1958, 54, 24, 2, 62, 578, 1, 6, '2018-09-08 23:34:41', 'Hadir', ''),
(1959, 52, 41, 2, 28, 647, 1, 6, '2018-09-08 23:34:41', 'Hadir', ''),
(1960, 52, 23, 2, 52, 652, 1, 6, '2018-09-08 23:34:41', 'Hadir', ''),
(1961, 20, 40, 2, 15, 658, 1, 6, '2018-09-08 23:34:41', 'Hadir', ''),
(1962, 20, 41, 2, 52, 660, 1, 6, '2018-09-08 23:34:41', 'Hadir', ''),
(1963, 92, 41, 2, 15, 111, 1, 6, '2018-09-08 23:34:41', 'Hadir', ''),
(1964, 92, 40, 2, 28, 112, 1, 6, '2018-09-08 23:34:41', 'Hadir', ''),
(1965, 42, 4, 2, 14, 171, 1, 6, '2018-09-08 23:34:41', 'Hadir', ''),
(1966, 42, 5, 2, 23, 168, 1, 6, '2018-09-08 23:34:41', 'Hadir', ''),
(1967, 42, 6, 2, 31, 172, 1, 6, '2018-09-08 23:34:41', 'Hadir', ''),
(1968, 42, 6, 2, 59, 169, 1, 6, '2018-09-08 23:34:41', 'Hadir', ''),
(1969, 88, 25, 2, 15, 232, 1, 6, '2018-09-08 23:34:41', 'Hadir', ''),
(1970, 88, 5, 2, 31, 228, 1, 6, '2018-09-08 23:34:41', 'Hadir', ''),
(1971, 88, 24, 2, 52, 234, 1, 6, '2018-09-08 23:34:41', 'Hadir', ''),
(1972, 86, 24, 2, 28, 241, 1, 6, '2018-09-08 23:34:41', 'Hadir', ''),
(1973, 86, 25, 2, 52, 242, 1, 6, '2018-09-08 23:34:41', 'Hadir', ''),
(1974, 90, 23, 2, 28, 266, 1, 6, '2018-09-08 23:34:41', 'Hadir', ''),
(1975, 90, 23, 2, 28, 266, 1, 6, '2018-09-08 23:34:41', 'Hadir', ''),
(1976, 65, 8, 3, 31, 460, 1, 6, '2018-09-08 23:34:41', 'Hadir', ''),
(1977, 65, 7, 3, 51, 461, 1, 6, '2018-09-08 23:34:41', 'Hadir', ''),
(1978, 55, 8, 3, 15, 474, 1, 6, '2018-09-08 23:34:41', 'Hadir', ''),
(1979, 39, 27, 3, 28, 530, 1, 6, '2018-09-08 23:34:41', 'Hadir', ''),
(1980, 57, 7, 3, 16, 550, 1, 6, '2018-09-08 23:34:41', 'Hadir', ''),
(1981, 28, 26, 3, 14, 362, 1, 6, '2018-09-08 23:34:41', 'Hadir', ''),
(1982, 24, 45, 3, 15, 398, 1, 6, '2018-09-08 23:34:41', 'Hadir', ''),
(1983, 24, 47, 3, 28, 399, 1, 6, '2018-09-08 23:34:41', 'Hadir', ''),
(1984, 15, 47, 3, 52, 414, 1, 6, '2018-09-08 23:34:41', 'Hadir', ''),
(1985, 19, 28, 3, 17, 426, 1, 6, '2018-09-08 23:34:41', 'Hadir', ''),
(1986, 43, 10, 3, 24, 567, 1, 6, '2018-09-08 23:34:41', 'Hadir', ''),
(1987, 67, 27, 3, 15, 68, 1, 6, '2018-09-08 23:34:41', 'Hadir', ''),
(1988, 31, 46, 3, 15, 99, 1, 6, '2018-09-08 23:34:41', 'Hadir', ''),
(1989, 31, 45, 3, 28, 101, 1, 6, '2018-09-08 23:34:41', 'Hadir', ''),
(1990, 61, 47, 3, 15, 160, 1, 6, '2018-09-08 23:34:41', 'Hadir', ''),
(1991, 61, 46, 3, 28, 163, 1, 6, '2018-09-08 23:34:41', 'Hadir', ''),
(1992, 61, 45, 3, 51, 166, 1, 6, '2018-09-08 23:34:41', 'Hadir', ''),
(1993, 94, 26, 3, 37, 189, 1, 6, '2018-09-08 23:34:41', 'Hadir', ''),
(1994, 101, 8, 3, 4, 203, 1, 6, '2018-09-08 23:34:41', 'Hadir', ''),
(1995, 101, 10, 3, 6, 204, 1, 6, '2018-09-08 23:34:41', 'Hadir', ''),
(1996, 36, 10, 3, 14, 255, 1, 6, '2018-09-08 23:34:41', 'Hadir', ''),
(1997, 36, 7, 3, 31, 256, 1, 6, '2018-09-08 23:34:41', 'Hadir', ''),
(1998, 36, 8, 3, 51, 257, 1, 6, '2018-09-08 23:34:41', 'Hadir', ''),
(1999, 87, 46, 3, 51, 276, 1, 6, '2018-09-08 23:34:41', 'Hadir', ''),
(2000, 65, 43, 4, 15, 454, 1, 6, '2018-09-08 23:34:41', 'Hadir', ''),
(2001, 68, 31, 4, 15, 505, 1, 6, '2018-09-08 23:34:41', 'Hadir', ''),
(2002, 68, 30, 4, 28, 506, 1, 6, '2018-09-08 23:34:41', 'Hadir', ''),
(2003, 68, 29, 4, 52, 507, 1, 6, '2018-09-08 23:34:41', 'Hadir', ''),
(2004, 10, 30, 4, 15, 512, 1, 6, '2018-09-08 23:34:41', 'Hadir', ''),
(2005, 10, 29, 4, 28, 513, 1, 6, '2018-09-08 23:34:41', 'Hadir', ''),
(2006, 39, 29, 4, 15, 529, 1, 6, '2018-09-08 23:34:41', 'Hadir', ''),
(2007, 39, 30, 4, 52, 531, 1, 6, '2018-09-08 23:34:41', 'Hadir', ''),
(2008, 17, 18, 4, 25, 310, 1, 6, '2018-09-08 23:34:41', 'Hadir', ''),
(2009, 21, 31, 4, 27, 352, 1, 6, '2018-09-08 23:34:41', 'Hadir', ''),
(2010, 5, 43, 4, 7, 601, 1, 6, '2018-09-08 23:34:41', 'Hadir', ''),
(2011, 83, 44, 4, 52, 394, 1, 6, '2018-09-08 23:34:41', '', ''),
(2012, 15, 42, 4, 15, 419, 1, 6, '2018-09-08 23:34:41', '', ''),
(2013, 15, 43, 4, 28, 420, 1, 6, '2018-09-08 23:34:41', '', ''),
(2014, 18, 18, 4, 14, 437, 1, 6, '2018-09-08 23:34:41', '', ''),
(2015, 54, 42, 4, 59, 577, 1, 6, '2018-09-08 23:34:41', '', ''),
(2016, 20, 44, 4, 28, 659, 1, 6, '2018-09-08 23:34:41', '', ''),
(2017, 67, 42, 4, 28, 69, 1, 6, '2018-09-08 23:34:41', '', ''),
(2018, 48, 17, 4, 17, 80, 1, 6, '2018-09-08 23:34:41', '', ''),
(2019, 48, 17, 4, 48, 81, 1, 6, '2018-09-08 23:34:41', '', ''),
(2020, 98, 31, 4, 50, 179, 1, 6, '2018-09-08 23:34:41', '', ''),
(2021, 91, 19, 4, 17, 182, 1, 6, '2018-09-08 23:34:41', '', ''),
(2022, 91, 19, 4, 48, 183, 1, 6, '2018-09-08 23:34:41', '', ''),
(2023, 87, 44, 4, 15, 275, 1, 6, '2018-09-08 23:34:41', '', ''),
(2024, 6, 49, 5, 16, 498, 1, 6, '2018-09-08 23:34:41', '', ''),
(2025, 6, 48, 5, 33, 499, 1, 6, '2018-09-08 23:34:41', '', ''),
(2026, 21, 32, 5, 51, 353, 1, 6, '2018-09-08 23:34:41', '', ''),
(2027, 73, 16, 5, 14, 389, 1, 6, '2018-09-08 23:34:41', '', ''),
(2028, 73, 15, 5, 23, 390, 1, 6, '2018-09-08 23:34:41', '', ''),
(2029, 99, 32, 5, 28, 710, 1, 6, '2018-09-08 23:34:41', '', ''),
(2030, 38, 15, 5, 14, 718, 1, 6, '2018-09-08 23:34:41', '', ''),
(2031, 43, 32, 5, 14, 566, 1, 6, '2018-09-08 23:34:41', '', ''),
(2032, 60, 32, 5, 3, 55, 1, 6, '2018-09-08 23:34:41', '', ''),
(2033, 60, 33, 5, 9, 57, 1, 6, '2018-09-08 23:34:41', '', ''),
(2034, 63, 49, 5, 32, 115, 1, 6, '2018-09-08 23:34:41', '', ''),
(2035, 63, 48, 5, 61, 114, 1, 6, '2018-09-08 23:34:41', '', ''),
(2036, 97, 16, 5, 25, 124, 1, 6, '2018-09-08 23:34:41', '', ''),
(2037, 97, 16, 5, 53, 125, 1, 6, '2018-09-08 23:34:41', '', ''),
(2038, 40, 33, 5, 16, 130, 1, 6, '2018-09-08 23:34:41', '', ''),
(2039, 47, 34, 5, 64, 175, 1, 6, '2018-09-08 23:34:41', '', ''),
(2040, 82, 48, 5, 16, 247, 1, 6, '2018-09-08 23:34:41', '', ''),
(2041, 82, 49, 5, 57, 248, 1, 6, '2018-09-08 23:34:41', '', '');

-- --------------------------------------------------------

--
-- Table structure for table `berita`
--

CREATE TABLE `berita` (
  `id_berita` int(20) NOT NULL,
  `judul` varchar(100) NOT NULL,
  `isi` text NOT NULL,
  `gambar` varchar(100) NOT NULL
) ENGINE=InnoDB DEFAULT CHARSET=latin1;

-- --------------------------------------------------------

--
-- Table structure for table `guru`
--

CREATE TABLE `guru` (
  `id_guru` int(150) NOT NULL,
  `nip` varchar(150) NOT NULL,
  `nama_guru` varchar(30) NOT NULL,
  `jabatan` varchar(20) NOT NULL,
  `bid_studi` varchar(30) NOT NULL,
  `alamat` text NOT NULL,
  `foto` varchar(20) NOT NULL,
  `no_hp` varchar(15) NOT NULL,
  `jk` varchar(15) NOT NULL,
  `tempat` varchar(50) NOT NULL,
  `tanggal` date NOT NULL
) ENGINE=InnoDB DEFAULT CHARSET=latin1;

--
-- Dumping data for table `guru`
--

INSERT INTO `guru` (`id_guru`, `nip`, `nama_guru`, `jabatan`, `bid_studi`, `alamat`, `foto`, `no_hp`, `jk`, `tempat`, `tanggal`) VALUES
(1, '1001', 'Rika Pertiwi, S.Pd', 'Guru', 'Produktif TI', '<p>Palapa Saiyo Blok A8 no.3</p>', 'sinto.jpg', '085274716041', '', '', '0000-00-00'),
(2, '10305575184001  ', 'Rahmi Indhira', 'Guru', 'Produktif TI', '<table width=\"186\">\r\n<tbody>\r\n<tr>\r\n<td width=\"186\">Jl. gapura no. 9A Air Tawar Timur Padang</td>\r\n</tr>\r\n</tbody>\r\n</table>', 'sinto.jpg', '', 'Perempuan', 'Padang', '1984-01-05'),
(3, '10305575186001', 'Feunia Darniati', 'guru', 'Bahasa Indonesia', '', 'sinto.jpg', '', 'Perempuan', 'Padang', '1986-10-11'),
(4, '10305575187001', 'Eka Fatma Yanti', 'guru', 'Matematika', '<table width=\"186\">\r\n<tbody>\r\n<tr>\r\n<td width=\"186\">Kampung Ladang, Sei Abang</td>\r\n</tr>\r\n</tbody>\r\n</table>', 'sinto.jpg', '', 'Perempuan', 'Sungai Abang', '1987-01-07'),
(5, '10305575187002', 'Isnita', 'guru', 'Bimbingan Konseling', '<table width=\"186\">\r\n<tbody>\r\n<tr>\r\n<td width=\"186\">Toboh Padang Kapas</td>\r\n</tr>\r\n</tbody>\r\n</table>', 'images28.jpg', '', 'Perempuan', 'Larantuka', '1987-01-02'),
(6, '10305575188003', 'Nia Kurniati', 'guru', 'Bahasa Inggris', '<table width=\"186\">\r\n<tbody>\r\n<tr>\r\n<td width=\"186\">Korong Parit</td>\r\n</tr>\r\n</tbody>\r\n</table>', 'images34.jpg', '', 'Perempuan', 'Solok', '1988-03-16'),
(7, '10305575188004', 'Fitri Wahyuni Daza', 'guru', 'Produktif TI', '<table width=\"186\">\r\n<tbody>\r\n<tr>\r\n<td width=\"186\">Pasa Dama</td>\r\n</tr>\r\n</tbody>\r\n</table>', 'images20.jpg', '', 'Perempuan', 'Pasa dama', '1988-11-13'),
(8, '10305575189001', 'Febi Mike Silvana', 'guru', 'Bahasa Indonesia', '<table width=\"186\">\r\n<tbody>\r\n<tr>\r\n<td width=\"186\">Dusun kabun</td>\r\n</tr>\r\n</tbody>\r\n</table>', 'images17.jpg', '', 'Perempuan', 'Kabun', '1989-05-31'),
(9, '12345', 'Yurike Yastin Wandani, S.Pd', 'Guru', 'Produktif TI', '<p>parit malintang</p>', 'sintoga21.png', '', 'Perempuan', 'Parit Malintang', '1990-01-18'),
(10, '1644760661210172', 'Ria Safitri', 'guru', 'Produktif Hotel', '<table width=\"186\">\r\n<tbody>\r\n<tr>\r\n<td width=\"186\">Korong Rimbo Karanggo</td>\r\n</tr>\r\n</tbody>\r\n</table>', 'images41.jpg', '', 'Perempuan', 'Lubuk Alung', '1982-03-12'),
(11, '19631202', 'Desmitawati', 'Kepala Perpustakaan', 'Matematika', '<table width=\"186\">\r\n<tbody>\r\n<tr>\r\n<td width=\"186\">Toboh Baru</td>\r\n</tr>\r\n</tbody>\r\n</table>', 'images3.jpg', '', 'Perempuan', 'Toboh Baru', '1963-12-02'),
(12, '196406251994032001', 'Murniati', 'guru', 'Matematika', '<table width=\"186\">\r\n<tbody>\r\n<tr>\r\n<td width=\"186\">Toboh Sawah Mansi</td>\r\n</tr>\r\n</tbody>\r\n</table>', 'images32.jpg', '', 'Perempuan', 'Sawah Mansi', '1964-06-25'),
(13, '196411151988031003', 'BUSRAINI', 'Kepala Sekolah', 'Produktif TBSM', '<table width=\"186\">\r\n<tbody>\r\n<tr>\r\n<td width=\"186\">KO. PONDOK KARYA I BLOK C.11</td>\r\n</tr>\r\n</tbody>\r\n</table>', 'avatar_co7.jpg', '', 'Laki - Laki', '', '1964-11-15'),
(14, '196508301997021002', 'Khatib', 'Guru', 'Matematika', '<table width=\"186\">\r\n<tbody>\r\n<tr>\r\n<td width=\"186\">Kampung Tangah</td>\r\n</tr>\r\n</tbody>\r\n</table>', 'IMG_20170522_111510.', '081363473076', 'Laki - Laki', 'Aur Malintang', '1965-08-30'),
(15, '196707131990032005', 'Erna', 'guru', 'Seni Budaya', '<table width=\"186\">\r\n<tbody>\r\n<tr>\r\n<td width=\"186\">Jl. Raya Sikabu Palak Pisang No. 05 B</td>\r\n</tr>\r\n</tbody>\r\n</table>', 'images15.jpg', '', 'Perempuan', 'Tiku', '1967-07-13'),
(16, '196707161992032006', 'Nurfida', 'guru', 'Kewirausahaan', '<table width=\"186\">\r\n<tbody>\r\n<tr>\r\n<td width=\"186\">Sikabu Lubuk Alung</td>\r\n</tr>\r\n</tbody>\r\n</table>', 'images36.jpg', '', 'Perempuan', 'Pariaman', '1967-07-16'),
(17, '196804061992032004', 'Indrarita', 'Wakil Sarana', 'Produktif Hotel', '<table width=\"186\">\r\n<tbody>\r\n<tr>\r\n<td width=\"186\">Jl. Kasiak Putiah, Batang Tapakih</td>\r\n</tr>\r\n</tbody>\r\n</table>', 'images25.jpg', '', 'Perempuan', 'Pakandangan', '1968-04-06'),
(18, '197006162008012005', 'Elijanur Kamsiah', 'guru', 'PPKn', '<table width=\"186\">\r\n<tbody>\r\n<tr>\r\n<td width=\"186\">Teluk Belibi Punggung Kasik</td>\r\n</tr>\r\n</tbody>\r\n</table>', 'images12.jpg', '', 'Perempuan', 'Teluk Belibi', '1970-06-16'),
(19, '197206302008012002', 'Radiatul Mardiah', 'guru', 'Produktif Jasa Boga', '<table width=\"186\">\r\n<tbody>\r\n<tr>\r\n<td width=\"186\">Pauh Kambar</td>\r\n</tr>\r\n</tbody>\r\n</table>', 'images38.jpg', '', 'Perempuan', 'Pauh Kambar', '1972-06-30'),
(20, '197303282014061004', 'Fairizon', 'guru', 'Seni Budaya', '<table width=\"186\">\r\n<tbody>\r\n<tr>\r\n<td width=\"186\">Laras Nan Panjang VII Koto Sungai Sarik</td>\r\n</tr>\r\n</tbody>\r\n</table>', 'avatar_co10.jpg', '', 'Laki - Laki', 'KP. Bari', '1973-03-28'),
(21, '197304151999031004', 'Nuzirwan', 'guru', 'PPKn', '<table width=\"186\">\r\n<tbody>\r\n<tr>\r\n<td width=\"186\">Manggis 1 No.105 Blok H Perumnas Belimbing</td>\r\n</tr>\r\n</tbody>\r\n</table>', 'avatar_co14.jpg', '', 'Laki - Laki', 'Koto Bangko', '1973-04-15'),
(22, '197304282008012002', 'Emilda', 'guru', 'Produktif Jasa Boga', '<table width=\"186\">\r\n<tbody>\r\n<tr>\r\n<td width=\"186\">Kp. Gadang Padusunan</td>\r\n</tr>\r\n</tbody>\r\n</table>', 'images13.jpg', '', 'Perempuan', 'Jambi', '1973-04-28'),
(23, '197308132009022002', 'NINING GUSMANTI', 'guru', 'Bahasa Inggris', '<table width=\"186\">\r\n<tbody>\r\n<tr>\r\n<td width=\"186\">LUBUK SEJAHTERA LESTARI BLOK ARTIC NO. 2 LUBUK BUAYA</td>\r\n</tr>\r\n</tbody>\r\n</table>', 'images35.jpg', '', 'Perempuan', 'SALIDO', '1973-08-13'),
(24, '197311062008012003', 'Ermiyati', 'Wakil Humas', 'IPA', '<table width=\"186\">\r\n<tbody>\r\n<tr>\r\n<td width=\"186\">Kampung Ladang</td>\r\n</tr>\r\n</tbody>\r\n</table>', 'images14.jpg', '', 'Perempuan', 'Kampung Ladang', '1973-11-06'),
(25, '197408022014062002', 'Gusti Erna', 'guru', 'Bahasa Inggris', '<table width=\"186\">\r\n<tbody>\r\n<tr>\r\n<td width=\"186\">Komp. Asabri Blok B2 No.13</td>\r\n</tr>\r\n</tbody>\r\n</table>', 'images22.jpg', '', 'Perempuan', 'Lawang', '1974-08-02'),
(26, '197603282009022002', 'Rina Marnetti', 'guru', 'Produktif Jasa Boga', '<table width=\"186\">\r\n<tbody>\r\n<tr>\r\n<td width=\"186\">Jl. Enggang VI No.1</td>\r\n</tr>\r\n</tbody>\r\n</table>', 'images42.jpg', '', 'Perempuan', 'Padang', '1976-03-28'),
(27, '197611182014062005', 'Ratna Sri Dewi', 'guru', 'Bahasa Inggris', '<table width=\"186\">\r\n<tbody>\r\n<tr>\r\n<td width=\"186\">Singguling II</td>\r\n</tr>\r\n</tbody>\r\n</table>', 'images40.jpg', '', 'Perempuan', 'Lubuk Alung', '1976-11-18'),
(28, '197702042005011006', 'Alza Sofyan Andri, S.Pd', 'Wakil Kesiswaan', 'Penjkes/Olahraga', '', 'sinto75.jpg', '', 'Laki - Laki', '', '1977-02-04'),
(29, '197702042005011006', 'Ermiyeti, S.Pd', 'Wakil Humas', '', '', 'bkk_sintoga1.jpg', '', 'Perempuan', '', '0000-00-00'),
(30, '198108142014062006', 'Ira Wahyuni', 'guru', 'Bahasa Inggris', '<table width=\"186\">\r\n<tbody>\r\n<tr>\r\n<td width=\"186\">Korong Chaniago</td>\r\n</tr>\r\n</tbody>\r\n</table>', 'images26.jpg', '', 'Perempuan', 'Bukittinggi', '1981-08-14'),
(31, '19820627', 'Darmaini', 'Kepala Sekolah', 'Pendidikan Agama Islam', '<table width=\"186\">\r\n<tbody>\r\n<tr>\r\n<td width=\"186\">BATIH-BATIH</td>\r\n</tr>\r\n</tbody>\r\n</table>', 'images16.jpg', '', '', '', '0000-00-00'),
(32, '198412272009012002', 'Lidya Naser', 'guru', 'Fisika', '<table width=\"186\">\r\n<tbody>\r\n<tr>\r\n<td width=\"186\">Pasar Jambak</td>\r\n</tr>\r\n</tbody>\r\n</table>', 'images30.jpg', '', 'Perempuan', 'Semarang', '1984-12-27'),
(33, '198502202008041001', 'Yudi Herfio, S.Pd', 'guru', 'Produktif Tata Boga', '<p>Perumahan Rimbo Panjang. Lubuk Alung</p>\r\n<p>Kabupaten Padang Pariaman</p>', '20180411_150004.jpg', '085263935436', 'Laki - Laki', 'Padang Lawas', '1985-02-20'),
(34, '198506192009012001', 'Fitri Yanoviza', 'guru', 'Matematika', '<table width=\"186\">\r\n<tbody>\r\n<tr>\r\n<td width=\"186\">Korong Titian Akar</td>\r\n</tr>\r\n</tbody>\r\n</table>', 'images21.jpg', '', 'Perempuan', 'Padang', '1985-06-19'),
(35, '198508132009022002', 'Dwi Gusti Aryani, S.Pd', 'guru', 'Produktif Tata Boga', '<p>Perumahan Rimbo Panjang, Lubuk Alung</p>\r\n<p>Kabupaten Padang pariaman</p>', 'provinsi7.png', '085263331208', 'Perempuan', 'Padang    ', '1985-08-13'),
(36, '19881210', 'Desperawati', 'Guru Mata Pelajaran', 'Matematika', '<table width=\"186\">\r\n<tbody>\r\n<tr>\r\n<td width=\"186\">Sungai abang dalam no 43.</td>\r\n</tr>\r\n</tbody>\r\n</table>', 'images5.jpg', '', 'Laki - Laki', 'Sei. Abang', '1988-12-10'),
(37, '19910708', 'Bonita Marselina', 'Guru Mata Pelajaran ', 'Produktif TI', '<table width=\"186\">\r\n<tbody>\r\n<tr>\r\n<td width=\"186\">Jalan. Syech Abdul Arief</td>\r\n</tr>\r\n</tbody>\r\n</table>', 'avatar_ce2.png', '', 'Laki - Laki', 'Pariaman', '1991-07-08'),
(38, '2348741649300003', 'Ismartati', 'guru', 'Kewirausahaan', '<table width=\"186\">\r\n<tbody>\r\n<tr>\r\n<td width=\"186\">Singguling 02 Lubuk ALung</td>\r\n</tr>\r\n</tbody>\r\n</table>', 'images27.jpg', '', 'Perempuan', 'Singguling', '1968-10-16'),
(39, '2503052949', 'Neli Pita Sari', 'guru', 'Bahasa Indonesia', '<table width=\"186\">\r\n<tbody>\r\n<tr>\r\n<td width=\"186\">Toboh Baru</td>\r\n</tr>\r\n</tbody>\r\n</table>', 'images33.jpg', '', 'Perempuan', 'Rimbo Tualang', '1988-11-12'),
(40, '3261767668130073', 'RIKI ANTONI', 'guru', 'Produktif TSM', '<table width=\"186\">\r\n<tbody>\r\n<tr>\r\n<td width=\"186\">SALISIKAN</td>\r\n</tr>\r\n</tbody>\r\n</table>', 'avatar_co18.jpg', '', 'Laki - Laki', 'SALISIKAN', '1989-09-29'),
(41, '5161756657300013', 'Dewi Putri Rama Gusti', 'guru', 'Matematika', '<table width=\"186\">\r\n<tbody>\r\n<tr>\r\n<td width=\"186\">Sarang Bagak</td>\r\n</tr>\r\n</tbody>\r\n</table>', 'images7.jpg', '', 'Perempuan', 'Pakandangan', '1978-08-29'),
(42, '5545765290', 'OKTRI ANDRA MARDIANUS', 'guru', 'Produktif TI', '<table width=\"186\">\r\n<tbody>\r\n<tr>\r\n<td width=\"186\">PARAMAN TALANG</td>\r\n</tr>\r\n</tbody>\r\n</table>', 'avatar_co15.jpg', '', 'Laki - Laki', 'TANDIKAT', '1992-10-30'),
(43, '5801020691', 'Radhitia Afdal Syahputra', 'guru', 'PJOK', '<table width=\"186\">\r\n<tbody>\r\n<tr>\r\n<td width=\"186\">Lubuk Alung</td>\r\n</tr>\r\n</tbody>\r\n</table>', 'avatar_co16.jpg', '', 'Laki - Laki', 'SEI. SARIK MALAI', '1987-10-28'),
(44, '6435743646300063', 'Pik Talu', 'guru', 'Kewirausahaan', '<table width=\"186\">\r\n<tbody>\r\n<tr>\r\n<td width=\"186\">Toboh baru</td>\r\n</tr>\r\n</tbody>\r\n</table>', 'images37.jpg', '', 'Perempuan', 'Toboh Baru', '1965-11-03'),
(45, '197303242008011003', 'Anwar Sadat', 'Ketua Jurusan TI', 'Produktif TI', '<table width=\"186\">\r\n<tbody>\r\n<tr>\r\n<td width=\"186\">Sei Abang Lubuk Alung</td>\r\n</tr>\r\n</tbody>\r\n</table>', 'avatar_co26.jpg', '', 'Laki - Laki', 'Pasir Lawas', '1973-03-24'),
(46, '6593784071', 'Mella Junika Putri', 'guru', 'Sejarah Indonesia', '<table width=\"186\">\r\n<tbody>\r\n<tr>\r\n<td width=\"186\">Tanjung Medan</td>\r\n</tr>\r\n</tbody>\r\n</table>', 'images31.jpg', '', 'Perempuan', 'Tanjung Medan', '1992-06-12'),
(47, '6823835540', 'Firman Septiadi', 'guru', 'Produktif TSM', '<table width=\"186\">\r\n<tbody>\r\n<tr>\r\n<td width=\"186\">KOMPLEK VILLAKU INDAH 3 B 5</td>\r\n</tr>\r\n</tbody>\r\n</table>', 'avatar_co11.jpg', '', '', '', '0000-00-00'),
(48, '7325906522', 'Dian', 'guru', 'Produktif Hotel', '<table width=\"186\">\r\n<tbody>\r\n<tr>\r\n<td width=\"186\">Imam Bonjol No.5</td>\r\n</tr>\r\n</tbody>\r\n</table>', 'avatar_co9.jpg', '', 'Laki - Laki', 'Pariaman', '1988-05-07'),
(49, '7350764666300063', 'Dewi Vermuni Suci', 'guru', 'Seni Budaya', '<table width=\"186\">\r\n<tbody>\r\n<tr>\r\n<td width=\"186\">jln.h.agus salim timur no.3 pariaman tengah</td>\r\n</tr>\r\n</tbody>\r\n</table>', 'images8.jpg', '', 'Perempuan', 'Pariaman', '1986-10-18'),
(50, '7933763665200012', 'Rahmat', 'guru', 'PJOK', '<table width=\"186\">\r\n<tbody>\r\n<tr>\r\n<td width=\"186\">Katapiang</td>\r\n</tr>\r\n</tbody>\r\n</table>', 'avatar_co17.jpg', '', 'Laki - Laki', 'Toboh Baru', '1985-06-01'),
(51, '8085605101', 'Rika Pertiwi, S.Pd', 'Guru', 'Produktif TI', '<p>Palapa Saiyo Blok A8 No.3</p>', 'pasfoto2.jpg', '085274716041', 'Perempuan', 'Krueng Geukueh', '1994-01-21'),
(52, '8854752653300042', 'Herawati', 'guru', 'Simulasi Digital', '<table width=\"186\">\r\n<tbody>\r\n<tr>\r\n<td width=\"186\">Punggung Kasik</td>\r\n</tr>\r\n</tbody>\r\n</table>', 'images24.jpg', '', 'Perempuan', 'Punggung Kasik', '1974-05-22'),
(53, '9463751653200002', 'Mustofa', 'guru', 'IPS', '<table width=\"186\">\r\n<tbody>\r\n<tr>\r\n<td width=\"186\">Padang</td>\r\n</tr>\r\n</tbody>\r\n</table>', 'avatar_co13.jpg', '', 'Laki - Laki', 'Surabaya', '1973-01-31'),
(54, '9496200429', 'Riki Fauzan, S.Pd', 'Guru', 'Penjkes/Olahraga', '<p>Tanjuang Pisang Sintuak, Kec. Sintuak Toboh Gadang, Kab. Padang Pariaman</p>', 'Riki_Fauzan.jpg', '082383333311', 'Laki - Laki', 'Lubuk Alung', '1988-12-22'),
(55, '9604858003', 'Hartika Syafrini', 'guru', 'PAI', '<table width=\"186\">\r\n<tbody>\r\n<tr>\r\n<td width=\"186\">Jl. Belibis No.139 Padang</td>\r\n</tr>\r\n</tbody>\r\n</table>', 'images23.jpg', '', 'Perempuan', 'Sungai Nyalo', '1982-07-08'),
(56, '3583280181', 'Rini Erlinda', 'Guru', 'Bahasa Indonesia', '<table width=\"186\">\r\n<tbody>\r\n<tr>\r\n<td width=\"186\">Perumns Kp. Ladang</td>\r\n</tr>\r\n</tbody>\r\n</table>', 'images43.jpg', '', 'Perempuan', 'Pasa Kandang', '1984-06-16'),
(57, '4653760661300022', 'RITA OKTAVIA', 'Guru', 'Bahasa Indonesia', '<table width=\"186\">\r\n<tbody>\r\n<tr>\r\n<td width=\"186\">Kampung Paneh Air Tajun</td>\r\n</tr>\r\n</tbody>\r\n</table>', 'images44.jpg', '', 'Perempuan', 'Kampung Dalam', '1982-03-21'),
(58, '196902211994122003', 'Rosmita Ali', 'Guru', 'Bahasa Inggris', '<table width=\"186\">\r\n<tbody>\r\n<tr>\r\n<td width=\"186\">Kp. Guci Pakandangan</td>\r\n</tr>\r\n</tbody>\r\n</table>', 'images45.jpg', '', 'Perempuan', 'Toboh Ketek', '1969-02-21'),
(59, '2362498228', 'Seprina Rahmaneli', 'Guru', 'Produktif APH', '<table width=\"186\">\r\n<tbody>\r\n<tr>\r\n<td width=\"186\">Komplek SUPM Negeri Pariaman</td>\r\n</tr>\r\n</tbody>\r\n</table>', 'images46.jpg', '', 'Perempuan', 'Bukittinggi', '1988-09-18'),
(60, '10305575189003', 'Siltia Mandar', 'Guru', 'Bimbingan Konseling', '<table width=\"186\">\r\n<tbody>\r\n<tr>\r\n<td width=\"186\">Kp. Sabalah</td>\r\n</tr>\r\n</tbody>\r\n</table>', 'images47.jpg', '', 'Perempuan', 'Lubuk Alung', '1989-11-17'),
(61, '3390355369', 'SITI HAFAZAH', 'Guru', 'Produktif Boga', '<table width=\"186\">\r\n<tbody>\r\n<tr>\r\n<td width=\"186\">Ringan-Ringan Pakandangan</td>\r\n</tr>\r\n</tbody>\r\n</table>', 'images48.jpg', '', 'Perempuan', 'Pakandangan', '1991-04-07'),
(62, '10305575192001  ', 'Sri Nofri Wihandari', 'Guru', 'Produktif TI', '<table width=\"186\">\r\n<tbody>\r\n<tr>\r\n<td width=\"186\">Kp. Kandang Koto Gadis</td>\r\n</tr>\r\n</tbody>\r\n</table>', 'images49.jpg', '', 'Perempuan', 'Pariaman', '1992-11-03'),
(63, '2832534385', 'Suci Ananda Putri', 'Guru', 'Fisika', '<table width=\"186\">\r\n<tbody>\r\n<tr>\r\n<td width=\"186\">Pulau Air</td>\r\n</tr>\r\n</tbody>\r\n</table>', '20170724_151132.jpg', '082384966297', 'Perempuan', 'Pauh Kambar', '1992-02-21'),
(64, '196707051992031006', 'Swardi', 'Wakil Kurikulum', 'Fisika', '<table width=\"186\">\r\n<tbody>\r\n<tr>\r\n<td width=\"186\">Korong Palembayan</td>\r\n</tr>\r\n</tbody>\r\n</table>', 'avatar_co22.jpg', '', 'Laki - Laki', 'Pasar Usang', '1967-07-05'),
(65, '5046763664300053', 'Syahfitriani', 'Guru', 'Kewirausahaan', '<table width=\"186\">\r\n<tbody>\r\n<tr>\r\n<td width=\"186\">Kp. Dobi balai naras</td>\r\n</tr>\r\n</tbody>\r\n</table>', 'images52.jpg', '', 'Perempuan', 'Naras', '1985-07-14'),
(66, '5046763664300053', 'Syahfitriani', 'Guru', 'Kewirausahaan', '<table width=\"186\">\r\n<tbody>\r\n<tr>\r\n<td width=\"186\">Kp. Dobi balai naras</td>\r\n</tr>\r\n</tbody>\r\n</table>', 'images53.jpg', '', 'Perempuan', 'Naras', '1985-07-14'),
(67, '7853343060', 'Syahrul Ramadhan', 'Guru', 'Agama', '<table width=\"186\">\r\n<tbody>\r\n<tr>\r\n<td width=\"186\">Lantak Mingkudu</td>\r\n</tr>\r\n</tbody>\r\n</table>', 'avatar_co20.jpg', '', 'Laki - Laki', 'Lantak Mingkudu', '1984-06-01'),
(68, '9150759661110073', 'Syamsudin', 'Guru', 'Agama', '<table width=\"186\">\r\n<tbody>\r\n<tr>\r\n<td width=\"186\">Punggung Kasik</td>\r\n</tr>\r\n</tbody>\r\n</table>', 'avatar_co21.jpg', '', 'Laki - Laki', 'Sipisang', '1981-08-18'),
(69, '3564308754', 'SYARMI FIFI SUMANTI', 'Guru', 'Fisika', '<table width=\"186\">\r\n<tbody>\r\n<tr>\r\n<td width=\"186\">Korong Toboh Apar</td>\r\n</tr>\r\n</tbody>\r\n</table>', 'images54.jpg', '', 'Perempuan', 'Toboh Apar', '1991-07-17'),
(70, '197602272009022001', 'Teten Febriani', 'Ketua Jurusan APH', 'Produktif APH', '<table width=\"186\">\r\n<tbody>\r\n<tr>\r\n<td width=\"186\">Komplek Mutiara Putih Blok N/10</td>\r\n</tr>\r\n</tbody>\r\n</table>', 'images55.jpg', '', 'Perempuan', 'Padang', '1976-02-27'),
(71, '0839758659300072', 'Tismaneli', 'Guru', 'Produktif TI', '<table width=\"186\">\r\n<tbody>\r\n<tr>\r\n<td width=\"186\">Permunas Kp. Ladang</td>\r\n</tr>\r\n</tbody>\r\n</table>', 'images56.jpg', '', 'Perempuan', 'Pasar kandang', '1980-05-07'),
(72, '198505302010012045', 'Tri Kurniawati', 'Guru', 'Produktif TI', '<table width=\"186\">\r\n<tbody>\r\n<tr>\r\n<td width=\"186\">Komplek Pratama Blok H No.14</td>\r\n</tr>\r\n</tbody>\r\n</table>', 'images57.jpg', '', 'Perempuan', 'Padang', '1985-05-30'),
(73, '196901142007012005', 'Upik Hesti', 'Guru', 'Bahasa Indonesia', '<table width=\"186\">\r\n<tbody>\r\n<tr>\r\n<td width=\"186\">Kayu kalek Padang</td>\r\n</tr>\r\n</tbody>\r\n</table>', 'images58.jpg', '', 'Perempuan', 'Padang', '1969-01-14'),
(74, '9491561499', 'Vivi Oktavia', 'Guru', 'Matematika', '<table width=\"186\">\r\n<tbody>\r\n<tr>\r\n<td width=\"186\">KP.Tangah Punggung Kasik</td>\r\n</tr>\r\n</tbody>\r\n</table>', 'images59.jpg', '', 'Perempuan', 'Punggung Kasik', '1990-10-05'),
(75, '6739764665220002', 'Vivia Ningsih', 'Guru', 'Kimia', '<table width=\"186\">\r\n<tbody>\r\n<tr>\r\n<td width=\"186\">Pua Data Padang Pukit</td>\r\n</tr>\r\n</tbody>\r\n</table>', 'images60.jpg', '', 'Perempuan', 'Pasa Dama', '1977-04-07'),
(76, '10301802189001', 'Wiwit Oktaviani', 'Guru', 'Sejarah', '<table width=\"186\">\r\n<tbody>\r\n<tr>\r\n<td width=\"186\">Korong Kampung Tangah</td>\r\n</tr>\r\n</tbody>\r\n</table>', 'images61.jpg', '', 'Perempuan', 'Kampung Tangah', '1989-10-10'),
(77, '197312102014062006', 'Yesi Mardeni', 'Guru', 'Pendidikan Kewarganegaraan', '<table width=\"186\">\r\n<tbody>\r\n<tr>\r\n<td width=\"186\">Kp. Sabalah No 104</td>\r\n</tr>\r\n</tbody>\r\n</table>', 'images62.jpg', '', 'Perempuan', 'Kp. Sabalah', '1973-12-10'),
(78, '198106142008032001', 'YUNI SUSANTI', 'Guru', 'Matematika', '<table width=\"186\">\r\n<tbody>\r\n<tr>\r\n<td width=\"186\">Perum H. Nurdin Gang Asoka, No. 4</td>\r\n</tr>\r\n</tbody>\r\n</table>', 'images63.jpg', '', 'Perempuan', 'Lubuk Alung', '1981-06-14'),
(79, '196606212007011003', 'Yunis', 'Guru', 'Penjkes/Olahraga', '<table width=\"186\">\r\n<tbody>\r\n<tr>\r\n<td width=\"186\">Sunagi Kalu</td>\r\n</tr>\r\n</tbody>\r\n</table>', 'avatar_co23.jpg', '', 'Laki - Laki', 'Padang Pariaman', '1966-06-21'),
(80, '197509122009012002', 'Yuslinar', 'Guru', 'Produktif TI', '<table width=\"186\">\r\n<tbody>\r\n<tr>\r\n<td width=\"186\">Perumnas Bumi Kencana Permai</td>\r\n</tr>\r\n</tbody>\r\n</table>', 'images64.jpg', '', 'Perempuan', 'Medan', '1975-09-12'),
(81, '196706021993032006', 'Zaz Yunelfa', 'Guru', 'Matematika', '<table width=\"186\">\r\n<tbody>\r\n<tr>\r\n<td width=\"186\">Perum Pondok Pinang Blok H.9</td>\r\n</tr>\r\n</tbody>\r\n</table>', 'images65.jpg', '', 'Perempuan', 'Padang', '1967-06-02'),
(82, '5455753655200002', 'ZUINAS PUTRA', 'Guru', 'Produktif TBSM', '<table width=\"186\">\r\n<tbody>\r\n<tr>\r\n<td width=\"186\">Jl. P.Tandean No. 2B Kampung Baru Pariaman</td>\r\n</tr>\r\n</tbody>\r\n</table>', 'avatar_co24.jpg', '', 'Laki - Laki', 'PADANG PARIAMAN', '1975-01-23'),
(83, '196905062007011011', 'Zulkarnaini', 'Guru', 'IPA', '<table width=\"186\">\r\n<tbody>\r\n<tr>\r\n<td width=\"186\">Kp. Kandang Koto Gadis</td>\r\n</tr>\r\n</tbody>\r\n</table>', 'avatar_co25.jpg', '', 'Laki - Laki', 'Pulau Air', '1969-05-06'),
(84, '5010340397', 'Zulna Devi', 'Guru', 'Bahasa Inggris', '<table width=\"186\">\r\n<tbody>\r\n<tr>\r\n<td width=\"186\">Toboh Tangah</td>\r\n</tr>\r\n</tbody>\r\n</table>', 'images66.jpg', '', 'Perempuan', 'Toboh Tangah', '1989-05-05'),
(85, '12121212', 'WINANDYA PRIMAZNI, S. Pd', 'Guru', 'Produktif TI', '', 'provinsi61.png', '', 'Perempuan', '', '0000-00-00'),
(86, '23232323', 'Windi Afriani, S.Pd', 'Guru', 'Produktif TI', '', 'provinsi62.png', '', 'Perempuan', '', '0000-00-00'),
(87, '34343434', 'GUSTRI MONALISA, S. Kom', 'Guru', 'KKPI/Siskomdig', '', 'provinsi63.png', '', 'Perempuan', '', '0000-00-00'),
(88, '45454545', 'Jamal Syarif, S.Pd', 'Guru', 'Produktif TI', '', 'provinsi64.png', '', 'Laki - Laki', '', '0000-00-00'),
(89, '56565656', 'Mega Amelia, S.Pd', 'Guru', 'Produktif TI', '', 'provinsi65.png', '', 'Perempuan', '', '0000-00-00'),
(90, '676767', 'Rahmi Anita Azmi, S.Pd', 'Guru', 'Produktif TI', '', 'bkk_sintoga4.jpg', '', 'Perempuan', '', '0000-00-00'),
(91, '787878', 'Al\'Uratil Wustqa, S.Pd', 'Guru', 'Produktif APH', '', 'bkk_sintoga5.jpg', '', 'Perempuan', '', '0000-00-00'),
(92, '898989', 'Maria Rose Pani, S.Pd', 'Guru', 'Kimia', '', 'bkk_sintoga6.jpg', '', 'Perempuan', '', '0000-00-00'),
(93, '919191', ' Aziz Muslim, S.Hum', 'Guru', 'Bahasa Jepang', '', 'bkk_sintoga7.jpg', '081363444215', 'Laki - Laki', 'Medan ', '1979-03-19'),
(94, '939393', 'Lia Gustina,S.Pd', 'Guru', 'Produktif Boga', '', 'bkk_sintoga8.jpg', '', 'Perempuan', '', '0000-00-00'),
(95, '929292', 'M. Ikbal, S.Pd', 'Guru', 'Produktif TBSM', '', 'bkk_sintoga9.jpg', '', 'Laki - Laki', '', '0000-00-00'),
(96, '949494', 'INDRA, S.Pd', 'Guru', 'Produktif TBSM', '', 'bkk_sintoga10.jpg', '', 'Laki - Laki', '', '0000-00-00'),
(97, '959595', 'Andrizal Martam, S.Pd', 'Guru', 'Produktif TBSM', '', 'bkk_sintoga11.jpg', '', 'Laki - Laki', '', '0000-00-00'),
(98, '969696', 'Marlinda Astuti', 'Guru', 'Produktif APH', '', 'bkk_sintoga12.jpg', '', 'Perempuan', '', '0000-00-00'),
(99, '5149753655200033', 'Agusrizal, S.Pdi, M.Ag', 'Guru', 'Agama', '', 'bkk_sintoga13.jpg', '', 'Laki - Laki', '', '0000-00-00'),
(100, '979797', 'Yulianan Selvi', 'Guru', 'Produktif APH', '', 'sinto69.jpg', '', 'Perempuan', '', '0000-00-00'),
(101, '878787', 'Welly Weliandi', 'Guru', 'Bimbingan Konseling', '', 'sinto70.jpg', '', 'Laki - Laki', '', '0000-00-00'),
(102, '54321', 'Ismael', 'Operator', 'Produktif TI', '', 'sinto71.jpg', '', 'Laki - Laki', '', '0000-00-00'),
(103, '11111111', 'GURU PIKET', 'Guru', 'Produktif TI', '', 'sinto72.jpg', '', 'Laki - Laki', '', '0000-00-00');

-- --------------------------------------------------------

--
-- Table structure for table `hari`
--

CREATE TABLE `hari` (
  `id_hari` int(20) NOT NULL,
  `hari` varchar(10) NOT NULL
) ENGINE=InnoDB DEFAULT CHARSET=latin1;

--
-- Dumping data for table `hari`
--

INSERT INTO `hari` (`id_hari`, `hari`) VALUES
(1, 'Senin'),
(2, 'Selasa'),
(3, 'Rabu'),
(4, 'Kamis'),
(5, 'Jumat'),
(6, 'Sabtu');

-- --------------------------------------------------------

--
-- Table structure for table `jadwal`
--

CREATE TABLE `jadwal` (
  `id_jadwal` int(50) NOT NULL,
  `id_kelas` int(20) NOT NULL,
  `id_jur` int(20) NOT NULL,
  `id_mapel` int(20) NOT NULL,
  `id_hari` int(20) NOT NULL,
  `sem` int(3) NOT NULL
) ENGINE=InnoDB DEFAULT CHARSET=latin1;

--
-- Dumping data for table `jadwal`
--

INSERT INTO `jadwal` (`id_jadwal`, `id_kelas`, `id_jur`, `id_mapel`, `id_hari`, `sem`) VALUES
(7, 42, 4, 452, 1, 1),
(8, 32, 5, 455, 1, 1),
(9, 10, 3, 458, 2, 1),
(10, 44, 4, 453, 2, 1),
(11, 32, 5, 457, 4, 1),
(12, 0, 3, 460, 6, 1),
(13, 43, 4, 454, 6, 1),
(14, 8, 3, 460, 6, 1),
(15, 7, 3, 461, 6, 1),
(16, 47, 3, 463, 4, 1),
(17, 46, 3, 464, 4, 1),
(18, 45, 3, 465, 5, 1),
(19, 10, 3, 466, 2, 1),
(20, 17, 4, 467, 2, 1),
(21, 7, 3, 468, 2, 1),
(22, 18, 4, 469, 3, 1),
(23, 19, 4, 473, 3, 1),
(24, 21, 1, 472, 5, 1),
(25, 8, 3, 474, 6, 1),
(26, 22, 1, 475, 6, 1),
(27, 22, 1, 476, 1, 1),
(28, 22, 1, 477, 2, 1),
(29, 21, 1, 478, 2, 1),
(30, 20, 1, 479, 4, 1),
(31, 20, 1, 480, 5, 1),
(32, 21, 1, 481, 6, 1),
(33, 22, 1, 482, 3, 1),
(34, 37, 1, 484, 4, 1),
(35, 38, 1, 486, 4, 1),
(36, 37, 1, 485, 6, 1),
(37, 21, 1, 483, 6, 1),
(38, 27, 3, 487, 1, 1),
(39, 28, 3, 488, 2, 1),
(40, 30, 4, 489, 3, 1),
(41, 29, 4, 490, 4, 1),
(42, 31, 4, 491, 2, 1),
(43, 21, 1, 492, 3, 1),
(44, 24, 2, 494, 3, 1),
(45, 20, 1, 493, 3, 1),
(46, 22, 1, 495, 4, 1),
(47, 23, 2, 496, 6, 1),
(48, 25, 2, 497, 6, 1),
(49, 49, 5, 498, 6, 1),
(50, 48, 5, 499, 6, 1),
(51, 41, 2, 500, 3, 1),
(52, 40, 2, 501, 3, 1),
(53, 40, 2, 502, 4, 1),
(54, 41, 2, 503, 4, 1),
(55, 39, 2, 504, 6, 1),
(56, 31, 4, 505, 6, 1),
(57, 30, 4, 506, 6, 1),
(58, 29, 4, 507, 6, 1),
(59, 29, 4, 508, 2, 1),
(60, 30, 4, 509, 3, 1),
(61, 31, 4, 510, 3, 1),
(62, 31, 4, 511, 5, 1),
(63, 30, 4, 512, 6, 1),
(64, 29, 4, 513, 6, 1),
(65, 21, 1, 514, 1, 1),
(66, 20, 1, 515, 2, 1),
(67, 22, 1, 516, 2, 1),
(68, 1, 1, 517, 3, 1),
(69, 3, 1, 518, 4, 1),
(70, 32, 5, 455, 1, 1),
(71, 6, 2, 521, 1, 1),
(72, 34, 5, 520, 2, 1),
(73, 18, 4, 522, 2, 1),
(74, 19, 4, 523, 4, 1),
(75, 3, 1, 525, 4, 1),
(76, 1, 1, 525, 4, 1),
(77, 17, 4, 524, 4, 1),
(78, 44, 4, 277, 1, 1),
(79, 42, 4, 278, 1, 1),
(80, 26, 3, 528, 2, 1),
(81, 43, 4, 279, 4, 1),
(83, 42, 4, 280, 4, 1),
(84, 28, 3, 527, 4, 1),
(85, 44, 4, 281, 4, 1),
(86, 29, 4, 529, 6, 1),
(87, 27, 3, 530, 6, 1),
(88, 30, 4, 531, 6, 1),
(89, 15, 5, 122, 2, 1),
(90, 34, 5, 519, 1, 1),
(91, 6, 2, 521, 1, 1),
(92, 34, 5, 520, 2, 1),
(93, 18, 4, 522, 2, 1),
(94, 19, 4, 523, 4, 1),
(95, 17, 4, 524, 4, 1),
(96, 3, 1, 525, 4, 1),
(97, 1, 1, 526, 4, 1),
(98, 5, 2, 532, 5, 1),
(99, 15, 5, 283, 2, 1),
(100, 6, 2, 534, 6, 1),
(101, 4, 2, 536, 6, 1),
(102, 16, 5, 287, 3, 1),
(103, 29, 4, 537, 2, 1),
(104, 30, 4, 538, 2, 1),
(105, 15, 5, 282, 3, 1),
(106, 31, 4, 539, 3, 1),
(107, 15, 5, 286, 2, 1),
(108, 18, 4, 540, 3, 1),
(109, 10, 3, 541, 3, 1),
(110, 16, 5, 284, 5, 1),
(112, 16, 5, 285, 5, 1),
(113, 8, 3, 543, 4, 1),
(114, 37, 1, 288, 1, 1),
(115, 0, 3, 387, 5, 1),
(116, 41, 2, 289, 3, 1),
(117, 40, 2, 290, 4, 1),
(118, 10, 3, 545, 5, 1),
(119, 39, 2, 291, 4, 1),
(122, 29, 4, 292, 1, 1),
(123, 28, 3, 293, 1, 1),
(124, 30, 4, 294, 1, 1),
(125, 6, 2, 555, 1, 1),
(126, 31, 4, 295, 2, 1),
(127, 1, 1, 557, 1, 1),
(128, 3, 1, 558, 1, 1),
(129, 5, 2, 561, 2, 1),
(130, 27, 3, 296, 2, 1),
(131, 42, 4, 564, 3, 1),
(132, 43, 4, 569, 3, 1),
(133, 23, 2, 297, 2, 1),
(134, 28, 3, 298, 3, 1),
(135, 24, 2, 299, 3, 1),
(136, 31, 4, 300, 3, 1),
(137, 26, 3, 301, 3, 1),
(138, 27, 3, 302, 5, 1),
(139, 7, 3, 550, 6, 1),
(140, 17, 4, 720, 4, 1),
(141, 17, 4, 721, 5, 1),
(142, 29, 4, 303, 5, 1),
(143, 18, 4, 544, 1, 1),
(144, 26, 3, 304, 4, 1),
(145, 23, 2, 305, 4, 1),
(146, 24, 2, 5, 5, 1),
(147, 30, 4, 307, 5, 1),
(148, 19, 4, 308, 1, 1),
(149, 17, 4, 309, 3, 1),
(150, 18, 4, 310, 6, 1),
(151, 32, 5, 311, 2, 1),
(152, 20, 1, 312, 2, 1),
(153, 33, 5, 313, 3, 1),
(154, 34, 5, 314, 3, 1),
(155, 24, 2, 315, 4, 1),
(156, 22, 1, 316, 4, 1),
(158, 25, 2, 318, 5, 1),
(159, 21, 1, 319, 4, 1),
(160, 23, 2, 320, 1, 1),
(161, 24, 2, 321, 1, 1),
(162, 23, 2, 322, 2, 1),
(163, 25, 2, 323, 2, 1),
(164, 20, 1, 324, 3, 1),
(165, 25, 2, 325, 3, 1),
(166, 20, 1, 326, 4, 1),
(167, 24, 2, 327, 4, 1),
(168, 18, 4, 328, 1, 1),
(169, 17, 4, 330, 2, 1),
(170, 7, 3, 329, 2, 1),
(171, 10, 3, 332, 2, 1),
(172, 5, 2, 333, 3, 1),
(173, 19, 4, 334, 3, 1),
(174, 8, 3, 335, 3, 1),
(175, 4, 2, 336, 4, 1),
(176, 19, 4, 337, 4, 1),
(177, 17, 4, 338, 4, 1),
(178, 8, 3, 339, 4, 1),
(179, 5, 2, 340, 5, 1),
(180, 4, 2, 341, 5, 1),
(181, 20, 1, 342, 1, 1),
(182, 33, 5, 343, 1, 1),
(183, 21, 1, 344, 1, 1),
(184, 25, 2, 345, 1, 1),
(185, 26, 3, 346, 2, 1),
(186, 29, 4, 347, 2, 1),
(187, 34, 5, 354, 2, 1),
(188, 24, 2, 356, 3, 1),
(189, 23, 2, 348, 3, 1),
(191, 30, 4, 349, 5, 1),
(192, 28, 3, 350, 5, 1),
(193, 22, 1, 351, 6, 1),
(194, 31, 4, 352, 6, 1),
(195, 32, 5, 353, 6, 1),
(196, 27, 3, 355, 3, 1),
(197, 30, 4, 357, 1, 1),
(198, 31, 4, 358, 2, 1),
(199, 29, 4, 359, 4, 1),
(200, 27, 3, 360, 4, 1),
(201, 28, 3, 361, 5, 1),
(202, 26, 3, 362, 6, 1),
(203, 20, 1, 363, 1, 1),
(204, 21, 1, 364, 1, 1),
(205, 22, 1, 365, 3, 1),
(206, 20, 1, 366, 3, 1),
(207, 21, 1, 367, 4, 1),
(208, 19, 4, 374, 1, 1),
(209, 16, 5, 369, 1, 1),
(210, 18, 4, 370, 2, 1),
(211, 17, 4, 371, 2, 1),
(212, 1, 1, 372, 4, 1),
(213, 4, 2, 373, 4, 1),
(214, 16, 5, 369, 5, 1),
(215, 4, 2, 373, 4, 1),
(216, 15, 5, 368, 5, 1),
(217, 6, 2, 375, 5, 1),
(218, 3, 1, 376, 6, 1),
(219, 5, 2, 377, 6, 1),
(220, 42, 4, 590, 2, 1),
(221, 44, 4, 591, 2, 1),
(222, 6, 2, 592, 2, 1),
(223, 4, 2, 378, 1, 1),
(224, 46, 3, 593, 2, 1),
(225, 45, 3, 594, 3, 1),
(226, 6, 2, 379, 1, 1),
(227, 47, 3, 595, 4, 1),
(228, 16, 5, 380, 1, 1),
(229, 1, 1, 596, 4, 1),
(230, 3, 1, 381, 1, 1),
(231, 15, 5, 382, 3, 1),
(232, 16, 5, 597, 4, 1),
(233, 15, 5, 598, 5, 1),
(234, 5, 2, 599, 6, 1),
(235, 3, 1, 600, 6, 1),
(236, 43, 4, 601, 6, 1),
(237, 5, 2, 383, 3, 1),
(238, 6, 2, 384, 3, 1),
(239, 5, 2, 385, 4, 1),
(240, 4, 2, 386, 4, 1),
(241, 19, 4, 387, 4, 1),
(242, 3, 1, 388, 5, 1),
(243, 16, 5, 389, 6, 1),
(244, 15, 5, 390, 6, 1),
(245, 1, 1, 391, 6, 1),
(246, 43, 4, 392, 3, 1),
(247, 42, 4, 393, 3, 1),
(248, 44, 4, 394, 6, 1),
(249, 37, 1, 395, 2, 1),
(250, 46, 3, 397, 3, 1),
(251, 38, 1, 400, 4, 1),
(252, 37, 1, 401, 4, 1),
(253, 38, 1, 396, 5, 1),
(254, 45, 3, 398, 6, 1),
(255, 47, 3, 399, 6, 1),
(256, 5, 2, 404, 2, 1),
(257, 4, 2, 408, 2, 1),
(258, 4, 2, 411, 3, 1),
(259, 6, 2, 409, 4, 1),
(260, 5, 2, 410, 4, 1),
(261, 6, 2, 407, 5, 1),
(262, 45, 3, 412, 1, 1),
(263, 46, 3, 413, 3, 1),
(264, 0, 4, 159, 3, 1),
(265, 44, 4, 416, 4, 1),
(267, 44, 4, 418, 4, 1),
(268, 43, 4, 417, 4, 1),
(269, 42, 4, 419, 6, 1),
(270, 43, 4, 420, 6, 1),
(271, 47, 3, 414, 6, 1),
(272, 42, 4, 415, 3, 1),
(273, 7, 3, 423, 1, 1),
(274, 27, 3, 425, 2, 1),
(275, 10, 3, 422, 4, 1),
(276, 26, 3, 424, 4, 1),
(277, 8, 3, 421, 5, 1),
(278, 28, 3, 426, 6, 1),
(279, 4, 2, 427, 1, 1),
(280, 15, 5, 428, 1, 1),
(281, 1, 1, 429, 2, 1),
(282, 16, 5, 430, 2, 1),
(283, 7, 3, 431, 2, 1),
(284, 10, 3, 432, 3, 1),
(285, 5, 2, 433, 3, 1),
(286, 8, 3, 434, 3, 1),
(287, 17, 4, 435, 5, 1),
(288, 19, 4, 436, 5, 1),
(289, 18, 4, 437, 6, 1),
(290, 3, 1, 438, 6, 1),
(291, 6, 2, 439, 6, 1),
(292, 19, 4, 449, 3, 1),
(293, 17, 4, 450, 3, 1),
(294, 18, 4, 451, 3, 1),
(295, 17, 4, 443, 1, 1),
(296, 17, 4, 444, 1, 1),
(297, 19, 4, 445, 2, 1),
(298, 19, 4, 446, 2, 1),
(299, 18, 4, 447, 4, 1),
(300, 18, 4, 448, 4, 1),
(301, 10, 3, 440, 1, 1),
(302, 8, 3, 441, 2, 1),
(303, 7, 3, 442, 3, 1),
(304, 22, 1, 38, 1, 1),
(305, 3, 1, 37, 3, 1),
(306, 21, 1, 39, 3, 1),
(307, 20, 1, 40, 6, 1),
(308, 1, 1, 41, 6, 1),
(309, 49, 5, 42, 1, 1),
(311, 21, 1, 44, 3, 1),
(312, 20, 1, 45, 3, 1),
(314, 40, 2, 661, 1, 1),
(315, 45, 3, 662, 1, 1),
(316, 43, 4, 663, 2, 1),
(317, 46, 3, 664, 2, 1),
(318, 42, 4, 665, 2, 1),
(319, 44, 4, 666, 3, 1),
(320, 41, 2, 667, 4, 1),
(321, 47, 3, 668, 4, 1),
(322, 16, 5, 669, 1, 1),
(323, 6, 2, 670, 1, 1),
(324, 4, 2, 671, 2, 1),
(325, 1, 1, 672, 2, 1),
(326, 18, 4, 673, 2, 1),
(327, 15, 5, 674, 3, 1),
(328, 17, 4, 675, 4, 1),
(329, 5, 2, 676, 4, 1),
(330, 8, 3, 677, 4, 1),
(331, 3, 1, 678, 4, 1),
(332, 19, 4, 679, 5, 1),
(333, 10, 3, 680, 5, 1),
(334, 47, 3, 668, 1, 1),
(335, 28, 3, 681, 1, 1),
(336, 39, 2, 682, 2, 1),
(337, 27, 3, 683, 3, 1),
(338, 37, 1, 684, 3, 1),
(339, 38, 1, 685, 3, 1),
(340, 49, 5, 686, 4, 1),
(341, 48, 5, 687, 4, 1),
(342, 26, 3, 688, 5, 1),
(343, 41, 2, 689, 1, 1),
(344, 46, 3, 692, 1, 1),
(345, 44, 4, 691, 2, 1),
(346, 45, 3, 690, 2, 1),
(347, 43, 4, 693, 2, 1),
(348, 48, 5, 694, 3, 1),
(349, 49, 5, 695, 3, 1),
(350, 47, 3, 696, 3, 1),
(351, 37, 1, 697, 5, 1),
(352, 42, 4, 698, 5, 1),
(353, 38, 1, 699, 6, 1),
(354, 39, 2, 700, 6, 1),
(355, 40, 2, 701, 6, 1),
(356, 37, 1, 702, 1, 1),
(357, 40, 2, 703, 1, 1),
(358, 41, 2, 704, 1, 1),
(359, 6, 2, 705, 2, 1),
(360, 4, 2, 706, 3, 1),
(361, 33, 5, 707, 5, 1),
(362, 34, 5, 708, 5, 1),
(363, 39, 2, 709, 6, 1),
(364, 32, 5, 710, 6, 1),
(365, 5, 2, 711, 6, 1),
(366, 26, 3, 712, 1, 1),
(367, 33, 5, 713, 1, 1),
(368, 33, 5, 714, 2, 1),
(369, 16, 5, 716, 2, 1),
(370, 5, 2, 717, 2, 1),
(371, 26, 3, 715, 3, 1),
(372, 15, 5, 718, 6, 1),
(373, 4, 2, 719, 6, 1),
(374, 33, 5, 546, 1, 1),
(375, 41, 2, 548, 1, 1),
(376, 34, 5, 551, 1, 1),
(377, 7, 3, 553, 2, 1),
(378, 8, 3, 554, 2, 1),
(379, 39, 2, 556, 4, 1),
(380, 44, 4, 559, 4, 1),
(381, 40, 2, 560, 5, 1),
(382, 22, 1, 562, 5, 1),
(383, 21, 1, 565, 5, 1),
(384, 32, 5, 566, 6, 1),
(385, 10, 3, 567, 6, 1),
(386, 20, 1, 568, 6, 1),
(387, 48, 5, 570, 1, 1),
(388, 37, 1, 571, 2, 1),
(389, 43, 4, 572, 2, 1),
(390, 49, 5, 573, 3, 1),
(391, 25, 2, 574, 3, 1),
(392, 23, 2, 575, 3, 1),
(393, 38, 1, 576, 6, 1),
(394, 42, 4, 577, 6, 1),
(395, 24, 2, 578, 6, 1),
(396, 32, 5, 579, 1, 1),
(397, 47, 3, 581, 1, 1),
(398, 42, 4, 582, 1, 1),
(399, 42, 4, 583, 2, 1),
(400, 34, 5, 584, 2, 1),
(401, 33, 5, 585, 2, 1),
(402, 46, 3, 586, 4, 1),
(403, 46, 3, 587, 4, 1),
(404, 47, 3, 588, 4, 1),
(405, 45, 3, 589, 5, 1),
(406, 38, 1, 602, 1, 1),
(407, 49, 5, 603, 1, 1),
(408, 40, 2, 604, 1, 1),
(409, 39, 2, 605, 2, 1),
(410, 37, 1, 606, 2, 1),
(411, 6, 2, 607, 2, 1),
(412, 38, 1, 608, 2, 1),
(413, 49, 5, 609, 3, 1),
(414, 48, 5, 610, 3, 1),
(415, 3, 1, 611, 3, 1),
(416, 39, 2, 612, 3, 1),
(417, 48, 5, 613, 4, 1),
(418, 37, 1, 614, 4, 1),
(419, 6, 2, 615, 4, 1),
(420, 3, 1, 616, 5, 1),
(421, 40, 2, 617, 5, 1),
(422, 48, 5, 618, 1, 1),
(423, 29, 4, 619, 1, 1),
(424, 30, 4, 620, 2, 1),
(425, 42, 4, 625, 2, 1),
(426, 31, 4, 621, 2, 1),
(427, 29, 4, 622, 3, 1),
(428, 44, 4, 626, 3, 1),
(429, 30, 4, 623, 4, 1),
(430, 31, 4, 624, 4, 1),
(431, 43, 4, 627, 5, 1),
(432, 28, 3, 628, 1, 1),
(433, 8, 3, 631, 3, 1),
(434, 27, 3, 629, 3, 1),
(435, 26, 3, 424, 4, 1),
(436, 10, 3, 632, 4, 1),
(437, 7, 3, 722, 5, 1),
(438, 8, 3, 633, 1, 1),
(439, 47, 3, 636, 1, 1),
(440, 10, 3, 634, 3, 1),
(441, 7, 3, 635, 4, 1),
(442, 45, 3, 637, 4, 1),
(443, 46, 3, 638, 5, 1),
(444, 26, 3, 639, 1, 1),
(445, 45, 3, 642, 3, 1),
(446, 47, 3, 643, 3, 1),
(447, 46, 3, 644, 3, 1),
(449, 26, 3, 630, 4, 1),
(450, 27, 3, 640, 4, 1),
(451, 28, 3, 641, 5, 1),
(452, 39, 2, 645, 1, 1),
(453, 41, 2, 648, 1, 1),
(454, 39, 2, 649, 1, 1),
(455, 40, 2, 650, 3, 1),
(456, 23, 2, 651, 4, 1),
(457, 40, 2, 646, 4, 1),
(458, 41, 2, 647, 6, 1),
(459, 23, 2, 652, 6, 1),
(460, 49, 5, 653, 1, 1),
(461, 38, 1, 654, 1, 1),
(462, 37, 1, 655, 3, 1),
(463, 39, 2, 656, 3, 1),
(464, 48, 5, 657, 5, 1),
(465, 40, 2, 658, 6, 1),
(466, 44, 4, 659, 6, 1),
(467, 41, 2, 660, 6, 1),
(468, 37, 1, 52, 5, 1),
(470, 34, 5, 43, 3, 1),
(471, 24, 2, 46, 3, 1),
(472, 39, 2, 47, 3, 1),
(473, 48, 5, 48, 4, 1),
(474, 41, 2, 49, 4, 1),
(475, 23, 2, 50, 4, 1),
(476, 40, 2, 51, 4, 1),
(477, 25, 2, 53, 5, 1),
(478, 22, 1, 54, 6, 1),
(479, 32, 5, 55, 6, 1),
(480, 38, 1, 56, 6, 1),
(481, 33, 5, 57, 6, 1),
(482, 15, 5, 58, 1, 1),
(483, 48, 5, 59, 1, 1),
(484, 49, 5, 60, 1, 1),
(485, 16, 5, 61, 2, 1),
(486, 26, 3, 63, 3, 1),
(487, 43, 4, 65, 3, 1),
(488, 38, 1, 62, 4, 1),
(489, 28, 3, 66, 4, 1),
(490, 44, 4, 67, 5, 1),
(491, 27, 3, 68, 6, 1),
(492, 42, 4, 69, 6, 1),
(493, 24, 2, 70, 1, 1),
(494, 25, 2, 71, 1, 1),
(495, 41, 2, 74, 2, 1),
(496, 40, 2, 75, 2, 1),
(497, 39, 2, 76, 3, 1),
(498, 40, 2, 77, 3, 1),
(499, 25, 2, 72, 4, 1),
(500, 24, 2, 73, 4, 1),
(501, 39, 2, 78, 5, 1),
(502, 41, 2, 79, 5, 1),
(503, 17, 4, 80, 6, 1),
(504, 17, 4, 81, 6, 1),
(505, 16, 5, 82, 1, 1),
(506, 15, 5, 83, 1, 1),
(507, 49, 5, 84, 2, 1),
(508, 48, 5, 85, 2, 1),
(509, 3, 1, 86, 2, 1),
(510, 38, 1, 88, 3, 1),
(511, 1, 1, 87, 6, 1),
(512, 37, 1, 89, 6, 1),
(513, 48, 5, 90, 2, 1),
(514, 49, 5, 91, 2, 1),
(515, 25, 2, 92, 1, 1),
(516, 20, 1, 93, 1, 1),
(517, 24, 2, 95, 2, 1),
(518, 23, 2, 96, 2, 1),
(519, 1, 1, 97, 3, 1),
(520, 47, 3, 98, 5, 1),
(521, 46, 3, 99, 6, 1),
(522, 45, 3, 101, 6, 1),
(523, 3, 1, 102, 6, 1),
(524, 38, 1, 103, 2, 1),
(525, 39, 2, 104, 2, 1),
(526, 39, 2, 105, 1, 1),
(527, 43, 4, 106, 1, 1),
(528, 40, 2, 107, 2, 1),
(529, 44, 4, 108, 2, 1),
(530, 41, 2, 109, 2, 1),
(531, 42, 4, 110, 5, 1),
(532, 41, 2, 111, 6, 1),
(533, 40, 2, 112, 6, 1),
(534, 49, 5, 113, 5, 1),
(535, 49, 5, 115, 6, 1),
(536, 48, 5, 114, 6, 1),
(537, 21, 1, 116, 2, 1),
(538, 20, 1, 117, 2, 1),
(539, 21, 1, 118, 4, 1),
(540, 22, 1, 119, 4, 1),
(541, 22, 1, 120, 5, 1),
(542, 20, 1, 121, 6, 1),
(543, 15, 5, 122, 4, 1),
(544, 15, 5, 123, 4, 1),
(545, 16, 5, 124, 6, 1),
(546, 16, 5, 125, 6, 1),
(547, 32, 5, 126, 3, 1),
(548, 48, 5, 132, 3, 1),
(549, 32, 5, 127, 4, 1),
(550, 49, 5, 133, 4, 1),
(551, 34, 5, 128, 5, 1),
(552, 33, 5, 130, 6, 1),
(553, 33, 5, 131, 5, 1),
(554, 34, 5, 129, 2, 1),
(555, 1, 1, 134, 1, 1),
(556, 34, 5, 135, 1, 1),
(557, 33, 5, 136, 2, 1),
(558, 32, 5, 137, 2, 1),
(559, 34, 5, 138, 3, 1),
(560, 15, 5, 139, 3, 1),
(561, 16, 5, 140, 4, 1),
(562, 1, 1, 141, 4, 1),
(563, 33, 5, 142, 5, 1),
(564, 41, 2, 143, 2, 1),
(565, 40, 2, 149, 2, 1),
(566, 40, 2, 144, 3, 1),
(567, 38, 1, 145, 3, 1),
(568, 37, 1, 146, 3, 1),
(569, 39, 2, 147, 4, 1),
(570, 41, 2, 148, 4, 1),
(571, 39, 2, 150, 5, 1),
(572, 5, 2, 151, 1, 1),
(573, 4, 2, 154, 1, 1),
(574, 4, 2, 155, 2, 1),
(575, 6, 2, 156, 3, 1),
(576, 3, 1, 17, 3, 1),
(577, 6, 2, 153, 4, 1),
(578, 1, 1, 18, 5, 1),
(579, 46, 3, 158, 2, 1),
(580, 47, 3, 161, 2, 1),
(581, 47, 3, 164, 2, 1),
(582, 45, 3, 162, 4, 1),
(583, 45, 3, 159, 4, 1),
(584, 46, 3, 165, 4, 1),
(585, 47, 3, 160, 6, 1),
(586, 46, 3, 163, 6, 1),
(587, 45, 3, 166, 6, 1),
(588, 4, 2, 167, 5, 1),
(589, 5, 2, 170, 5, 1),
(590, 4, 2, 171, 6, 1),
(591, 5, 2, 168, 6, 1),
(592, 6, 2, 172, 6, 1),
(593, 6, 2, 169, 6, 1),
(594, 32, 5, 173, 3, 1),
(595, 33, 5, 174, 4, 1),
(596, 34, 5, 175, 6, 1),
(597, 29, 4, 177, 3, 1),
(598, 30, 4, 178, 4, 1),
(599, 31, 4, 179, 6, 1),
(600, 18, 4, 180, 5, 1),
(601, 18, 4, 181, 5, 1),
(602, 19, 4, 182, 6, 1),
(603, 19, 4, 183, 6, 1),
(604, 3, 1, 184, 2, 1),
(605, 1, 1, 185, 2, 1),
(606, 31, 4, 186, 2, 1),
(607, 28, 3, 187, 3, 1),
(608, 27, 3, 188, 5, 1),
(609, 26, 3, 189, 6, 1),
(610, 29, 4, 190, 1, 1),
(611, 31, 4, 191, 1, 1),
(612, 17, 4, 192, 2, 1),
(613, 30, 4, 193, 2, 1),
(614, 26, 3, 194, 2, 1),
(615, 28, 3, 195, 3, 1),
(616, 27, 3, 196, 3, 1),
(617, 19, 4, 197, 3, 1),
(618, 8, 3, 203, 6, 1),
(619, 18, 4, 200, 3, 1),
(620, 4, 2, 201, 4, 1),
(621, 7, 3, 202, 4, 1),
(622, 10, 3, 204, 6, 1),
(623, 30, 4, 205, 1, 1),
(624, 31, 4, 206, 4, 1),
(626, 23, 2, 208, 4, 1),
(627, 7, 3, 209, 4, 1),
(628, 29, 4, 210, 5, 1),
(629, 46, 3, 211, 1, 1),
(630, 44, 4, 213, 1, 1),
(631, 43, 4, 214, 1, 1),
(632, 45, 3, 215, 1, 1),
(633, 47, 3, 216, 2, 1),
(634, 46, 3, 217, 2, 1),
(635, 44, 4, 218, 3, 1),
(636, 25, 2, 219, 3, 1),
(637, 41, 2, 220, 3, 1),
(638, 45, 3, 221, 3, 1),
(639, 42, 4, 222, 4, 1),
(640, 43, 4, 223, 4, 1),
(641, 25, 2, 224, 4, 1),
(642, 41, 2, 225, 5, 1),
(643, 4, 2, 226, 1, 1),
(644, 23, 2, 229, 1, 1),
(645, 23, 2, 230, 3, 1),
(646, 6, 2, 227, 3, 1),
(647, 25, 2, 231, 4, 1),
(648, 24, 2, 233, 5, 1),
(649, 25, 2, 232, 6, 1),
(650, 5, 2, 228, 6, 1),
(651, 24, 2, 234, 6, 1),
(652, 3, 1, 235, 1, 1),
(653, 1, 1, 236, 1, 1),
(654, 24, 2, 237, 2, 1),
(655, 25, 2, 238, 3, 1),
(656, 23, 2, 239, 3, 1),
(657, 23, 2, 240, 5, 1),
(658, 24, 2, 241, 6, 1),
(659, 25, 2, 242, 6, 1),
(660, 33, 5, 243, 3, 1),
(661, 34, 5, 244, 4, 1),
(662, 32, 5, 245, 5, 1),
(663, 48, 5, 247, 6, 1),
(664, 49, 5, 248, 6, 1),
(665, 46, 3, 249, 1, 1),
(666, 47, 3, 250, 3, 1),
(667, 45, 3, 251, 3, 1),
(668, 43, 4, 252, 1, 1),
(669, 44, 4, 253, 1, 1),
(670, 4, 2, 254, 3, 1),
(671, 10, 3, 255, 6, 1),
(672, 7, 3, 256, 6, 1),
(673, 8, 3, 257, 6, 1),
(674, 38, 1, 258, 2, 1),
(675, 37, 1, 259, 6, 1),
(676, 38, 1, 260, 1, 1),
(677, 37, 1, 261, 1, 1),
(678, 23, 2, 262, 1, 1),
(680, 25, 2, 263, 2, 1),
(681, 24, 2, 264, 2, 1),
(682, 23, 2, 266, 6, 1),
(683, 23, 2, 266, 6, 1),
(684, 47, 3, 267, 1, 1),
(685, 45, 3, 268, 2, 1),
(686, 43, 4, 271, 2, 1),
(687, 49, 5, 272, 4, 1),
(688, 48, 5, 273, 4, 1),
(689, 42, 4, 274, 4, 1),
(690, 44, 4, 275, 6, 1),
(691, 46, 3, 276, 6, 1);

-- --------------------------------------------------------

--
-- Table structure for table `jam`
--

CREATE TABLE `jam` (
  `id_jam` int(20) NOT NULL,
  `jam` varchar(20) NOT NULL,
  `durasi` varchar(30) NOT NULL,
  `ket` varchar(20) NOT NULL
) ENGINE=InnoDB DEFAULT CHARSET=latin1;

--
-- Dumping data for table `jam`
--

INSERT INTO `jam` (`id_jam`, `jam`, `durasi`, `ket`) VALUES
(1, '1', '07.30 - 08.15', 'pagi'),
(2, '2', '', 'pagi'),
(3, '3', '', 'pagi'),
(4, '4', '', 'pagi'),
(5, '5', '', 'siang'),
(6, '6', '', 'siang'),
(7, '7', '', 'siang'),
(8, '8', '', 'siang'),
(9, '9', '', 'siang'),
(10, '10', '', 'siang'),
(11, '11', '', 'siang'),
(12, '12', '', 'siang'),
(14, '1-2', '07.30 - 09.00', 'pagi'),
(15, '1-3', '07.30 - 09.45', 'pagi'),
(16, '1-4', '07.30 - 10.30', 'pagi'),
(17, '1-5', '07.30 - 11.35', 'pagi'),
(18, '2-3', '', 'pagi'),
(19, '2-4', '', 'pagi'),
(20, '2-5', '', 'pagi'),
(21, '1-6', '07.30 - 12.20', 'pagi'),
(22, '2-6', '8.15 - 12.20', 'pagi'),
(23, '3-4', '09.00 - 10.30', 'pagi'),
(24, '3-5', '09.00 - 11.35', 'pagi'),
(25, '3-6', '09.00 - 12.20', 'pagi'),
(26, '3-7', '09.00 - 13.35', 'pagi'),
(27, '4-5', '09.45 - 11.35', 'pagi'),
(28, '4-6', '09.45 - 12.20', 'pagi'),
(29, '4-7', '09.45 - 13.35', 'pagi'),
(30, '4-8', '09.45 - 14.20', 'pagi'),
(31, '5-6', '10.50 - 12.20', 'siang'),
(32, '5-7', '10.50 - 13.35', 'siang'),
(33, '5-8', '10.50 - 14.20', 'siang'),
(34, '1-7', '07.30 - 13.35', 'pagi'),
(35, '2-8', '08.15 - 14.20', 'pagi'),
(36, '2-9', '08.15 - 15.05', 'pagi'),
(37, '3-9', '09.00 - 15.05', 'pagi'),
(39, '3-10', '09.00 - 15.50', 'pagi'),
(40, '4-10', '09.45 - 15.50', 'pagi'),
(41, '4-9', '09.45 - 15.05', 'pagi'),
(42, '5-9', '10.50 - 15.05', 'siang'),
(43, '5-11', '10.50 - 16.35', 'siang'),
(44, '5-12', '10.50 - 17.20', 'siang'),
(45, '6-7', '11.35 - 13.35', 'siang'),
(46, '6-8', '11.35 - 14.20', 'siang'),
(47, '6-9', '11.35 - 15.05', 'siang'),
(48, '6-10', '11.35 - 15.45', 'siang'),
(49, '6-12', '11.35 - 17.20', 'siang'),
(50, '6-12', '11.35 - 17.20', 'siang'),
(51, '7-8', '12.50 - 14.20', 'siang'),
(52, '7-9', '12.50 - 15.05', 'siang'),
(53, '7-10', '12.50 - 15.45', 'siang'),
(54, '7-11', '12.50 - 16.35', 'siang'),
(55, '8-9', '13.35 - 15.05', 'siang'),
(56, '8-10', '13.35 - 15.50', 'siang'),
(57, '8-11', '13.35 - 16.35', 'siang'),
(58, '8-12', '13.35 - 17.20', 'siang'),
(59, '9-10', '14.20 - 15.50', 'siang'),
(60, '9-11', '14.20 - 16.35', 'siang'),
(61, '9-12', '14.20 - 17.20', 'siang'),
(62, '11-12', '15.50 - 16.35', 'siang'),
(63, '10-11', '15.05 - 15.50', 'siang'),
(64, '1-8', '07.30 - 14.20', 'pagi'),
(65, '1-8', '07.30 - 14.20', 'pagi'),
(66, '2-7', '08.15 - 13.35', 'pagi'),
(67, '4-11', '09.45 - 16.35', 'pagi'),
(68, '10-12', '15.50 - 17.20', 'siang');

-- --------------------------------------------------------

--
-- Table structure for table `jurusan`
--

CREATE TABLE `jurusan` (
  `id_jur` int(10) NOT NULL,
  `jurusan` varchar(50) NOT NULL
) ENGINE=InnoDB DEFAULT CHARSET=latin1;

--
-- Dumping data for table `jurusan`
--

INSERT INTO `jurusan` (`id_jur`, `jurusan`) VALUES
(1, 'Rekayasa Perangkat Lunak'),
(2, 'Teknik Komputer Jaringan'),
(3, 'Jasa Boga'),
(4, 'Perhotelan'),
(5, 'Teknik dan Bisnis Sepeda Motor');

-- --------------------------------------------------------

--
-- Table structure for table `kelas`
--

CREATE TABLE `kelas` (
  `id_kelas` int(5) NOT NULL,
  `kelas` varchar(10) NOT NULL,
  `id_jur` int(10) NOT NULL,
  `id_guru` varchar(150) NOT NULL
) ENGINE=InnoDB DEFAULT CHARSET=latin1;

--
-- Dumping data for table `kelas`
--

INSERT INTO `kelas` (`id_kelas`, `kelas`, `id_jur`, `id_guru`) VALUES
(1, 'XII - 2', 1, '1'),
(3, 'XII - 1', 1, '1'),
(4, 'XII - 1', 2, '6'),
(5, 'XII - 2', 2, '6'),
(6, 'XII - 3', 2, '6'),
(7, 'XII - 1', 3, '19'),
(8, 'XII - 2', 3, '19'),
(10, 'XII - 3', 3, '21'),
(15, 'XII - 1', 5, '19'),
(16, 'XII - 2', 5, '19'),
(17, 'XII - 1', 4, '6'),
(18, 'XII - 2', 4, '6'),
(19, 'XII - 3', 4, '6'),
(20, 'XI - 1', 1, '1'),
(21, 'XI - 2', 1, '1'),
(22, 'XI - 3', 1, '1'),
(23, 'XI - 1', 2, '12'),
(24, 'XI - 2', 2, '12'),
(25, 'XI - 3', 2, '12'),
(26, 'XI - 1', 3, '2'),
(27, 'XI - 2', 3, '2'),
(28, 'XI - 3', 3, '12'),
(29, 'XI - 1', 4, '7'),
(30, 'XI - 2', 4, '7'),
(31, 'XI - 3', 4, '7'),
(32, 'XI - 1', 5, '15'),
(33, 'XI - 2', 5, '15'),
(34, 'XI - 3', 5, '7'),
(37, 'X - 1', 1, '85'),
(38, 'X - 2', 1, '74'),
(39, 'X - 3', 2, '27'),
(40, 'X - 2', 2, '72'),
(41, 'X - 1', 2, '52'),
(42, 'X - 1', 4, '77'),
(43, 'X - 2', 4, '32'),
(44, 'X - 3', 4, '20'),
(45, 'X - 1', 3, '30'),
(46, 'X - 2', 3, '78'),
(47, 'X - 3', 3, '26'),
(48, 'X - 1', 5, '87'),
(49, 'X - 2', 5, '82');

-- --------------------------------------------------------

--
-- Table structure for table `mapel`
--

CREATE TABLE `mapel` (
  `id_mapel` int(50) NOT NULL,
  `id_guru` varchar(150) NOT NULL,
  `id_jam` int(20) NOT NULL,
  `id_kelas` int(20) NOT NULL,
  `mapel` varchar(100) NOT NULL,
  `hari` varchar(10) NOT NULL
) ENGINE=InnoDB DEFAULT CHARSET=latin1;

--
-- Dumping data for table `mapel`
--

INSERT INTO `mapel` (`id_mapel`, `id_guru`, `id_jam`, `id_kelas`, `mapel`, `hari`) VALUES
(4, '12', 14, 28, 'Matemaika 2', ''),
(5, '12', 18, 24, 'Matemaika 2', ''),
(17, '51', 53, 3, 'Pemograman Grafik', ''),
(18, '51', 20, 1, 'Pemograman Grafik', ''),
(20, '72', 1, 20, 'Apel', ''),
(22, '87', 1, 22, 'Apel', ''),
(25, '4', 1, 47, 'Apel', ''),
(27, '6', 1, 45, 'Apel', ''),
(30, '9', 1, 43, 'Apel', ''),
(36, '1', 1, 37, 'Apel', ''),
(37, '37', 16, 3, 'Basis Data', ''),
(38, '37', 47, 22, 'Basis Data', ''),
(39, '37', 33, 21, 'Basis Data', ''),
(40, '37', 33, 20, 'Basis Data', ''),
(41, '37', 61, 1, 'Basis Data', ''),
(42, '60', 2, 49, 'Bimbingan Konseling', ''),
(43, '60', 3, 34, 'Bimbingan Konseling', ''),
(44, '60', 4, 21, 'Bimbingan Konseling', ''),
(45, '60', 7, 20, 'Bimbingan Konseling', ''),
(46, '60', 8, 24, 'Bimbingan Konseling', ''),
(47, '60', 9, 39, 'Bimbingan Konseling', ''),
(48, '60', 3, 48, 'Bimbingan Konseling', ''),
(49, '60', 6, 41, 'Bimbingan Konseling', ''),
(50, '60', 7, 23, 'Bimbingan Konseling', ''),
(51, '60', 9, 40, 'Bimbingan Konseling', ''),
(52, '60', 4, 37, 'Bimbingan Konseling', ''),
(53, '60', 5, 25, 'Bimbingan Konseling', ''),
(54, '60', 1, 22, 'Bimbingan Konseling', ''),
(55, '60', 3, 32, 'Bimbingan Konseling', ''),
(56, '60', 5, 38, 'Bimbingan Konseling', ''),
(57, '60', 9, 33, 'Bimbingan Konseling', ''),
(58, '67', 19, 15, 'Pendidikan Agama Islam', ''),
(59, '67', 32, 48, 'Pendidikan Agama Islam', ''),
(60, '67', 56, 49, 'Pendidikan Agama Islam', ''),
(61, '67', 32, 16, 'Pendidikan Agama Islam', ''),
(62, '67', 15, 38, 'Pendidikan Agama Islam', ''),
(63, '67', 15, 26, 'Pendidikan Agama Islam', ''),
(65, '67', 52, 43, 'Pendidikan Agama Islam', ''),
(66, '67', 28, 28, 'Pendidikan Agama Islam', ''),
(67, '67', 19, 44, 'Pendidikan Agama Islam', ''),
(68, '67', 15, 27, 'Pendidikan Agama Islam', ''),
(69, '67', 28, 42, 'Pendidikan Agama Islam', ''),
(70, '80', 19, 24, 'Teknologi  WAN 1', ''),
(71, '80', 32, 25, 'Teknologi  WAN 1', ''),
(72, '80', 28, 25, 'Teknologi  WAN 2', ''),
(73, '80', 52, 24, 'Teknologi  WAN 2', ''),
(74, '80', 15, 41, 'Komputer dan Jaringan Dasar 1', ''),
(75, '80', 28, 40, 'Komputer dan Jaringan Dasar 1', ''),
(76, '80', 15, 39, 'Komputer dan Jaringan Dasar 1', ''),
(77, '80', 27, 40, 'Komputer dan Jaringan Dasar 2', ''),
(78, '80', 18, 39, 'Komputer dan Jaringan Dasar 2', ''),
(79, '80', 27, 41, 'Komputer dan Jaringan Dasar 2', ''),
(80, '48', 17, 17, 'House Keeping 1', ''),
(81, '48', 48, 17, 'House Keeping 2', ''),
(82, '76', 18, 16, 'Sejarah Indonesia', ''),
(83, '76', 31, 15, 'Sejarah Indonesia', ''),
(84, '76', 15, 49, 'Sejarah Indonesia', ''),
(85, '76', 28, 48, 'Sejarah Indonesia', ''),
(86, '85', 33, 3, 'Pemograman Perangkat Bergerak', ''),
(87, '85', 16, 1, 'Pemograman Perangkat Bergerak', ''),
(88, '85', 15, 38, 'Dasar Design Grafik', ''),
(89, '85', 52, 37, 'Dasar Design Grafik', ''),
(90, '75', 15, 48, 'Kimia', ''),
(91, '75', 28, 49, 'Kimia', ''),
(92, '31', 19, 25, 'Pendidikan Agama Islam', ''),
(93, '31', 46, 20, 'Pendidikan Agama Islam', ''),
(95, '31', 15, 24, 'Pendidikan Agama Islam', ''),
(96, '31', 32, 23, 'Pendidikan Agama Islam', ''),
(97, '31', 15, 1, 'Pendidikan Agama Islam', ''),
(98, '31', 19, 47, 'Pendidikan Agama Islam', ''),
(99, '31', 15, 46, 'Pendidikan Agama Islam', ''),
(101, '31', 28, 45, 'Pendidikan Agama Islam', ''),
(102, '31', 52, 3, 'Pendidikan Agama Islam', ''),
(103, '69', 15, 38, 'Fisika', ''),
(104, '69', 46, 39, 'Kimia', ''),
(105, '46', 32, 39, 'Sejarah Indonesia', ''),
(106, '46', 56, 43, 'Sejarah Indonesia', ''),
(107, '46', 15, 40, 'Sejarah Indonesia', ''),
(108, '46', 28, 44, 'Sejarah Indonesia', ''),
(109, '46', 52, 41, 'Sejarah Indonesia', ''),
(110, '46', 19, 42, 'Sejarah Indonesia', ''),
(111, '92', 15, 41, 'Kimia', ''),
(112, '92', 28, 40, 'Kimia', ''),
(113, '63', 20, 49, 'Teknik Dasar Otomotif', ''),
(114, '63', 61, 48, 'Teknik Dasar Otomotif', ''),
(115, '63', 32, 49, 'Fisika', ''),
(116, '9', 16, 21, 'Pemrograman Web dan Perangkat Bergerak', ''),
(117, '9', 57, 20, 'Pemrograman Web dan Perangkat Bergerak', ''),
(118, '9', 16, 21, 'Pemrograman Web dan Perangkat Bergerak 2', ''),
(119, '9', 53, 22, 'Pemrograman Web dan Perangkat Bergerak', ''),
(120, '9', 20, 22, 'Pemrograman Web dan Perangkat Bergerak 2', ''),
(121, '9', 16, 20, 'Pemrograman Web dan Perangkat Bergerak 2', ''),
(122, '97', 16, 15, 'Pemeliharaaan Mesin Sepeda Motor 1', ''),
(123, '97', 33, 15, 'Pemeliharaaan Mesin Sepeda Motor 2', ''),
(124, '97', 25, 16, 'Pemeliharaaan Mesin Sepeda Motor 1', ''),
(125, '97', 53, 16, 'Pemeliharaaan Mesin Sepeda Motor 2', ''),
(126, '40', 16, 32, 'Pemeliharaan Listrik Sepeda Motor', ''),
(127, '40', 16, 32, 'Pemeliharaan Listrik Sepeda Motor 2', ''),
(128, '40', 20, 34, 'Pemeliharaan Listrik Sepeda Motor', ''),
(129, '40', 61, 34, 'Pemeliharaan Listrik Sepeda Motor 2', ''),
(130, '40', 16, 33, 'Pemeliharaan Listrik Sepeda Motor', ''),
(131, '40', 53, 33, 'Pemeliharaan Listrik Sepeda Motor 2', ''),
(132, '40', 42, 48, 'Pekerjaan Dasar Ototmotif', ''),
(133, '40', 54, 49, 'Pekerjaan Dasar Ototmotif', ''),
(134, '14', 18, 1, 'Matematika', ''),
(135, '14', 45, 34, 'Matematika', ''),
(136, '14', 14, 33, 'Matematika', ''),
(137, '14', 29, 32, 'Matematika', ''),
(138, '14', 14, 34, 'Matematika 2', ''),
(139, '14', 25, 15, 'Matematika', ''),
(140, '14', 16, 16, 'Matematika', ''),
(141, '14', 31, 1, 'Matematika 2', ''),
(142, '14', 18, 33, 'Matematika 2', ''),
(143, '72', 28, 41, 'Simulasi Digital', ''),
(144, '72', 16, 40, 'Simulasi Digital', ''),
(145, '72', 28, 38, 'Simulasi Digital', ''),
(146, '72', 52, 37, 'Simulasi Digital', ''),
(147, '72', 24, 39, 'Simulasi Digital', ''),
(148, '72', 52, 41, 'Pemrograman Dasar', ''),
(149, '72', 52, 40, 'Pemrograman Dasar', ''),
(150, '72', 28, 39, 'Pemrograman Dasar', ''),
(151, '51', 21, 5, 'Kerja Proyek 1', ''),
(153, '51', 32, 6, 'Kerja Proyek 2', ''),
(154, '51', 56, 4, 'Kerja Proyek 1', ''),
(155, '51', 24, 4, 'Kerja Proyek 2', ''),
(156, '51', 15, 6, 'Kerja Proyek 1', ''),
(158, '61', 15, 46, 'Kepariwisataan', ''),
(159, '61', 28, 45, 'Kepariwisataan', ''),
(160, '61', 15, 47, 'Kepariwisataan', ''),
(161, '61', 32, 47, 'Pengetahuan Bahan Makanan', ''),
(162, '61', 15, 45, 'Pengetahuan Bahan Makanan', ''),
(163, '61', 28, 46, 'Pengetahuan Bahan Makanan', ''),
(164, '61', 55, 47, 'SHdKK', ''),
(165, '61', 51, 46, 'SHdKK', ''),
(166, '61', 51, 45, 'SHdKK', ''),
(167, '42', 18, 4, 'Rancang Bangun Jaringan', ''),
(168, '42', 23, 5, 'Rancang Bangun Jaringan', ''),
(169, '42', 59, 6, 'Rancang Bangun Jaringan', ''),
(170, '42', 27, 5, 'Sistem Operasi Jaringan', ''),
(171, '42', 14, 4, 'Sistem Operasi Jaringan', ''),
(172, '42', 31, 6, 'Sistem Operasi Jaringan', ''),
(173, '47', 44, 32, 'Pemeliharaan Sais Sepeda Motor', ''),
(174, '47', 64, 33, 'Pemeliharaan Sais Sepeda Motor', ''),
(175, '47', 64, 34, 'Pemeliharaan Sais Sepeda Motor', ''),
(177, '98', 40, 29, 'House Keeping ', ''),
(178, '98', 40, 30, 'House Keeping ', ''),
(179, '98', 50, 31, 'House Keeping ', ''),
(180, '91', 22, 18, 'House Keeping', ''),
(181, '91', 54, 18, 'House Keeping 2', ''),
(182, '91', 17, 19, 'House Keeping', ''),
(183, '91', 48, 19, 'House Keeping 2', ''),
(184, '89', 16, 3, 'Pemrograman Web Dinamis', ''),
(185, '89', 33, 1, 'Pemrograman Web Dinamis', ''),
(186, '100', 35, 31, 'Front Office', ''),
(187, '94', 40, 28, 'Pengolahan dan Penyajian Makanan Indonesia', ''),
(188, '94', 35, 27, 'Pengolahan dan Penyajian Makanan Indonesia', ''),
(189, '94', 37, 26, 'Pengolahan dan Penyajian Makanan Indonesia', ''),
(190, '101', 4, 29, 'Bimbingan Konseling', ''),
(191, '101', 9, 31, 'Bimbingan Konseling', ''),
(192, '101', 3, 17, 'Bimbingan Konseling', ''),
(193, '101', 4, 30, 'Bimbingan Konseling', ''),
(194, '101', 6, 26, 'Bimbingan Konseling', ''),
(195, '101', 3, 28, 'Bimbingan Konseling', ''),
(196, '101', 4, 27, 'Bimbingan Konseling', ''),
(197, '101', 5, 19, 'Bimbingan Konseling', ''),
(200, '101', 6, 18, 'Bimbingan Konseling', ''),
(201, '101', 5, 4, 'Bimbingan Konseling', ''),
(202, '101', 6, 7, 'Bimbingan Konseling', ''),
(203, '101', 4, 8, 'Bimbingan Konseling', ''),
(204, '101', 6, 10, 'Bimbingan Konseling', ''),
(205, '23', 28, 30, 'Bahasa Inggris', ''),
(206, '23', 15, 31, 'Bahasa Inggris', ''),
(208, '23', 28, 23, 'Bahasa Inggris', ''),
(209, '23', 51, 7, 'Bahasa Inggris', ''),
(210, '23', 19, 29, 'Bahasa Inggris', ''),
(211, '78', 18, 46, 'Matemaika', ''),
(213, '78', 27, 44, 'Matemaika', ''),
(214, '78', 45, 43, 'Matemaika', ''),
(215, '78', 55, 45, 'Matemaika', ''),
(216, '78', 16, 47, 'Matemaika', ''),
(217, '78', 51, 46, 'Matemaika 2', ''),
(218, '78', 14, 44, 'Matemaika 2', ''),
(219, '78', 27, 25, 'Matemaika', ''),
(220, '78', 45, 41, 'Matemaika', ''),
(221, '78', 55, 45, 'Matemaika 2', ''),
(222, '78', 16, 42, 'Matemaika', ''),
(223, '78', 31, 43, 'Matemaika 2', ''),
(224, '78', 51, 25, 'Matemaika 2', ''),
(225, '78', 18, 41, 'Matemaika 2', ''),
(226, '88', 45, 4, 'Administrasi Server', ''),
(227, '88', 27, 6, 'Administrasi Server', ''),
(228, '88', 31, 5, 'Administrasi Server', ''),
(229, '88', 56, 23, 'Administrasi Server Jaringan 1', ''),
(230, '88', 15, 23, 'Administrasi Server Jaringan 2', ''),
(231, '88', 15, 25, 'Administrasi Server Jaringan 1', ''),
(232, '88', 15, 25, 'Administrasi Server Jaringan 2', ''),
(233, '88', 28, 24, 'Administrasi Server Jaringan 1', ''),
(234, '88', 52, 24, 'Administrasi Server Jaringan 2', ''),
(235, '86', 20, 3, 'Administrasi Basis Data', ''),
(236, '86', 47, 1, 'Administrasi Basis Data', ''),
(237, '86', 28, 24, 'Teknologi Layanan Jaringan', ''),
(238, '86', 15, 25, 'Teknologi Layanan Jaringan', ''),
(239, '86', 28, 23, 'Teknologi Layanan Jaringan', ''),
(240, '86', 19, 23, 'Teknologi Layanan Jaringan 2', ''),
(241, '86', 28, 24, 'Teknologi Layanan Jaringan 2', ''),
(242, '86', 52, 25, 'Teknologi Layanan Jaringan 2', ''),
(243, '82', 67, 33, 'Pemeliharaan Mesin Sepeda Motor', ''),
(244, '82', 64, 34, 'Pemeliharaan Mesin Sepeda Motor', ''),
(245, '82', 36, 32, 'Pemeliharaan Mesin Sepeda Motor', ''),
(246, '82', 16, 48, 'Pemeliharaan Mesin Sepeda Motor', ''),
(247, '82', 16, 48, 'Gambar Teknik Otomotif', ''),
(248, '82', 57, 49, 'Gambar Teknik Otomotif', ''),
(249, '41', 46, 46, 'Sejarah Indonesia', ''),
(250, '41', 15, 47, 'Sejarah Indonesia', ''),
(251, '41', 28, 45, 'Sejarah Indonesia', ''),
(252, '84', 20, 43, 'Bahasa Indonesia', ''),
(253, '84', 47, 44, 'Bahasa Indonesia', ''),
(254, '36', 55, 4, 'Sejarah Indonesia', ''),
(255, '36', 14, 10, 'Sejarah Indonesia', ''),
(256, '36', 31, 7, 'Sejarah Indonesia', ''),
(257, '36', 51, 8, 'Sejarah Indonesia', ''),
(258, '4', 29, 38, 'Bahasa Indonesia', ''),
(259, '4', 25, 37, 'Bahasa Indonesia', ''),
(260, '74', 28, 38, 'Sejarah Indonesia', ''),
(261, '74', 56, 37, 'Sejarah Indonesia', ''),
(262, '90', 32, 23, 'Administrasi Infrastuktur Jaringan 1', ''),
(263, '90', 21, 25, 'Administrasi Infrastuktur Jaringan ', ''),
(264, '90', 52, 24, 'Administrasi Infrastuktur Jaringan 1', ''),
(265, '90', 15, 24, 'Administrasi Infrastuktur Jaringan 2', ''),
(266, '90', 28, 23, 'Administrasi Infrastuktur Jaringan 2', ''),
(267, '87', 19, 47, 'Simulasi Digital', ''),
(268, '87', 15, 45, 'Simulasi Digital', ''),
(271, '87', 28, 43, 'Simulasi Digital', ''),
(272, '87', 15, 49, 'Simulasi Digital', ''),
(273, '87', 28, 48, 'Simulasi Digital', ''),
(274, '87', 51, 42, 'Simulasi Digital', ''),
(275, '87', 15, 44, 'Simulasi Digital', ''),
(276, '87', 51, 46, 'Simulasi Digital', ''),
(277, '93', 18, 44, 'Bahasa Asing Pariwisata', ''),
(278, '93', 31, 42, 'Bahasa Asing Pariwisata', ''),
(279, '93', 16, 43, 'Bahasa Asing Pariwisata', ''),
(280, '93', 31, 42, 'Bahasa Asing Pariwisata 2', ''),
(281, '93', 51, 44, 'Bahasa Asing Pariwisata 2', ''),
(282, '95', 61, 15, 'Pemeliharaan Kelistrikan Sepeda Motor 2', ''),
(283, '95', 61, 15, 'Pemeliharaan Kelistrikan Sepeda Motor 1', ''),
(284, '95', 20, 16, 'Pemeliharaan Kelistrikan Sepeda Motor 1', ''),
(285, '95', 57, 16, 'Pemeliharaan Kelistrikan Sepeda Motor 2', ''),
(286, '95', 64, 15, 'Pemeliharaan Sais Sepeda Motor', ''),
(287, '95', 64, 16, 'Pemeliharaan Sais Sepeda Motor', ''),
(288, '64', 32, 37, 'Fisika', ''),
(289, '64', 15, 41, 'Fisika', ''),
(290, '64', 24, 40, 'Fisika', ''),
(291, '64', 46, 39, 'Fisika', ''),
(292, '12', 18, 29, 'Matemaika 1', ''),
(293, '12', 31, 28, 'Matemaika 1', ''),
(294, '12', 51, 30, 'Matemaika 1', ''),
(295, '12', 23, 31, 'Matemaika 1', ''),
(296, '12', 45, 27, 'Matemaika 1', ''),
(297, '12', 55, 23, 'Matemaika 1', ''),
(298, '12', 14, 28, 'Matemaika 2', ''),
(299, '12', 23, 24, 'Matemaika 1', ''),
(300, '12', 31, 31, 'Matemaika 2', ''),
(301, '12', 55, 26, 'Matemaika 1', ''),
(302, '12', 14, 27, 'Matemaika 2', ''),
(303, '12', 23, 29, 'Matemaika 2', ''),
(304, '12', 45, 26, 'Matemaika 2', ''),
(305, '12', 55, 23, 'Matemaika 2', ''),
(307, '12', 27, 30, 'Matemaika 2', ''),
(308, '17', 33, 19, 'Binatu', ''),
(309, '17', 16, 17, 'Binatu', ''),
(310, '17', 25, 18, 'Binatu', ''),
(311, '58', 15, 32, 'Bahasa Inggris', ''),
(312, '58', 32, 20, 'Bahasa Inggris', ''),
(313, '58', 15, 33, 'Bahasa Inggris', ''),
(314, '58', 28, 34, 'Bahasa Inggris', ''),
(315, '58', 15, 24, 'Bahasa Inggris', ''),
(316, '58', 28, 22, 'Bahasa Inggris', ''),
(318, '58', 19, 25, 'Bahasa Inggris', ''),
(319, '58', 52, 21, 'Bahasa Inggris', ''),
(320, '16', 19, 23, 'Produk Kreatif dan Kewirausahaan', ''),
(321, '16', 33, 24, 'Produk Kreatif dan Kewirausahaan', ''),
(322, '16', 16, 23, 'Produk Kreatif dan Kewirausahaan 2', ''),
(323, '16', 53, 25, 'Produk Kreatif dan Kewirausahaan', ''),
(324, '16', 16, 20, 'Produk Kreatif dan Kewirausahaan', ''),
(325, '16', 46, 25, 'Produk Kreatif dan Kewirausahaan 2', ''),
(326, '16', 15, 20, 'Produk Kreatif dan Kewirausahaan 2', ''),
(327, '16', 28, 24, 'Produk Kreatif dan Kewirausahaan 2', ''),
(328, '81', 20, 18, 'Matemaika', ''),
(329, '81', 55, 7, 'Matemaika 1', ''),
(330, '81', 14, 17, 'Matemaika 1', ''),
(331, '81', 27, 7, 'Matemaika 2', ''),
(332, '81', 47, 10, 'Matemaika', ''),
(333, '81', 14, 5, 'Matemaika 1', ''),
(334, '81', 23, 19, 'Matemaika 1', ''),
(335, '81', 45, 8, 'Matemaika 1', ''),
(336, '81', 14, 4, 'Matemaika 1', ''),
(337, '81', 23, 19, 'Matemaika 2', ''),
(338, '81', 31, 17, 'Matemaika 2', ''),
(339, '81', 51, 8, 'Matemaika 2', ''),
(340, '81', 18, 5, 'Matemaika 2', ''),
(341, '81', 27, 4, 'Matemaika 2', ''),
(342, '21', 18, 20, 'PPKN', ''),
(343, '21', 27, 33, 'PPKN', ''),
(344, '21', 45, 21, 'PPKN', ''),
(345, '21', 55, 25, 'PPKN', ''),
(346, '21', 14, 26, 'PPKN', ''),
(347, '21', 31, 29, 'PPKN', ''),
(348, '21', 51, 23, 'PPKN', ''),
(349, '21', 18, 30, 'PPKN', ''),
(350, '21', 27, 28, 'PPKN', ''),
(351, '21', 18, 22, 'PPKN', ''),
(352, '21', 27, 31, 'PPKN', ''),
(353, '21', 51, 32, 'PPKN', ''),
(354, '21', 51, 34, 'PPKN', ''),
(355, '21', 31, 27, 'PPKN', ''),
(356, '21', 14, 24, 'PPKN', ''),
(357, '28', 18, 30, 'PJOK', ''),
(358, '28', 14, 31, 'PJOK', ''),
(359, '28', 14, 29, 'PJOK', ''),
(360, '28', 23, 27, 'PJOK', ''),
(361, '28', 18, 28, 'PJOK', ''),
(362, '28', 14, 26, 'PJOK', ''),
(363, '11', 27, 20, 'Matemaika 1', ''),
(364, '11', 55, 21, 'Matemaika 1', ''),
(365, '11', 16, 22, 'Matemaika', ''),
(366, '11', 31, 20, 'Matemaika 2', ''),
(367, '11', 31, 21, 'Matemaika 2', ''),
(368, '79', 19, 15, 'PJOK', ''),
(369, '79', 59, 16, 'PJOK', ''),
(370, '79', 15, 18, 'PJOK', ''),
(371, '79', 68, 17, 'PJOK', ''),
(372, '79', 15, 1, 'PJOK', ''),
(373, '79', 59, 4, 'PJOK', ''),
(374, '79', 19, 19, 'PJOK', ''),
(375, '79', 59, 6, 'PJOK', ''),
(376, '79', 15, 3, 'PJOK', ''),
(377, '79', 68, 5, 'PJOK', ''),
(378, '73', 18, 4, 'Bahasa Indonesia', ''),
(379, '73', 27, 6, 'Bahasa Indonesia', ''),
(380, '73', 45, 16, 'Bahasa Indonesia', ''),
(381, '73', 55, 3, 'Bahasa Indonesia', ''),
(382, '73', 14, 15, 'Bahasa Indonesia', ''),
(383, '73', 23, 5, 'Bahasa Indonesia', ''),
(384, '73', 45, 6, 'Bahasa Indonesia 2', ''),
(385, '73', 14, 5, 'Bahasa Indonesia 2', ''),
(386, '73', 23, 4, 'Bahasa Indonesia 2', ''),
(387, '73', 33, 19, 'Bahasa Indonesia', ''),
(388, '73', 27, 3, 'Bahasa Indonesia 2', ''),
(389, '73', 14, 16, 'Bahasa Indonesia 2', ''),
(390, '73', 23, 15, 'Bahasa Indonesia 2', ''),
(391, '73', 33, 1, 'Bahasa Indonesia', ''),
(392, '83', 15, 43, 'IPA Terapan', ''),
(393, '83', 27, 42, 'IPA Terapan', ''),
(394, '83', 52, 44, 'IPA Terapan', ''),
(395, '24', 32, 37, 'Pemrograman Dasar', ''),
(396, '24', 19, 38, 'Pemrograman Dasar', ''),
(397, '24', 15, 46, 'IPA Terapan', ''),
(398, '24', 15, 45, 'IPA Terapan', ''),
(399, '24', 28, 47, 'IPA Terapan', ''),
(400, '24', 27, 38, 'Sistem Komputer', ''),
(401, '24', 45, 37, 'Sistem Komputer', ''),
(404, '45', 16, 5, 'Jaringan Nirkabel', ''),
(407, '45', 20, 6, 'Jaringan Nirkabel', ''),
(408, '45', 47, 4, 'Teknologi Jaringan', ''),
(409, '45', 16, 6, 'Teknologi Jaringan', ''),
(410, '45', 33, 5, 'Teknologi Jaringan', ''),
(411, '45', 29, 4, 'Jaringan Nirkabel', ''),
(412, '15', 19, 45, 'Seni budaya', ''),
(413, '15', 28, 46, 'Seni budaya', ''),
(414, '15', 52, 47, 'Seni budaya', ''),
(415, '15', 52, 42, 'Kepariwisataan', ''),
(416, '15', 15, 44, 'Kepariwisataan', ''),
(417, '15', 52, 43, 'Kepariwisataan', ''),
(418, '15', 28, 44, 'SHdKK', ''),
(419, '15', 15, 42, 'SHdKK', ''),
(420, '15', 28, 43, 'SHdKK', ''),
(421, '19', 66, 8, 'Pengolahan dan Penyajian Makanan Indonesia', ''),
(422, '19', 21, 10, 'Pengolahan dan Penyajian Makanan Indonesia', ''),
(423, '19', 66, 7, 'Pengolahan dan Penyajian Makanan Indonesia', ''),
(424, '19', 57, 26, 'Produk Cake dan Kue Indonesia', ''),
(425, '19', 17, 27, 'Produk Cake dan Kue Indonesia', ''),
(426, '19', 17, 28, 'Produk Cake dan Kue Indonesia', ''),
(427, '18', 27, 4, 'PPKN', ''),
(428, '18', 51, 15, 'PPKN', ''),
(429, '18', 14, 1, 'PPKN', ''),
(430, '18', 23, 16, 'PPKN', ''),
(431, '18', 45, 7, 'PPKN', ''),
(432, '18', 14, 10, 'PPKN', ''),
(433, '18', 31, 5, 'PPKN', ''),
(434, '18', 55, 8, 'PPKN', ''),
(435, '18', 18, 17, 'PPKN', ''),
(436, '18', 27, 19, 'PPKN', ''),
(437, '18', 14, 18, 'PPKN', ''),
(438, '18', 31, 3, 'PPKN', ''),
(439, '18', 51, 6, 'PPKN', ''),
(440, '22', 36, 10, 'Hidangan Kesempatan Khusus dan Fusion Food', ''),
(441, '22', 64, 8, 'Hidangan Kesempatan Khusus dan Fusion Food', ''),
(442, '22', 64, 7, 'Hidangan Kesempatan Khusus dan Fusion Food', ''),
(443, '70', 22, 17, 'Front Office', ''),
(444, '70', 54, 17, 'Front Office 2', ''),
(445, '70', 17, 19, 'Front Office', ''),
(446, '70', 48, 19, 'Front Office 2', ''),
(447, '70', 17, 18, 'Front Office', ''),
(448, '70', 48, 18, 'Front Office 2', ''),
(449, '53', 14, 19, 'Sejarah Indonesia', ''),
(450, '53', 31, 17, 'Sejarah Indonesia', ''),
(451, '53', 51, 18, 'Sejarah Indonesia', ''),
(452, '65', 19, 42, 'Administrasi Umum', ''),
(453, '65', 52, 44, 'Administrasi Umum', ''),
(454, '65', 15, 43, 'Administrasi Umum', ''),
(455, '65', 32, 32, 'Produk Kreatif dan Kewirausahaan', ''),
(457, '65', 33, 32, 'Produk Kreatif dan Kewirausahaan 2', ''),
(458, '65', 27, 10, 'Kewirausahaan', ''),
(460, '65', 31, 8, 'Kewirausahaan', ''),
(461, '65', 51, 7, 'Kewirausahaan', ''),
(463, '50', 14, 47, 'PJOK', ''),
(464, '50', 23, 46, 'PJOK', ''),
(465, '50', 59, 45, 'PJOK', ''),
(466, '55', 15, 10, 'Pendidikan Agama Islam', ''),
(467, '55', 28, 17, 'Pendidikan Agama Islam', ''),
(468, '55', 56, 7, 'Pendidikan Agama Islam', ''),
(469, '55', 15, 18, 'Pendidikan Agama Islam', ''),
(472, '55', 19, 21, 'Pendidikan Agama Islam', ''),
(473, '55', 46, 19, 'Pendidikan Agama Islam', ''),
(474, '55', 15, 8, 'Pendidikan Agama Islam', ''),
(475, '55', 28, 22, 'Pendidikan Agama Islam', ''),
(476, '7', 20, 22, 'Pemrograman Berorientasi Objek', ''),
(477, '7', 16, 22, 'Pemrograman Berorientasi Objek 2', ''),
(478, '7', 33, 21, 'Pemrograman Berorientasi Objek', ''),
(479, '7', 29, 20, 'Pemrograman Berorientasi Objek', ''),
(480, '7', 20, 20, 'Pemrograman Berorientasi Objek 2', ''),
(481, '7', 16, 21, 'Pemrograman Berorientasi Objek 2', ''),
(482, '71', 43, 22, 'Produk Kreatif dan Kewirausahaan', ''),
(483, '71', 43, 21, 'Produk Kreatif dan Kewirausahaan', ''),
(484, '71', 15, 37, 'Komputer dan Jaringan Dasar 1', ''),
(485, '71', 14, 37, 'Komputer dan Jaringan Dasar 2', ''),
(486, '71', 48, 38, 'Komputer dan Jaringan Dasar ', ''),
(487, '2', 64, 27, 'Produk Kreatif dan Kewirausahaan', ''),
(488, '2', 34, 28, 'Produk Kreatif dan Kewirausahaan', ''),
(489, '2', 43, 30, 'Front Office', ''),
(490, '2', 43, 29, 'Front Office', ''),
(491, '56', 32, 31, 'Bahasa Indonesia', ''),
(492, '56', 15, 21, 'Bahasa Indonesia', ''),
(493, '56', 55, 20, 'Bahasa Indonesia', ''),
(494, '56', 32, 24, 'Bahasa Indonesia', ''),
(495, '56', 15, 22, 'Bahasa Indonesia', ''),
(496, '56', 15, 23, 'Bahasa Indonesia', ''),
(497, '56', 28, 25, 'Bahasa Indonesia', ''),
(498, '6', 16, 49, 'Bahasa Indonesia', ''),
(499, '6', 33, 48, 'Bahasa Indonesia', ''),
(500, '8', 27, 41, 'Bahasa Indonesia 1', ''),
(501, '8', 45, 40, 'Bahasa Indonesia 1', ''),
(502, '8', 14, 40, 'Bahasa Indonesia 2', ''),
(503, '8', 27, 41, 'Bahasa Indonesia 2', ''),
(504, '8', 47, 39, 'Bahasa Indonesia', ''),
(505, '68', 15, 31, 'Pendidikan Agama Islam', ''),
(506, '68', 28, 30, 'Pendidikan Agama Islam', ''),
(507, '68', 52, 29, 'Pendidikan Agama Islam', ''),
(508, '10', 53, 29, 'Produk Kreatif dan Kewirausahaan 1', ''),
(509, '10', 16, 30, 'Produk Kreatif dan Kewirausahaan 1', ''),
(510, '10', 52, 31, 'Produk Kreatif dan Kewirausahaan 1', ''),
(511, '10', 20, 31, 'Produk Kreatif dan Kewirausahaan 2', ''),
(512, '10', 15, 30, 'Produk Kreatif dan Kewirausahaan 2', ''),
(513, '10', 28, 29, 'Produk Kreatif dan Kewirausahaan 2', ''),
(514, '102', 20, 21, 'Pemodelan Perangkat Lunak', ''),
(515, '102', 16, 20, 'Pemodelan Perangkat Lunak', ''),
(516, '102', 33, 22, 'Pemodelan Perangkat Lunak', ''),
(517, '102', 29, 1, 'Pemrograman Berorientasi Objek', ''),
(518, '102', 16, 3, 'Pemrograman Berorientasi Objek', ''),
(519, '44', 20, 34, 'Produk Kreatif dan Kewirausahaan 1', ''),
(520, '44', 15, 34, 'Produk Kreatif dan Kewirausahaan 2', ''),
(521, '44', 55, 6, 'Kewirausahaan', ''),
(522, '44', 27, 18, 'Kewirausahaan', ''),
(523, '44', 14, 19, 'Kewirausahaan', ''),
(524, '44', 23, 17, 'Kewirausahaan', ''),
(525, '44', 31, 3, 'Kewirausahaan', ''),
(526, '44', 51, 1, 'Kewirausahaan', ''),
(527, '39', 15, 28, 'Bahasa Indonesia', ''),
(528, '39', 24, 26, 'Bahasa Indonesia', ''),
(529, '39', 15, 29, 'Bahasa Indonesia', ''),
(530, '39', 28, 27, 'Bahasa Indonesia', ''),
(531, '39', 52, 30, 'Bahasa Indonesia', ''),
(532, '62', 57, 5, 'Keamanan Jaringan', ''),
(534, '62', 16, 6, 'Keamanan Jaringan', ''),
(536, '62', 33, 4, 'Keamanan Jaringan', ''),
(537, '59', 16, 29, 'Industri Pariwisata', ''),
(538, '59', 33, 30, 'Industri Pariwisata', ''),
(539, '59', 16, 31, 'Industri Pariwisata', ''),
(540, '57', 27, 18, 'Bahasa Indonesia', ''),
(541, '57', 55, 10, 'Bahasa Indonesia', ''),
(543, '57', 16, 8, 'Bahasa Indonesia', ''),
(544, '57', 51, 18, 'Bahasa Indonesia 2', ''),
(545, '57', 18, 10, 'Bahasa Indonesia', ''),
(546, '43', 18, 33, 'PJOK', ''),
(548, '43', 27, 41, 'PJOK', ''),
(550, '57', 16, 7, 'Bahasa Indonesia', ''),
(551, '43', 62, 34, 'PJOK', ''),
(553, '43', 15, 7, 'PJOK', ''),
(554, '43', 60, 8, 'PJOK', ''),
(555, '49', 18, 6, 'Sejarah Indonesia', ''),
(556, '43', 14, 39, 'PJOK', ''),
(557, '49', 27, 1, 'Sejarah Indonesia', ''),
(558, '49', 45, 3, 'Sejarah Indonesia', ''),
(559, '43', 62, 44, 'PJOK', ''),
(560, '43', 18, 40, 'PJOK', ''),
(561, '49', 31, 5, 'Sejarah Indonesia', ''),
(562, '43', 59, 22, 'PJOK', ''),
(564, '49', 15, 42, 'Seni budaya', ''),
(565, '43', 62, 21, 'PJOK', ''),
(566, '43', 14, 32, 'PJOK', ''),
(567, '43', 24, 10, 'PJOK', ''),
(568, '43', 62, 20, 'PJOK', ''),
(569, '49', 28, 43, 'Seni budaya', ''),
(570, '54', 59, 48, 'PJOK', ''),
(571, '54', 14, 37, 'PJOK', ''),
(572, '54', 63, 43, 'PJOK', ''),
(573, '54', 23, 49, 'PJOK', ''),
(574, '54', 59, 25, 'PJOK', ''),
(575, '54', 62, 23, 'PJOK', ''),
(576, '54', 23, 38, 'PJOK', ''),
(577, '54', 59, 42, 'PJOK', ''),
(578, '54', 62, 24, 'PJOK', ''),
(579, '3', 19, 32, 'Bahasa Indonesia', ''),
(581, '3', 31, 47, 'Bahasa Indonesia', ''),
(582, '3', 51, 42, 'Bahasa Indonesia', ''),
(583, '3', 18, 42, 'Bahasa Indonesia', ''),
(584, '3', 28, 34, 'Bahasa Indonesia', ''),
(585, '3', 52, 33, 'Bahasa Indonesia', ''),
(586, '3', 14, 46, 'Bahasa Indonesia', ''),
(587, '3', 31, 46, 'Bahasa Indonesia', ''),
(588, '3', 51, 47, 'Bahasa Indonesia', ''),
(589, '3', 20, 45, 'Bahasa Indonesia', ''),
(590, '5', 1, 42, 'Bimbingan Konseling', ''),
(591, '5', 3, 44, 'Bimbingan Konseling', ''),
(592, '5', 4, 6, 'Bimbingan Konseling', ''),
(593, '5', 9, 46, 'Bimbingan Konseling', ''),
(594, '5', 7, 45, 'Bimbingan Konseling', ''),
(595, '5', 3, 47, 'Bimbingan Konseling', ''),
(596, '5', 4, 1, 'Bimbingan Konseling', ''),
(597, '5', 5, 16, 'Bimbingan Konseling', ''),
(598, '5', 5, 15, 'Bimbingan Konseling', ''),
(599, '5', 1, 5, 'Bimbingan Konseling', ''),
(600, '5', 4, 3, 'Bimbingan Konseling', ''),
(601, '5', 7, 43, 'Bimbingan Konseling', ''),
(602, '34', 18, 38, 'Matematika', ''),
(603, '34', 45, 49, 'Matematika', ''),
(604, '34', 55, 40, 'Matematika', ''),
(605, '34', 14, 39, 'Matematika', ''),
(606, '34', 23, 37, 'Matematika', ''),
(607, '34', 31, 6, 'Matematika', ''),
(608, '34', 55, 38, 'Matematika', ''),
(609, '34', 14, 49, 'Matematika', ''),
(610, '34', 23, 48, 'Matematika', ''),
(611, '34', 31, 3, 'Matematika', ''),
(612, '34', 51, 39, 'Matematika', ''),
(613, '34', 14, 48, 'Matematika', ''),
(614, '34', 27, 37, 'Matematika', ''),
(615, '34', 55, 6, 'Matematika', ''),
(616, '34', 18, 3, 'Matematika', ''),
(617, '34', 27, 40, 'Matematika', ''),
(618, '32', 19, 48, 'FISIKA', ''),
(619, '32', 32, 29, 'Loundry', ''),
(620, '32', 15, 30, 'Loundry', ''),
(621, '32', 56, 31, 'Loundry', ''),
(622, '32', 15, 29, 'Loundry', ''),
(623, '32', 15, 30, 'Loundry', ''),
(624, '32', 28, 31, 'Loundry', ''),
(625, '32', 28, 42, 'Komunikasi Industri Parawisata', ''),
(626, '32', 46, 44, 'Komunikasi Industri Parawisata', ''),
(627, '32', 19, 43, 'Komunikasi Industri Parawisata', ''),
(628, '33', 54, 28, 'Produk Pastry dan Bakery', ''),
(629, '33', 54, 27, 'Produk Pastry dan Bakery', ''),
(630, '33', 17, 26, 'Produk Pastry dan Bakery', ''),
(631, '33', 17, 8, 'Tata Hidang', ''),
(632, '33', 54, 10, 'Tata Hidang', ''),
(633, '26', 22, 8, 'Pengolahan Usaha Jasa Boga', ''),
(634, '26', 26, 10, 'Pengolahan Usaha Jasa Boga', ''),
(635, '26', 17, 7, 'Pengolahan Usaha Jasa Boga', ''),
(636, '26', 54, 47, 'Boga dasar', ''),
(637, '26', 54, 45, 'Boga dasar', ''),
(638, '26', 22, 46, 'Boga dasar', ''),
(639, '35', 43, 26, 'Tata Hidang', ''),
(640, '35', 43, 27, 'Tata Hidang', ''),
(641, '35', 49, 28, 'Tata Hidang', ''),
(642, '35', 15, 45, 'Ilmu Gizi', ''),
(643, '35', 28, 47, 'Ilmu Gizi', ''),
(644, '35', 52, 46, 'Ilmu Gizi', ''),
(645, '52', 19, 39, 'Dasar Desain Grafis', ''),
(646, '52', 46, 40, 'Dasar Desain Grafis', ''),
(647, '52', 28, 41, 'Dasar Desain Grafis', ''),
(648, '52', 45, 41, 'Sistem Komputer', ''),
(649, '52', 55, 39, 'Sistem Komputer', ''),
(650, '52', 55, 40, 'Sistem Komputer', ''),
(651, '52', 15, 23, 'Teknologi WAN', ''),
(652, '52', 52, 23, 'Teknologi WAN', ''),
(653, '20', 24, 49, 'Seni Budaya', ''),
(654, '20', 52, 38, 'Seni Budaya', ''),
(655, '20', 15, 37, 'Seni Budaya', ''),
(656, '20', 28, 39, 'Seni Budaya', ''),
(657, '20', 19, 48, 'Seni Budaya', ''),
(658, '20', 15, 40, 'Seni Budaya', ''),
(659, '20', 28, 44, 'Seni Budaya', ''),
(660, '20', 52, 41, 'Seni Budaya', ''),
(661, '30', 19, 40, 'Bahasa Inggris', ''),
(662, '30', 32, 45, 'Bahasa Inggris', ''),
(663, '30', 15, 43, 'Bahasa Inggris', ''),
(664, '30', 28, 46, 'Bahasa Inggris', ''),
(665, '30', 52, 42, 'Bahasa Inggris', ''),
(666, '30', 24, 44, 'Bahasa Inggris', ''),
(667, '30', 15, 41, 'Bahasa Inggris', ''),
(668, '30', 28, 47, 'Bahasa Inggris', ''),
(669, '25', 27, 16, 'Bahasa Inggris', ''),
(670, '25', 45, 6, 'Bahasa Inggris', ''),
(671, '25', 14, 4, 'Bahasa Inggris', ''),
(672, '25', 23, 1, 'Bahasa Inggris', ''),
(673, '25', 45, 18, 'Bahasa Inggris', ''),
(674, '25', 51, 15, 'Bahasa Inggris', ''),
(675, '25', 14, 17, 'Bahasa Inggris', ''),
(676, '25', 23, 5, 'Bahasa Inggris', ''),
(677, '25', 31, 8, 'Bahasa Inggris', ''),
(678, '25', 51, 3, 'Bahasa Inggris', ''),
(679, '25', 18, 19, 'Bahasa Inggris', ''),
(680, '25', 27, 10, 'Bahasa Inggris', ''),
(681, '27', 19, 28, 'Bahasa Inggris', ''),
(682, '27', 24, 39, 'Bahasa Inggris', ''),
(683, '27', 15, 27, 'Bahasa Inggris', ''),
(684, '27', 28, 37, 'Bahasa Inggris', ''),
(685, '27', 52, 38, 'Bahasa Inggris', ''),
(686, '27', 28, 49, 'Bahasa Inggris', ''),
(687, '27', 52, 48, 'Bahasa Inggris', ''),
(688, '27', 19, 26, 'Bahasa Inggris', ''),
(689, '77', 18, 41, 'PPKN', ''),
(690, '77', 27, 45, 'PPKN', ''),
(691, '77', 14, 44, 'PPKN', ''),
(692, '77', 27, 46, 'PPKN', ''),
(693, '77', 51, 43, 'PPKN', ''),
(694, '77', 14, 48, 'PPKN', ''),
(695, '77', 31, 49, 'PPKN', ''),
(696, '77', 51, 47, 'PPKN', ''),
(697, '77', 18, 37, 'PPKN', ''),
(698, '77', 31, 42, 'PPKN', ''),
(699, '77', 14, 38, 'PPKN', ''),
(700, '77', 27, 39, 'PPKN', ''),
(701, '77', 51, 40, 'PPKN', ''),
(702, '99', 19, 37, 'Pendidikan Agama Islam', ''),
(703, '99', 32, 40, 'Pendidikan Agama Islam', ''),
(704, '99', 56, 41, 'Pendidikan Agama Islam', ''),
(705, '99', 15, 6, 'Pendidikan Agama Islam', ''),
(706, '99', 15, 4, 'Pendidikan Agama Islam', ''),
(707, '99', 28, 33, 'Pendidikan Agama Islam', ''),
(708, '99', 56, 34, 'Pendidikan Agama Islam', ''),
(709, '99', 15, 39, 'Pendidikan Agama Islam', ''),
(710, '99', 28, 32, 'Pendidikan Agama Islam', ''),
(711, '99', 52, 5, 'Pendidikan Agama Islam', ''),
(712, '38', 19, 26, 'Produk Kreatif dan Kewirausahaan', ''),
(713, '38', 46, 33, 'Produk Kreatif dan Kewirausahaan', ''),
(714, '38', 25, 33, 'Produk Kreatif dan Kewirausahaan', ''),
(715, '38', 29, 26, 'Produk Kreatif dan Kewirausahaan', ''),
(716, '38', 14, 16, 'Kewirausahaan', ''),
(717, '38', 51, 5, 'Kewirausahaan', ''),
(718, '38', 14, 15, 'Kewirausahaan', ''),
(719, '38', 23, 4, 'Kewirausahaan', ''),
(720, '57', 51, 17, 'Bahasa Indonesia', ''),
(721, '57', 27, 17, 'Bahasa Indonesia 2', ''),
(722, '33', 22, 7, 'Tata Hidang', '');

-- --------------------------------------------------------

--
-- Table structure for table `semester`
--

CREATE TABLE `semester` (
  `id_sem` int(5) NOT NULL,
  `semester` int(5) NOT NULL
) ENGINE=InnoDB DEFAULT CHARSET=latin1;

--
-- Dumping data for table `semester`
--

INSERT INTO `semester` (`id_sem`, `semester`) VALUES
(1, 1),
(2, 2);

-- --------------------------------------------------------

--
-- Table structure for table `siswa`
--

CREATE TABLE `siswa` (
  `id_siswa` int(50) NOT NULL,
  `nis` int(10) NOT NULL,
  `nisn` varchar(30) NOT NULL,
  `id_kelas` int(5) NOT NULL,
  `id_jur` int(10) NOT NULL,
  `tgl_masuk` varchar(30) NOT NULL,
  `nama` varchar(30) NOT NULL,
  `tempat` varchar(100) NOT NULL,
  `tanggal` date NOT NULL,
  `jk` varchar(15) NOT NULL,
  `agama` varchar(10) NOT NULL,
  `anak_ke` int(5) NOT NULL,
  `status` varchar(30) NOT NULL,
  `alamat` text NOT NULL,
  `foto` varchar(20) NOT NULL,
  `umur` int(5) NOT NULL,
  `no_ijazah` varchar(30) NOT NULL,
  `th_ijazah` int(10) NOT NULL,
  `no_skhu` varchar(30) NOT NULL,
  `th_skhu` int(10) NOT NULL,
  `asal_sklh` varchar(30) NOT NULL,
  `alamat_asal_sklh` text NOT NULL,
  `nama_ayah` varchar(30) NOT NULL,
  `pkj_ayah` varchar(30) NOT NULL,
  `nama_ibu` varchar(30) NOT NULL,
  `pkj_ibu` varchar(30) NOT NULL,
  `alamat_ortu` text NOT NULL,
  `nohp_ortu` varchar(15) NOT NULL,
  `wali` varchar(30) NOT NULL,
  `tlp_wali` varchar(30) NOT NULL,
  `alamat_wali` text NOT NULL,
  `pkj_wali` varchar(30) NOT NULL,
  `no_hp` varchar(15) NOT NULL
) ENGINE=InnoDB DEFAULT CHARSET=latin1;

--
-- Dumping data for table `siswa`
--

INSERT INTO `siswa` (`id_siswa`, `nis`, `nisn`, `id_kelas`, `id_jur`, `tgl_masuk`, `nama`, `tempat`, `tanggal`, `jk`, `agama`, `anak_ke`, `status`, `alamat`, `foto`, `umur`, `no_ijazah`, `th_ijazah`, `no_skhu`, `th_skhu`, `asal_sklh`, `alamat_asal_sklh`, `nama_ayah`, `pkj_ayah`, `nama_ibu`, `pkj_ibu`, `alamat_ortu`, `nohp_ortu`, `wali`, `tlp_wali`, `alamat_wali`, `pkj_wali`, `no_hp`) VALUES
(2, 2687, '0', 3, 1, '', 'ADINA HASNAH', '', '0000-00-00', 'Perempuan', 'Islam', 0, '', '', 'sinto.jpg', 0, '', 0, '', 0, '', '', '', '', '', '', '', '', '', '', '', '', ''),
(7, 2705, '0', 3, 1, '', 'ALISSIA RAMADANI', '', '0000-00-00', 'Laki - Laki', 'Islam', 0, '', '', 'aaaaa9.jpg', 0, '', 0, '', 0, '', '', '', '', '', '', '', '', '', '', '', '', ''),
(9, 2707, '0', 1, 1, '', 'ALSYA SUCI MAESYA PUTRI', '', '0000-00-00', 'Perempuan', 'Islam', 0, '', '', 'aaaaa32.jpg', 0, '', 0, '', 0, '', '', '', '', '', '', '', '', '', '', '', '', ''),
(10, 2709, '0', 1, 1, '', 'ALVINA IRWANTI ', '', '0000-00-00', 'Perempuan', 'Islam', 0, '', '', 'aaaaa33.jpg', 0, '', 0, '', 0, '', '', '', '', '', '', '', '', '', '', '', '', ''),
(11, 2711, '0', 1, 1, '', 'ANDO ZN PRATAMA', '', '0000-00-00', 'Laki - Laki', 'Islam', 0, '', '', 'download_(2)2.jpg', 0, '', 0, '', 0, '', '', '', '', '', '', '', '', '', '', '', '', ''),
(12, 2713, '0', 1, 1, '', 'DEFI TRIYANI', '', '0000-00-00', 'Perempuan', 'Islam', 0, '', '', 'aaaaa34.jpg', 0, '', 0, '', 0, '', '', '', '', '', '', '', '', '', '', '', '', ''),
(18, 2746, '0', 3, 1, '', 'ANASRIL MARGANTI', '', '0000-00-00', 'Laki - Laki', 'Islam', 0, '', '', 'SINTOGA2.jpg', 0, '', 0, '', 0, '', '', '', '', '', '', '', '', '', '', '', '', ''),
(21, 2757, '0', 3, 1, '', 'DESRI AYU', '', '0000-00-00', 'Perempuan', 'Islam', 0, '', '', 'aaaaa12.jpg', 0, '', 0, '', 0, '', '', '', '', '', '', '', '', '', '', '', '', ''),
(23, 2762, '0', 1, 1, '', 'DILLA FEBRIZAL YANTI', '', '0000-00-00', 'Perempuan', 'Islam', 0, '', '', 'aaaaa35.jpg', 0, '', 0, '', 0, '', '', '', '', '', '', '', '', '', '', '', '', ''),
(24, 2768, '0', 1, 1, '', 'EKO SAPUTRA', '', '0000-00-00', 'Laki - Laki', 'Islam', 0, '', '', 'download_(2)5.jpg', 0, '', 0, '', 0, '', '', '', '', '', '', '', '', '', '', '', '', ''),
(28, 2781, '0', 3, 1, '', 'DEVI TRIANA', '', '0000-00-00', 'Perempuan', 'Islam', 0, '', '', 'aaaaa13.jpg', 0, '', 0, '', 0, '', '', '', '', '', '', '', '', '', '', '', '', ''),
(32, 2793, '0', 3, 1, '', 'FARISAH FADHILLAH', '', '0000-00-00', 'Perempuan', 'Islam', 0, '', '', 'aaaaa14.jpg', 0, '', 0, '', 0, '', '', '', '', '', '', '', '', '', '', '', '', ''),
(34, 2807, '0', 1, 1, '', 'HIDAYATUL KHAIRA', '', '0000-00-00', 'Perempuan', 'Islam', 0, '', '', 'aaaaa36.jpg', 0, '', 0, '', 0, '', '', '', '', '', '', '', '', '', '', '', '', ''),
(40, 2830, '0', 3, 1, '', 'FITRIA SUSANTI', '', '0000-00-00', 'Perempuan', 'Islam', 0, '', '', 'aaaaa16.jpg', 0, '', 0, '', 0, '', '', '', '', '', '', '', '', '', '', '', '', ''),
(44, 2838, '0', 3, 1, '', 'INDAH KURNIA SARI', '', '0000-00-00', 'Perempuan', 'Islam', 0, '', '', 'aaaaa17.jpg', 0, '', 0, '', 0, '', '', '', '', '', '', '', '', '', '', '', '', ''),
(47, 2846, '0', 1, 1, '', 'INTAN SRI MAHARANI', '', '0000-00-00', 'Perempuan', 'Islam', 0, '', '', 'aaaaa37.jpg', 0, '', 0, '', 0, '', '', '', '', '', '', '', '', '', '', '', '', ''),
(49, 2859, '0', 1, 1, '', 'KELPIN ARDIANSYAH', '', '0000-00-00', 'Laki - Laki', 'Islam', 0, '', '', 'download_(2)8.jpg', 0, '', 0, '', 0, '', '', '', '', '', '', '', '', '', '', '', '', ''),
(52, 2867, '0', 1, 1, '', 'NADIA RAHMADANI', '', '0000-00-00', 'Perempuan', 'Islam', 0, '', '', 'aaaaa38.jpg', 0, '', 0, '', 0, '', '', '', '', '', '', '', '', '', '', '', '', ''),
(58, 2914, '0', 3, 1, '', 'LAILATUL QODRIYAH', '', '0000-00-00', 'Perempuan', 'Islam', 0, '', '', 'aaaaa18.jpg', 0, '', 0, '', 0, '', '', '', '', '', '', '', '', '', '', '', '', ''),
(59, 2920, '0', 1, 1, '', 'NINA AFRIANTI', '', '0000-00-00', 'Perempuan', 'Islam', 0, '', '', 'aaaaa39.jpg', 0, '', 0, '', 0, '', '', '', '', '', '', '', '', '', '', '', '', ''),
(60, 2929, '0', 1, 1, '', 'OKTI FANI ELISMAN', '', '0000-00-00', 'Perempuan', 'Islam', 0, '', '', 'aaaaa40.jpg', 0, '', 0, '', 0, '', '', '', '', '', '', '', '', '', '', '', '', ''),
(61, 2940, '0', 3, 1, '', 'NAUFAL SYALZANDRA YUDHA', '', '0000-00-00', 'Laki - Laki', 'Islam', 0, '', '', 'SINTOGA10.jpg', 0, '', 0, '', 0, '', '', '', '', '', '', '', '', '', '', '', '', ''),
(63, 2945, '0', 3, 1, '', 'NOVA ELIZA', '', '0000-00-00', 'Perempuan', 'Islam', 0, '', '', 'aaaaa19.jpg', 0, '', 0, '', 0, '', '', '', '', '', '', '', '', '', '', '', '', ''),
(64, 2951, '0', 1, 1, '', 'RAHMAT IKHSAN', '', '0000-00-00', 'Laki - Laki', 'Islam', 0, '', '', 'download_(2)12.jpg', 0, '', 0, '', 0, '', '', '', '', '', '', '', '', '', '', '', '', ''),
(65, 2960, '0', 3, 1, '', 'PUTRI PATRISIA', '', '0000-00-00', 'Perempuan', 'Islam', 0, '', '', 'aaaaa20.jpg', 0, '', 0, '', 0, '', '', '', '', '', '', '', '', '', '', '', '', ''),
(67, 2965, '0', 3, 1, '', 'RAHMA AIDIR FITRI', '', '0000-00-00', 'Perempuan', 'Islam', 0, '', '', 'aaaaa21.jpg', 0, '', 0, '', 0, '', '', '', '', '', '', '', '', '', '', '', '', ''),
(76, 2995, '0', 3, 1, '', 'RIZA PUTRI YANTI', '', '0000-00-00', 'Perempuan', 'Islam', 0, '', '', 'aaaaa22.jpg', 0, '', 0, '', 0, '', '', '', '', '', '', '', '', '', '', '', '', ''),
(77, 3000, '0', 1, 1, '', 'RIMA CITRA LESTARI', '', '0000-00-00', 'Perempuan', 'Islam', 0, '', '', 'aaaaa41.jpg', 0, '', 0, '', 0, '', '', '', '', '', '', '', '', '', '', '', '', ''),
(78, 3007, '0', 1, 1, '', 'RISKA HAYATI', '', '0000-00-00', 'Perempuan', 'Islam', 0, '', '', 'aaaaa42.jpg', 0, '', 0, '', 0, '', '', '', '', '', '', '', '', '', '', '', '', ''),
(81, 3017, '0', 3, 1, '', 'RONI OKTARIAN', '', '0000-00-00', 'Laki - Laki', 'Islam', 0, '', '', 'SINTOGA15.jpg', 0, '', 0, '', 0, '', '', '', '', '', '', '', '', '', '', '', '', ''),
(82, 3021, '0', 1, 1, '', 'ROZZA ADMELINDA', '', '0000-00-00', 'Perempuan', 'Islam', 0, '', '', 'aaaaa43.jpg', 0, '', 0, '', 0, '', '', '', '', '', '', '', '', '', '', '', '', ''),
(85, 3027, '0', 3, 1, '', 'SANTI FURDIANTI', '', '0000-00-00', 'Perempuan', 'Islam', 0, '', '', 'aaaaa23.jpg', 0, '', 0, '', 0, '', '', '', '', '', '', '', '', '', '', '', '', ''),
(88, 3036, '0', 1, 1, '', 'SHADIQUL AQWAL', '', '0000-00-00', 'Laki - Laki', 'Islam', 0, '', '', 'download_(2)19.jpg', 0, '', 0, '', 0, '', '', '', '', '', '', '', '', '', '', '', '', ''),
(92, 3065, '0', 1, 1, '', 'TIARA HARMILA', '', '0000-00-00', 'Perempuan', 'Islam', 0, '', '', 'aaaaa45.jpg', 0, '', 0, '', 0, '', '', '', '', '', '', '', '', '', '', '', '', ''),
(94, 3069, '0', 1, 1, '', 'UCI PRITI ANANDA', '', '0000-00-00', 'Perempuan', 'Islam', 0, '', '', 'aaaaa46.jpg', 0, '', 0, '', 0, '', '', '', '', '', '', '', '', '', '', '', '', ''),
(97, 3080, '0', 1, 1, '', 'ZIKNI NUR ALI', '', '0000-00-00', 'Laki - Laki', 'Islam', 0, '', '', 'download_(2)22.jpg', 0, '', 0, '', 0, '', '', '', '', '', '', '', '', '', '', '', '', ''),
(98, 3088, '0', 3, 1, '', 'WILLY AGUSTINO EFENDI', '', '0000-00-00', 'Laki - Laki', 'Islam', 0, '', '', 'SINTOGA20.jpg', 0, '', 0, '', 0, '', '', '', '', '', '', '', '', '', '', '', '', ''),
(102, 3098, '0', 1, 1, '', 'ZULBAIDAH', '', '0000-00-00', 'Perempuan', 'Islam', 0, '', '', 'aaaaa47.jpg', 0, '', 0, '', 0, '', '', '', '', '', '', '', '', '', '', '', '', ''),
(104, 3107, '0', 3, 1, '', 'YESI MULYATI', '', '0000-00-00', 'Perempuan', 'Islam', 0, '', '', 'aaaaa26.jpg', 0, '', 0, '', 0, '', '', '', '', '', '', '', '', '', '', '', '', ''),
(105, 3108, '0', 1, 1, '', 'ZULHIDAYATI', '', '0000-00-00', 'Perempuan', 'Islam', 0, '', '', 'aaaaa48.jpg', 0, '', 0, '', 0, '', '', '', '', '', '', '', '', '', '', '', '', ''),
(108, 3133, '0', 21, 1, '', 'ADRI AFTIADI', '', '0000-00-00', 'Laki - Laki', 'Islam', 0, '', '', 'download_(4)59.jpg', 0, '', 0, '', 0, '', '', '', '', '', '', '', '', '', '', '', '', ''),
(109, 3138, '0', 21, 1, '', 'AFRIA RESKI YULIA', '', '0000-00-00', 'Perempuan', 'Islam', 0, '', '', 'download_(4)58.jpg', 0, '', 0, '', 0, '', '', '', '', '', '', '', '', '', '', '', '', ''),
(110, 3150, '0', 21, 1, '', 'ALDI CHANDRA PUTRA', '', '0000-00-00', 'Laki - Laki', 'Islam', 0, '', '', 'download_(4)6.jpg', 0, '', 0, '', 0, '', '', '', '', '', '', '', '', '', '', '', '', ''),
(112, 3173, '0', 20, 1, '', 'AMELIA VELENTINA', '', '0000-00-00', 'Laki - Laki', 'Islam', 0, '', '', 'smk11.jpg', 0, '', 0, '', 0, '', '', '', '', '', '', '', '', '', '', '', '', ''),
(113, 3176, '0', 20, 1, '', 'ANDIKA SOFRIANDA', '', '0000-00-00', 'Laki - Laki', 'Islam', 0, '', '', 'smk12.jpg', 0, '', 0, '', 0, '', '', '', '', '', '', '', '', '', '', '', '', ''),
(114, 3190, '0', 22, 1, '', 'APRIYANI', '', '0000-00-00', 'Laki - Laki', 'Islam', 0, '', '', 'download_(4)29.jpg', 0, '', 0, '', 0, '', '', '', '', '', '', '', '', '', '', '', '', ''),
(115, 3195, '0', 21, 1, '', 'ARI SANDRA', '', '0000-00-00', 'Laki - Laki', 'Islam', 0, '', '', 'download_(4)7.jpg', 0, '', 0, '', 0, '', '', '', '', '', '', '', '', '', '', '', '', ''),
(116, 3196, '0', 20, 1, '', 'ARI SAPUTRA', '', '0000-00-00', 'Laki - Laki', 'Islam', 0, '', '', 'smk13.jpg', 0, '', 0, '', 0, '', '', '', '', '', '', '', '', '', '', '', '', ''),
(118, 3204, '0', 21, 1, '', 'ATIKA PUTRI ANDENI', '', '0000-00-00', 'Perempuan', 'Islam', 0, '', '', 'download_(4)8.jpg', 0, '', 0, '', 0, '', '', '', '', '', '', '', '', '', '', '', '', ''),
(119, 3205, '0', 22, 1, '', 'ATIPA PUTRI MARNI', '', '0000-00-00', 'Laki - Laki', 'Islam', 0, '', '', 'download_(4)30.jpg', 0, '', 0, '', 0, '', '', '', '', '', '', '', '', '', '', '', '', ''),
(121, 3211, '0', 21, 1, '', 'AYU WANDIRA', '', '0000-00-00', 'Perempuan', 'Islam', 0, '', '', 'download_(4)9.jpg', 0, '', 0, '', 0, '', '', '', '', '', '', '', '', '', '', '', '', ''),
(122, 3218, '0', 20, 1, '', 'BAHRUL HANAFI', '', '0000-00-00', 'Laki - Laki', 'Islam', 0, '', '', 'smk14.jpg', 0, '', 0, '', 0, '', '', '', '', '', '', '', '', '', '', '', '', ''),
(123, 3219, '0', 20, 1, '', 'BAJRUL HAKIMI', '', '0000-00-00', 'Laki - Laki', 'Islam', 0, '', '', 'smk15.jpg', 0, '', 0, '', 0, '', '', '', '', '', '', '', '', '', '', '', '', ''),
(124, 3223, '0', 21, 1, '', 'BILLY COBIL', '', '0000-00-00', 'Laki - Laki', 'Islam', 0, '', '', 'download_(4)10.jpg', 0, '', 0, '', 0, '', '', '', '', '', '', '', '', '', '', '', '', ''),
(125, 3230, '0', 21, 1, '', 'DAVID SOFIANDA', '', '0000-00-00', 'Laki - Laki', 'Islam', 0, '', '', 'download_(4)11.jpg', 0, '', 0, '', 0, '', '', '', '', '', '', '', '', '', '', '', '', ''),
(127, 3238, '0', 22, 1, '', 'DEFARA AZICKRA', '', '0000-00-00', 'Laki - Laki', 'Islam', 0, '', '', 'download_(4)31.jpg', 0, '', 0, '', 0, '', '', '', '', '', '', '', '', '', '', '', '', ''),
(128, 3245, '0', 20, 1, '', 'DESI SYNTIA AISYAH', '', '0000-00-00', 'Laki - Laki', 'Islam', 0, '', '', 'smk16.jpg', 0, '', 0, '', 0, '', '', '', '', '', '', '', '', '', '', '', '', ''),
(129, 3264, '0', 20, 1, '', 'DIONISIUS YOGI PRASETYON S', '', '0000-00-00', 'Laki - Laki', 'Islam', 0, '', '', 'smk17.jpg', 0, '', 0, '', 0, '', '', '', '', '', '', '', '', '', '', '', '', ''),
(130, 3266, '0', 22, 1, '', 'DODI SAPUTRA', '', '0000-00-00', 'Laki - Laki', 'Islam', 0, '', '', 'download_(4)32.jpg', 0, '', 0, '', 0, '', '', '', '', '', '', '', '', '', '', '', '', ''),
(131, 3271, '0', 21, 1, '', 'DWI UTAMI ASRIANA TAUFIK', '', '0000-00-00', 'Perempuan', 'Islam', 0, '', '', 'download_(4)12.jpg', 0, '', 0, '', 0, '', '', '', '', '', '', '', '', '', '', '', '', ''),
(132, 3273, '0', 20, 1, '', 'ELISA RAHMA PUTRI', '', '0000-00-00', 'Laki - Laki', 'Islam', 0, '', '', 'smk18.jpg', 0, '', 0, '', 0, '', '', '', '', '', '', '', '', '', '', '', '', ''),
(133, 3296, '0', 22, 1, '', 'FASRAH ILHAM', '', '0000-00-00', 'Laki - Laki', 'Islam', 0, '', '', 'download_(4)33.jpg', 0, '', 0, '', 0, '', '', '', '', '', '', '', '', '', '', '', '', ''),
(134, 3297, '0', 20, 1, '', 'FATMAWATI', '', '0000-00-00', 'Laki - Laki', 'Islam', 0, '', '', 'smk19.jpg', 0, '', 0, '', 0, '', '', '', '', '', '', '', '', '', '', '', '', ''),
(135, 3300, '0', 22, 1, '', 'FAUZAN REFIANTO', '', '0000-00-00', 'Laki - Laki', 'Islam', 0, '', '', 'download_(4)34.jpg', 0, '', 0, '', 0, '', '', '', '', '', '', '', '', '', '', '', '', ''),
(136, 3303, '0', 21, 1, '', 'FEBRI RAFLES HARDANI', '', '0000-00-00', 'Laki - Laki', 'Islam', 0, '', '', 'download_(4)13.jpg', 0, '', 0, '', 0, '', '', '', '', '', '', '', '', '', '', '', '', ''),
(137, 3311, '0', 22, 1, '', 'FITRIA AZRIANITA', '', '0000-00-00', 'Laki - Laki', 'Islam', 0, '', '', 'download_(4)35.jpg', 0, '', 0, '', 0, '', '', '', '', '', '', '', '', '', '', '', '', ''),
(138, 3322, '0', 22, 1, '', 'HARUN ALRASYID', '', '0000-00-00', 'Laki - Laki', 'Islam', 0, '', '', 'download_(4)36.jpg', 0, '', 0, '', 0, '', '', '', '', '', '', '', '', '', '', '', '', ''),
(139, 3325, '0', 22, 1, '', 'HENDRA', '', '0000-00-00', 'Laki - Laki', 'Islam', 0, '', '', 'download_(4)37.jpg', 0, '', 0, '', 0, '', '', '', '', '', '', '', '', '', '', '', '', ''),
(140, 3333, '0', 21, 1, '', 'IKA NOVI RUSMIYATI', '', '0000-00-00', 'Perempuan', 'Islam', 0, '', '', 'download_(4)14.jpg', 0, '', 0, '', 0, '', '', '', '', '', '', '', '', '', '', '', '', ''),
(141, 3334, '0', 20, 1, '', 'IKBAL RAFSANDANI', '', '0000-00-00', 'Laki - Laki', 'Islam', 0, '', '', 'smk20.jpg', 0, '', 0, '', 0, '', '', '', '', '', '', '', '', '', '', '', '', ''),
(142, 3343, '0', 22, 1, '', 'INAYATILLAH AZIZAH', '', '0000-00-00', 'Laki - Laki', 'Islam', 0, '', '', 'download_(4)38.jpg', 0, '', 0, '', 0, '', '', '', '', '', '', '', '', '', '', '', '', ''),
(143, 3344, '0', 20, 1, '', 'INDRA MARTINUS', '', '0000-00-00', 'Laki - Laki', 'Islam', 0, '', '', 'smk21.jpg', 0, '', 0, '', 0, '', '', '', '', '', '', '', '', '', '', '', '', ''),
(144, 3365, '0', 21, 1, '', 'JOSVINDA PERMATA', '', '0000-00-00', 'Laki - Laki', 'Islam', 0, '', '', 'download_(4)15.jpg', 0, '', 0, '', 0, '', '', '', '', '', '', '', '', '', '', '', '', ''),
(145, 3366, '0', 22, 1, '', 'JUAN AMANDA SUARDI', '', '0000-00-00', 'Laki - Laki', 'Islam', 0, '', '', 'download_(4)39.jpg', 0, '', 0, '', 0, '', '', '', '', '', '', '', '', '', '', '', '', ''),
(146, 3380, '0', 21, 1, '', 'M FAJRI', '', '0000-00-00', 'Laki - Laki', 'Islam', 0, '', '', 'download_(4)16.jpg', 0, '', 0, '', 0, '', '', '', '', '', '', '', '', '', '', '', '', ''),
(147, 3389, '0', 22, 1, '', 'MAI YULIA PUTRI', '', '0000-00-00', 'Perempuan', 'Islam', 0, '', '', 'download_(4)40.jpg', 0, '', 0, '', 0, '', '', '', '', '', '', '', '', '', '', '', '', ''),
(148, 3400, '0', 20, 1, '', 'MELI ISMAIL', '', '0000-00-00', 'Laki - Laki', 'Islam', 0, '', '', 'smk22.jpg', 0, '', 0, '', 0, '', '', '', '', '', '', '', '', '', '', '', '', ''),
(149, 3401, '0', 21, 1, '', 'MERI ANDANI', '', '0000-00-00', 'Perempuan', 'Islam', 0, '', '', 'download_(4)17.jpg', 0, '', 0, '', 0, '', '', '', '', '', '', '', '', '', '', '', '', ''),
(150, 3405, '0', 20, 1, '', 'MILA JUWITA', '', '0000-00-00', 'Laki - Laki', 'Islam', 0, '', '', 'smk23.jpg', 0, '', 0, '', 0, '', '', '', '', '', '', '', '', '', '', '', '', ''),
(151, 3408, '0', 21, 1, '', 'MITHA PUTRI ANNISA', '', '0000-00-00', 'Laki - Laki', 'Islam', 0, '', '', 'download_(4)18.jpg', 0, '', 0, '', 0, '', '', '', '', '', '', '', '', '', '', '', '', ''),
(152, 3411, '0', 20, 1, '', 'MONALISA', '', '0000-00-00', 'Laki - Laki', 'Islam', 0, '', '', 'smk24.jpg', 0, '', 0, '', 0, '', '', '', '', '', '', '', '', '', '', '', '', ''),
(153, 3429, '0', 22, 1, '', 'MUTIA YULIA SAFITRI', '', '0000-00-00', 'Perempuan', 'Islam', 0, '', '', 'download_(4)41.jpg', 0, '', 0, '', 0, '', '', '', '', '', '', '', '', '', '', '', '', ''),
(154, 3434, '0', 21, 1, '', 'NETRALIS', '', '0000-00-00', 'Laki - Laki', 'Islam', 0, '', '', 'download_(4)19.jpg', 0, '', 0, '', 0, '', '', '', '', '', '', '', '', '', '', '', '', ''),
(155, 3440, '0', 21, 1, '', 'NI\'MA ROAENA', '', '0000-00-00', 'Laki - Laki', 'Islam', 0, '', '', 'download_(4)20.jpg', 0, '', 0, '', 0, '', '', '', '', '', '', '', '', '', '', '', '', ''),
(156, 3444, '0', 20, 1, '', 'NOVA SAFITRI', '', '0000-00-00', 'Laki - Laki', 'Islam', 0, '', '', 'smk25.jpg', 0, '', 0, '', 0, '', '', '', '', '', '', '', '', '', '', '', '', ''),
(157, 3448, '0', 22, 1, '', 'NOVIA RAHMADANI', '', '0000-00-00', 'Perempuan', 'Islam', 0, '', '', 'download_(4)42.jpg', 0, '', 0, '', 0, '', '', '', '', '', '', '', '', '', '', '', '', ''),
(158, 3463, '0', 20, 1, '', 'PUTRI DEWI', '', '0000-00-00', 'Laki - Laki', 'Islam', 0, '', '', 'smk26.jpg', 0, '', 0, '', 0, '', '', '', '', '', '', '', '', '', '', '', '', ''),
(159, 3471, '0', 20, 1, '', 'RAHMAD ARDIANTO', '', '0000-00-00', 'Laki - Laki', 'Islam', 0, '', '', 'smk27.jpg', 0, '', 0, '', 0, '', '', '', '', '', '', '', '', '', '', '', '', ''),
(160, 3481, '0', 22, 1, '', 'RATIH ASTIKA PUTRIANA', '', '0000-00-00', 'Laki - Laki', 'Islam', 0, '', '', 'download_(4)21.jpg', 0, '', 0, '', 0, '', '', '', '', '', '', '', '', '', '', '', '', ''),
(161, 3482, '0', 21, 1, '', 'RATIH ELIA PUTRI', '', '0000-00-00', 'Laki - Laki', 'Islam', 0, '', '', 'download_(4)22.jpg', 0, '', 0, '', 0, '', '', '', '', '', '', '', '', '', '', '', '', ''),
(162, 3486, '0', 21, 1, '', 'RENITA OKTAVIA', '', '0000-00-00', 'Laki - Laki', 'Islam', 0, '', '', 'download_(4)23.jpg', 0, '', 0, '', 0, '', '', '', '', '', '', '', '', '', '', '', '', ''),
(163, 3487, '0', 21, 1, '', 'RESI RATNASARI', '', '0000-00-00', 'Laki - Laki', 'Islam', 0, '', '', 'download_(4)24.jpg', 0, '', 0, '', 0, '', '', '', '', '', '', '', '', '', '', '', '', ''),
(164, 3491, '0', 22, 1, '', 'REZA AMELIA', '', '0000-00-00', 'Perempuan', 'Islam', 0, '', '', 'download_(4)43.jpg', 0, '', 0, '', 0, '', '', '', '', '', '', '', '', '', '', '', '', ''),
(165, 3492, '0', 22, 1, '', 'REZY PUTRA KURNIA SEPTA', '', '0000-00-00', 'Laki - Laki', 'Islam', 0, '', '', 'download_(4)44.jpg', 0, '', 0, '', 0, '', '', '', '', '', '', '', '', '', '', '', '', ''),
(166, 3519, '0', 21, 1, '', 'RIZKY NURKHALIDA', '', '0000-00-00', 'Laki - Laki', 'Islam', 0, '', '', 'download_(4)25.jpg', 0, '', 0, '', 0, '', '', '', '', '', '', '', '', '', '', '', '', ''),
(167, 3524, '0', 20, 1, '', 'ROSIANI PRIMA NOVIKRI', '', '0000-00-00', 'Laki - Laki', 'Islam', 0, '', '', 'smk28.jpg', 0, '', 0, '', 0, '', '', '', '', '', '', '', '', '', '', '', '', ''),
(168, 3530, '0', 20, 1, '', 'SASMYTA YELDA YANTI', '', '0000-00-00', 'Laki - Laki', 'Islam', 0, '', '', 'smk30.jpg', 0, '', 0, '', 0, '', '', '', '', '', '', '', '', '', '', '', '', ''),
(169, 3531, '0', 22, 1, '', 'SAHARA SABILA', '', '0000-00-00', 'Perempuan', 'Islam', 0, '', '', 'download_(4)48.jpg', 0, '', 0, '', 0, '', '', '', '', '', '', '', '', '', '', '', '', ''),
(170, 3534, '0', 20, 1, '', 'SALSA BILLAFI', '', '0000-00-00', 'Laki - Laki', 'Islam', 0, '', '', 'smk29.jpg', 0, '', 0, '', 0, '', '', '', '', '', '', '', '', '', '', '', '', ''),
(171, 3542, '0', 21, 1, '', 'SELVINA', '', '0000-00-00', 'Laki - Laki', 'Islam', 0, '', '', 'download_(4)26.jpg', 0, '', 0, '', 0, '', '', '', '', '', '', '', '', '', '', '', '', ''),
(172, 3544, '0', 20, 1, '', 'SILA FITRI', '', '0000-00-00', 'Laki - Laki', 'Islam', 0, '', '', 'smk31.jpg', 0, '', 0, '', 0, '', '', '', '', '', '', '', '', '', '', '', '', ''),
(173, 3546, '0', 21, 1, '', 'SINDI RAHERMAN ', '', '0000-00-00', 'Laki - Laki', 'Islam', 0, '', '', 'download_(4)27.jpg', 0, '', 0, '', 0, '', '', '', '', '', '', '', '', '', '', '', '', ''),
(174, 3558, '0', 22, 1, '', 'TARI WULANDARI', '', '0000-00-00', 'Perempuan', 'Islam', 0, '', '', 'download_(4)49.jpg', 0, '', 0, '', 0, '', '', '', '', '', '', '', '', '', '', '', '', ''),
(175, 3560, '0', 20, 1, '', 'TAUFIK HIDAYAT', '', '0000-00-00', 'Laki - Laki', 'Islam', 0, '', '', 'smk32.jpg', 0, '', 0, '', 0, '', '', '', '', '', '', '', '', '', '', '', '', ''),
(176, 3567, '0', 22, 1, '', 'USMAN HAKIM', '', '0000-00-00', 'Laki - Laki', 'Islam', 0, '', '', 'download_(4)50.jpg', 0, '', 0, '', 0, '', '', '', '', '', '', '', '', '', '', '', '', ''),
(177, 3568, '0', 22, 1, '', 'UTARI FEBRIA', '', '0000-00-00', 'Perempuan', 'Islam', 0, '', '', 'download_(4)51.jpg', 0, '', 0, '', 0, '', '', '', '', '', '', '', '', '', '', '', '', ''),
(178, 3588, '0', 20, 1, '', 'WINDA MILASARI', '', '0000-00-00', 'Laki - Laki', 'Islam', 0, '', '', 'smk33.jpg', 0, '', 0, '', 0, '', '', '', '', '', '', '', '', '', '', '', '', ''),
(179, 3590, '0', 22, 1, '', 'YARNIS', '', '0000-00-00', 'Perempuan', 'Islam', 0, '', '', 'download_(4)52.jpg', 0, '', 0, '', 0, '', '', '', '', '', '', '', '', '', '', '', '', ''),
(180, 3592, '0', 21, 1, '', 'YOGA MUKTI SEPTIANO', '', '0000-00-00', 'Laki - Laki', 'Islam', 0, '', '', 'download_(4)53.jpg', 0, '', 0, '', 0, '', '', '', '', '', '', '', '', '', '', '', '', ''),
(181, 3593, '0', 22, 1, '', 'YOGA RIYANDA SAPUTRA', '', '0000-00-00', 'Laki - Laki', 'Islam', 0, '', '', 'download_(4)54.jpg', 0, '', 0, '', 0, '', '', '', '', '', '', '', '', '', '', '', '', ''),
(182, 3610, '0', 20, 1, '', 'ZAITUNI ELIDA', '', '0000-00-00', 'Laki - Laki', 'Islam', 0, '', '', 'smk34.jpg', 0, '', 0, '', 0, '', '', '', '', '', '', '', '', '', '', '', '', ''),
(183, 3611, '0', 20, 1, '', 'ZALIYARNI', '', '0000-00-00', 'Laki - Laki', 'Islam', 0, '', '', 'smk35.jpg', 0, '', 0, '', 0, '', '', '', '', '', '', '', '', '', '', '', '', ''),
(184, 3616, '0', 21, 1, '', 'ZULKHAIDAH', '', '0000-00-00', 'Laki - Laki', 'Islam', 0, '', '', 'download_(4)28.jpg', 0, '', 0, '', 0, '', '', '', '', '', '', '', '', '', '', '', '', ''),
(191, 3290, '0', 20, 1, '', 'FAJAR RISKI ILAHI', '', '0000-00-00', 'Laki - Laki', 'Islam', 0, '', '', 'index.jpg', 0, '', 0, '', 0, '', '', '', '', '', '', '', '', '', '', '', '', ''),
(194, 3177, '6580986', 23, 2, '3 JULI 2017', 'ANDIKA ZAITUL RAHMAD', '', '0000-00-00', 'Laki - Laki', 'Islam', 2, 'ANAK KANDUNG', 'Kabun Tapakis', 'index6.jpg', 17, '', 0, '', 0, 'MTSN NAN SABARIS', '', 'Erijo Zami', 'Petani', 'Anis Mawati', 'Ibu Rumah Tangga', 'Kabun Tapakis', '', '', '', '', '', ''),
(195, 3132, '0', 23, 2, '', 'ADITYA SAPUTRA', '', '0000-00-00', 'Laki - Laki', 'Islam', 0, '', '', 'index4.jpg', 0, '', 0, '', 0, '', '', '', '', '', '', '', '', '', '', '', '', ''),
(196, 3183, '0', 23, 2, '', 'ANGGIA RAHAYU', '', '0000-00-00', 'Laki - Laki', 'Islam', 0, '', '', 'index7.jpg', 0, '', 0, '', 0, '', '', '', '', '', '', '', '', '', '', '', '', ''),
(197, 3184, '1112041179', 23, 2, '3 JULI 2017', 'ANISA KAHAIRANI', '', '0000-00-00', 'Perempuan', 'Islam', 1, 'ANAK KANDUNG', 'Sungai Abang Dalam', 'index8.jpg', 16, '', 0, '', 0, 'SMPN 1 SINTOGA', '', 'Ijon', 'Wiraswasta', 'Leni', 'Ibu Rumah Tangga', 'Sungai Abang Dalam', '', '', '', '', '', ''),
(198, 3206, '0', 23, 2, '', 'AULIA PERMATA SARI', '', '0000-00-00', 'Perempuan', 'Islam', 0, '', '', 'index9.jpg', 0, '', 0, '', 0, '', '', '', '', '', '', '', '', '', '', '', '', ''),
(199, 3242, '0', 23, 2, '', 'DENI FITRIANI', '', '0000-00-00', 'Laki - Laki', 'Islam', 0, '', '', 'index10.jpg', 0, '', 0, '', 0, '', '', '', '', '', '', '', '', '', '', '', '', ''),
(200, 3260, '0', 23, 2, '', 'DINDA PERMATA SARI', '', '0000-00-00', 'Laki - Laki', 'Islam', 0, '', '', 'index11.jpg', 0, '', 0, '', 0, '', '', '', '', '', '', '', '', '', '', '', '', ''),
(201, 3261, '3183861', 23, 2, '', 'DINI JULITA', '', '0000-00-00', 'Laki - Laki', 'Islam', 0, '', '', 'index12.jpg', 0, '', 0, '', 0, '', '', '', '', '', '', '', '', '', '', '', '', ''),
(202, 3285, '0', 23, 2, '', 'FAHREL FAHREZI.M', '', '0000-00-00', 'Laki - Laki', 'Islam', 0, '', '', 'index13.jpg', 0, '', 0, '', 0, '', '', '', '', '', '', '', '', '', '', '', '', ''),
(203, 3286, '0', 23, 2, '', 'FAISAL', '', '0000-00-00', 'Laki - Laki', 'Islam', 0, '', '', 'index14.jpg', 0, '', 0, '', 0, '', '', '', '', '', '', '', '', '', '', '', '', ''),
(204, 3306, '0', 23, 2, '', 'FIKHRI HAYKI', '', '0000-00-00', 'Laki - Laki', 'Islam', 0, '', '', 'index15.jpg', 0, '', 0, '', 0, '', '', '', '', '', '', '', '', '', '', '', '', ''),
(205, 3326, '0', 23, 2, '', 'HERI CANDRA', '', '0000-00-00', 'Laki - Laki', 'Islam', 0, '', '', 'index16.jpg', 0, '', 0, '', 0, '', '', '', '', '', '', '', '', '', '', '', '', ''),
(206, 3347, '0', 23, 2, '', 'INDRI YULIA PUTRI', '', '0000-00-00', 'Laki - Laki', 'Islam', 0, '', '', 'index17.jpg', 0, '', 0, '', 0, '', '', '', '', '', '', '', '', '', '', '', '', ''),
(207, 3360, '0', 23, 2, '', 'JEFRI HARIYANTO', '', '0000-00-00', 'Laki - Laki', 'Islam', 0, '', '', 'index18.jpg', 0, '', 0, '', 0, '', '', '', '', '', '', '', '', '', '', '', '', ''),
(208, 3362, '0', 23, 2, '', 'JEVIQAL ANDIKA PUTRA', '', '0000-00-00', 'Laki - Laki', 'Islam', 0, '', '', 'index19.jpg', 0, '', 0, '', 0, '', '', '', '', '', '', '', '', '', '', '', '', ''),
(209, 3367, '0', 23, 2, '', 'JUANDA RAHMAN', '', '0000-00-00', 'Laki - Laki', 'Islam', 0, '', '', 'index20.jpg', 0, '', 0, '', 0, '', '', '', '', '', '', '', '', '', '', '', '', ''),
(210, 3407, '0', 23, 2, '', 'MITA NURMALA SARI', '', '0000-00-00', 'Laki - Laki', 'Islam', 0, '', '', 'index21.jpg', 0, '', 0, '', 0, '', '', '', '', '', '', '', '', '', '', '', '', ''),
(211, 3437, '0', 23, 2, '', 'NIDIYA AFMI PUTRI', '', '0000-00-00', 'Laki - Laki', 'Islam', 0, '', '', 'index22.jpg', 0, '', 0, '', 0, '', '', '', '', '', '', '', '', '', '', '', '', ''),
(212, 3445, '0', 23, 2, '', 'NOVA YULIANA SARI', '', '0000-00-00', 'Laki - Laki', 'Islam', 0, '', '', 'index23.jpg', 0, '', 0, '', 0, '', '', '', '', '', '', '', '', '', '', '', '', ''),
(213, 3461, '0', 23, 2, '', 'PUTRI ALIANA TASYA', '', '0000-00-00', 'Laki - Laki', 'Islam', 0, '', '', 'index24.jpg', 0, '', 0, '', 0, '', '', '', '', '', '', '', '', '', '', '', '', ''),
(214, 3497, '0', 23, 2, '', 'RIKA YUDIARTI', '', '0000-00-00', 'Laki - Laki', 'Islam', 0, '', '', 'index25.jpg', 0, '', 0, '', 0, '', '', '', '', '', '', '', '', '', '', '', '', ''),
(215, 3499, '0', 23, 2, '', 'RINDI ANTIKA', '', '0000-00-00', 'Laki - Laki', 'Islam', 0, '', '', 'index26.jpg', 0, '', 0, '', 0, '', '', '', '', '', '', '', '', '', '', '', '', ''),
(216, 3509, '0', 23, 2, '', 'RIVAL FAUZA', '', '0000-00-00', 'Laki - Laki', 'Islam', 0, '', '', 'index27.jpg', 0, '', 0, '', 0, '', '', '', '', '', '', '', '', '', '', '', '', ''),
(217, 3514, '0', 23, 2, '', 'RIZAL EFENDI', '', '0000-00-00', 'Laki - Laki', 'Islam', 0, '', '', 'index28.jpg', 0, '', 0, '', 0, '', '', '', '', '', '', '', '', '', '', '', '', ''),
(218, 3536, '0', 23, 2, '', 'SALSABILA VAZIA PUTRI  A', '', '0000-00-00', 'Laki - Laki', 'Islam', 0, '', '', 'index29.jpg', 0, '', 0, '', 0, '', '', '', '', '', '', '', '', '', '', '', '', ''),
(219, 3551, '0', 23, 2, '', 'SUCI RAHMAYUNI', '', '0000-00-00', 'Laki - Laki', 'Islam', 0, '', '', 'index30.jpg', 0, '', 0, '', 0, '', '', '', '', '', '', '', '', '', '', '', '', ''),
(220, 3563, '0', 23, 2, '', 'TEGUH AREANTO EVENDI', '', '0000-00-00', 'Laki - Laki', 'Islam', 0, '', '', 'index31.jpg', 0, '', 0, '', 0, '', '', '', '', '', '', '', '', '', '', '', '', ''),
(221, 3564, '0', 23, 2, '', 'THIA DWI AMANDA', '', '0000-00-00', 'Laki - Laki', 'Islam', 0, '', '', 'index32.jpg', 0, '', 0, '', 0, '', '', '', '', '', '', '', '', '', '', '', '', ''),
(222, 3565, '0', 23, 2, '', 'TITIN SUMARNI', '', '0000-00-00', 'Laki - Laki', 'Islam', 0, '', '', 'index33.jpg', 0, '', 0, '', 0, '', '', '', '', '', '', '', '', '', '', '', '', ''),
(223, 3599, '0', 23, 2, '', 'YUDHA PUTRA ANISA ALWIS', '', '0000-00-00', 'Laki - Laki', 'Islam', 0, '', '', 'index34.jpg', 0, '', 0, '', 0, '', '', '', '', '', '', '', '', '', '', '', '', ''),
(224, 3614, '0', 23, 2, '', 'ZUL EFENDI', '', '0000-00-00', 'Laki - Laki', 'Islam', 0, '', '', 'index35.jpg', 0, '', 0, '', 0, '', '', '', '', '', '', '', '', '', '', '', '', ''),
(225, 3159, '0', 24, 2, '', 'ALFATI HANDRO', '', '0000-00-00', 'Laki - Laki', 'Islam', 0, '', '', 'index36.jpg', 0, '', 0, '', 0, '', '', '', '', '', '', '', '', '', '', '', '', ''),
(226, 3168, '0', 24, 2, '', 'ALNI ASTIFALA', '', '0000-00-00', 'Laki - Laki', 'Islam', 0, '', '', 'index37.jpg', 0, '', 0, '', 0, '', '', '', '', '', '', '', '', '', '', '', '', ''),
(227, 3170, '0', 25, 2, '', 'AMANDA JUNI ARLIS', '', '0000-00-00', 'Laki - Laki', 'Islam', 0, '', '', 'index38.jpg', 0, '', 0, '', 0, '', '', '', '', '', '', '', '', '', '', '', '', ''),
(228, 3178, '0', 24, 2, '', 'ANDRE PRATAMA', '', '0000-00-00', 'Laki - Laki', 'Islam', 0, '', '', 'index39.jpg', 0, '', 0, '', 0, '', '', '', '', '', '', '', '', '', '', '', '', ''),
(229, 3198, '0', 24, 2, '', 'ARIEF PUJA KELANA', '', '0000-00-00', 'Laki - Laki', 'Islam', 0, '', '', 'index40.jpg', 0, '', 0, '', 0, '', '', '', '', '', '', '', '', '', '', '', '', ''),
(230, 3214, '0', 24, 2, '', 'AZMI INTAN WAHYUNI', '', '0000-00-00', 'Laki - Laki', 'Islam', 0, '', '', 'index41.jpg', 0, '', 0, '', 0, '', '', '', '', '', '', '', '', '', '', '', '', ''),
(231, 3222, '0', 24, 2, '', 'BAYU GUNAWAN', '', '0000-00-00', 'Laki - Laki', 'Islam', 0, '', '', 'index42.jpg', 0, '', 0, '', 0, '', '', '', '', '', '', '', '', '', '', '', '', ''),
(232, 3234, '0', 24, 2, '', 'DEA RAMADANI', '', '0000-00-00', 'Laki - Laki', 'Islam', 0, '', '', 'index43.jpg', 0, '', 0, '', 0, '', '', '', '', '', '', '', '', '', '', '', '', ''),
(233, 3257, '0', 24, 2, '', 'DINDA AMELIA PUTRI', '', '0000-00-00', 'Laki - Laki', 'Islam', 0, '', '', 'index44.jpg', 0, '', 0, '', 0, '', '', '', '', '', '', '', '', '', '', '', '', ''),
(234, 3259, '0', 24, 2, '', 'DINDA FAUZIAH', '', '0000-00-00', 'Laki - Laki', 'Islam', 0, '', '', 'index45.jpg', 0, '', 0, '', 0, '', '', '', '', '', '', '', '', '', '', '', '', ''),
(235, 3294, '0', 24, 2, '', 'FANI NUR AGUSTI', '', '0000-00-00', 'Laki - Laki', 'Islam', 0, '', '', 'index46.jpg', 0, '', 0, '', 0, '', '', '', '', '', '', '', '', '', '', '', '', ''),
(236, 3275, '0', 24, 2, '', 'ELSA SAFVITRI YENI', '', '0000-00-00', 'Laki - Laki', 'Islam', 0, '', '', 'index47.jpg', 0, '', 0, '', 0, '', '', '', '', '', '', '', '', '', '', '', '', ''),
(237, 3317, '0', 24, 2, '', 'HANAFI DIANO SAPUTRA', '', '0000-00-00', 'Laki - Laki', 'Islam', 0, '', '', 'index48.jpg', 0, '', 0, '', 0, '', '', '', '', '', '', '', '', '', '', '', '', ''),
(238, 3328, '0', 24, 2, '', 'HERYAN FAREZI', '', '0000-00-00', 'Laki - Laki', 'Islam', 0, '', '', 'index49.jpg', 0, '', 0, '', 0, '', '', '', '', '', '', '', '', '', '', '', '', ''),
(239, 3330, '0', 24, 2, '', 'IBNU FAJAR', '', '0000-00-00', 'Laki - Laki', 'Islam', 0, '', '', 'index50.jpg', 0, '', 0, '', 0, '', '', '', '', '', '', '', '', '', '', '', '', ''),
(240, 3388, '0', 24, 2, '', 'MAHARANI', '', '0000-00-00', 'Laki - Laki', 'Islam', 0, '', '', 'index51.jpg', 0, '', 0, '', 0, '', '', '', '', '', '', '', '', '', '', '', '', ''),
(241, 3403, '0', 24, 2, '', 'MHD. RAIHAN RIEFHANO', '', '0000-00-00', 'Laki - Laki', 'Islam', 0, '', '', 'index52.jpg', 0, '', 0, '', 0, '', '', '', '', '', '', '', '', '', '', '', '', ''),
(242, 3414, '0', 24, 2, '', 'MUHAMAD ILHAMZAH', '', '0000-00-00', 'Laki - Laki', 'Islam', 0, '', '', 'index53.jpg', 0, '', 0, '', 0, '', '', '', '', '', '', '', '', '', '', '', '', ''),
(243, 3421, '0', 24, 2, '', 'MUHAMMAD ISA ALFADILLAH', '', '0000-00-00', 'Laki - Laki', 'Islam', 0, '', '', 'index54.jpg', 0, '', 0, '', 0, '', '', '', '', '', '', '', '', '', '', '', '', ''),
(244, 3439, '0', 24, 2, '', 'NILAM RAHAYU', '', '0000-00-00', 'Laki - Laki', 'Islam', 0, '', '', 'index55.jpg', 0, '', 0, '', 0, '', '', '', '', '', '', '', '', '', '', '', '', ''),
(245, 3442, '0', 24, 2, '', 'NOVA ANGGREANI PUTRI', '', '0000-00-00', 'Laki - Laki', 'Islam', 0, '', '', 'index56.jpg', 0, '', 0, '', 0, '', '', '', '', '', '', '', '', '', '', '', '', ''),
(246, 3452, '0', 24, 2, '', 'NURFITA SARI', '', '0000-00-00', 'Laki - Laki', 'Islam', 0, '', '', 'index57.jpg', 0, '', 0, '', 0, '', '', '', '', '', '', '', '', '', '', '', '', ''),
(247, 3500, '0', 24, 2, '', 'RINI MARLINA', '', '0000-00-00', 'Laki - Laki', 'Islam', 0, '', '', 'index58.jpg', 0, '', 0, '', 0, '', '', '', '', '', '', '', '', '', '', '', '', ''),
(248, 3504, '0', 24, 2, '', 'RIRI ANGREINI', '', '0000-00-00', 'Laki - Laki', 'Islam', 0, '', '', 'index59.jpg', 0, '', 0, '', 0, '', '', '', '', '', '', '', '', '', '', '', '', ''),
(249, 3505, '0', 24, 2, '', 'RIRIN DWI PUTRI', '', '0000-00-00', 'Laki - Laki', 'Islam', 0, '', '', 'index60.jpg', 0, '', 0, '', 0, '', '', '', '', '', '', '', '', '', '', '', '', ''),
(250, 3525, '0', 24, 2, '', 'RUDI SAFRI YANTO', '', '0000-00-00', 'Laki - Laki', 'Islam', 0, '', '', 'index61.jpg', 0, '', 0, '', 0, '', '', '', '', '', '', '', '', '', '', '', '', ''),
(251, 3532, '0', 24, 2, '', 'SALIM FALA', '', '0000-00-00', 'Laki - Laki', 'Islam', 0, '', '', 'index62.jpg', 0, '', 0, '', 0, '', '', '', '', '', '', '', '', '', '', '', '', ''),
(252, 3552, '0', 24, 2, '', 'SYAFRIZAL', '', '0000-00-00', 'Laki - Laki', 'Islam', 0, '', '', 'index63.jpg', 0, '', 0, '', 0, '', '', '', '', '', '', '', '', '', '', '', '', ''),
(253, 3571, '0', 24, 2, '', 'VIA YULIA PUTRI', '', '0000-00-00', 'Laki - Laki', 'Islam', 0, '', '', 'index64.jpg', 0, '', 0, '', 0, '', '', '', '', '', '', '', '', '', '', '', '', ''),
(254, 3575, '0', 24, 2, '', 'VIOLETTA NIARILLA SANDY', '', '0000-00-00', 'Laki - Laki', 'Islam', 0, '', '', 'index65.jpg', 0, '', 0, '', 0, '', '', '', '', '', '', '', '', '', '', '', '', ''),
(255, 3586, '0', 24, 2, '', 'WIDYA WAHYU PUTRI', '', '0000-00-00', 'Laki - Laki', 'Islam', 0, '', '', 'index68.jpg', 0, '', 0, '', 0, '', '', '', '', '', '', '', '', '', '', '', '', ''),
(256, 3612, '0', 24, 2, '', 'ZAMZAMI EKI TOMA', '', '0000-00-00', 'Laki - Laki', 'Islam', 0, '', '', 'index67.jpg', 0, '', 0, '', 0, '', '', '', '', '', '', '', '', '', '', '', '', ''),
(257, 3136, '0', 25, 2, '', 'AFRI FAZIL', '', '0000-00-00', 'Laki - Laki', 'Islam', 0, '', '', 'index69.jpg', 0, '', 0, '', 0, '', '', '', '', '', '', '', '', '', '', '', '', ''),
(258, 3141, '0', 25, 2, '', 'AGUNG PRAYUDHA', '', '0000-00-00', 'Laki - Laki', 'Islam', 0, '', '', 'index70.jpg', 0, '', 0, '', 0, '', '', '', '', '', '', '', '', '', '', '', '', ''),
(259, 3143, '0', 25, 2, '', 'AGUSNIWATI', '', '0000-00-00', 'Laki - Laki', 'Islam', 0, '', '', 'index71.jpg', 0, '', 0, '', 0, '', '', '', '', '', '', '', '', '', '', '', '', ''),
(260, 3166, '0', 25, 2, '', 'ALIF FURRAHMAN', '', '0000-00-00', 'Laki - Laki', 'Islam', 0, '', '', 'index72.jpg', 0, '', 0, '', 0, '', '', '', '', '', '', '', '', '', '', '', '', ''),
(261, 3191, '0', 25, 2, '', 'ARDILA SUSANTI', '', '0000-00-00', 'Laki - Laki', 'Islam', 0, '', '', 'index73.jpg', 0, '', 0, '', 0, '', '', '', '', '', '', '', '', '', '', '', '', ''),
(262, 3221, '0', 25, 2, '', 'BASRIZAL', '', '0000-00-00', 'Laki - Laki', 'Islam', 0, '', '', 'index74.jpg', 0, '', 0, '', 0, '', '', '', '', '', '', '', '', '', '', '', '', ''),
(263, 3226, '0', 25, 2, '', 'DAHLIA SARY', '', '0000-00-00', 'Laki - Laki', 'Islam', 0, '', '', 'index75.jpg', 0, '', 0, '', 0, '', '', '', '', '', '', '', '', '', '', '', '', ''),
(264, 3241, '0', 25, 2, '', 'DENDRIS JUNAEDI', '', '0000-00-00', 'Laki - Laki', 'Islam', 0, '', '', 'index76.jpg', 0, '', 0, '', 0, '', '', '', '', '', '', '', '', '', '', '', '', ''),
(265, 3246, '0', 25, 2, '', 'DESNI RAHMADANI', '', '0000-00-00', 'Laki - Laki', 'Islam', 0, '', '', 'index77.jpg', 0, '', 0, '', 0, '', '', '', '', '', '', '', '', '', '', '', '', ''),
(266, 3267, '0', 25, 2, '', 'DOLI FITRI NINGSIH', '', '0000-00-00', 'Laki - Laki', 'Islam', 0, '', '', 'index78.jpg', 0, '', 0, '', 0, '', '', '', '', '', '', '', '', '', '', '', '', ''),
(267, 3287, '0', 25, 2, '', 'FAIZ ABRAR', '', '0000-00-00', 'Laki - Laki', 'Islam', 0, '', '', 'index79.jpg', 0, '', 0, '', 0, '', '', '', '', '', '', '', '', '', '', '', '', ''),
(268, 3298, '0', 25, 2, '', 'FATWA AYUNA', '', '0000-00-00', 'Laki - Laki', 'Islam', 0, '', '', 'index80.jpg', 0, '', 0, '', 0, '', '', '', '', '', '', '', '', '', '', '', '', ''),
(269, 3353, '0', 25, 2, '', 'IRVAN', '', '0000-00-00', 'Laki - Laki', 'Islam', 0, '', '', 'index81.jpg', 0, '', 0, '', 0, '', '', '', '', '', '', '', '', '', '', '', '', ''),
(270, 3354, '0', 25, 2, '', 'IRVANDY GUZIAN', '', '0000-00-00', 'Laki - Laki', 'Islam', 0, '', '', 'index82.jpg', 0, '', 0, '', 0, '', '', '', '', '', '', '', '', '', '', '', '', ''),
(271, 3375, '0', 25, 2, '', 'LELI YUFITA SARI', '', '0000-00-00', 'Laki - Laki', 'Islam', 0, '', '', 'index83.jpg', 0, '', 0, '', 0, '', '', '', '', '', '', '', '', '', '', '', '', ''),
(272, 3377, '0', 25, 2, '', 'LILIS SURYANI', '', '0000-00-00', 'Laki - Laki', 'Islam', 0, '', '', 'index84.jpg', 0, '', 0, '', 0, '', '', '', '', '', '', '', '', '', '', '', '', ''),
(273, 3423, '0', 25, 2, '', 'MUHAMMAD RAFLI', '', '0000-00-00', 'Laki - Laki', 'Islam', 0, '', '', 'index85.jpg', 0, '', 0, '', 0, '', '', '', '', '', '', '', '', '', '', '', '', ''),
(274, 3427, '0', 25, 2, '', 'MUHAMMAD WAHYUDI', '', '0000-00-00', 'Laki - Laki', 'Islam', 0, '', '', 'index86.jpg', 0, '', 0, '', 0, '', '', '', '', '', '', '', '', '', '', '', '', ''),
(275, 3451, '0', 25, 2, '', 'NURFIA ANDA YANI', '', '0000-00-00', 'Laki - Laki', 'Islam', 0, '', '', 'index87.jpg', 0, '', 0, '', 0, '', '', '', '', '', '', '', '', '', '', '', '', ''),
(276, 3479, '0', 25, 2, '', 'RANDA', '', '0000-00-00', 'Laki - Laki', 'Islam', 0, '', '', 'index88.jpg', 0, '', 0, '', 0, '', '', '', '', '', '', '', '', '', '', '', '', ''),
(277, 3476, '0', 25, 2, '', 'RAHMAT NAGA SANI', '', '0000-00-00', 'Laki - Laki', 'Islam', 0, '', '', 'index89.jpg', 0, '', 0, '', 0, '', '', '', '', '', '', '', '', '', '', '', '', ''),
(278, 3477, '0', 25, 2, '', 'RAHMI SYAFITRI', '', '0000-00-00', 'Laki - Laki', 'Islam', 0, '', '', 'index90.jpg', 0, '', 0, '', 0, '', '', '', '', '', '', '', '', '', '', '', '', ''),
(279, 3547, '0', 25, 2, '', 'SITI DIANA PUTRI', '', '0000-00-00', 'Laki - Laki', 'Islam', 0, '', '', 'index91.jpg', 0, '', 0, '', 0, '', '', '', '', '', '', '', '', '', '', '', '', ''),
(280, 3548, '0', 25, 2, '', 'SOVIA ELVIRA', '', '0000-00-00', 'Laki - Laki', 'Islam', 0, '', '', 'index92.jpg', 0, '', 0, '', 0, '', '', '', '', '', '', '', '', '', '', '', '', ''),
(282, 3561, '0', 25, 2, '', 'TAUFIK HIDAYAT', '', '0000-00-00', 'Laki - Laki', 'Islam', 0, '', '', 'index94.jpg', 0, '', 0, '', 0, '', '', '', '', '', '', '', '', '', '', '', '', ''),
(283, 3555, '0', 25, 2, '', 'SYAHRUL RAMADHAN', '', '0000-00-00', 'Laki - Laki', 'Islam', 0, '', '', 'index95.jpg', 0, '', 0, '', 0, '', '', '', '', '', '', '', '', '', '', '', '', ''),
(284, 3579, '0', 25, 2, '', 'WAHDANIA', '', '0000-00-00', 'Laki - Laki', 'Islam', 0, '', '', 'index96.jpg', 0, '', 0, '', 0, '', '', '', '', '', '', '', '', '', '', '', '', ''),
(285, 3605, '0', 25, 2, '', 'YUNI MARNI', '', '0000-00-00', 'Laki - Laki', 'Islam', 0, '', '', 'index97.jpg', 0, '', 0, '', 0, '', '', '', '', '', '', '', '', '', '', '', '', ''),
(286, 3607, '0', 25, 2, '', 'YUNIATRI MAYA SARI', '', '0000-00-00', 'Laki - Laki', 'Islam', 0, '', '', 'index98.jpg', 0, '', 0, '', 0, '', '', '', '', '', '', '', '', '', '', '', '', ''),
(312, 2864, '', 3, 1, '', 'KURNIAWAN ', '', '0000-00-00', 'Laki - Laki', 'Islam', 0, '', '', 'download_(4)85.jpg', 0, '', 0, '', 0, '', '', '', '', '', '', '', '', '', '', '', '', ''),
(313, 2751, '', 3, 1, '', 'DENI ARMANSYAH', '', '0000-00-00', 'Laki - Laki', 'Islam', 0, '', '', 'download_(4)86.jpg', 0, '', 0, '', 0, '', '', '', '', '', '', '', '', '', '', '', '', ''),
(317, 2755, '', 5, 2, '', 'DESI RATNA', '', '0000-00-00', 'Perempuan', 'Islam', 0, '', '', 'aaaaa58.jpg', 0, '', 0, '', 0, '', '', '', '', '', '', '', '', '', '', '', '', ''),
(318, 2782, '', 5, 2, '', 'ELSI SAFFITRI', '', '0000-00-00', 'Perempuan', 'Islam', 0, '', '', 'aaaaa57.jpg', 0, '', 0, '', 0, '', '', '', '', '', '', '', '', '', '', '', '', ''),
(320, 2787, '', 5, 2, '', 'FADLI JAHYADI', '', '0000-00-00', 'Laki - Laki', 'Islam', 0, '', '', 'download_(4)93.jpg', 0, '', 0, '', 0, '', '', '', '', '', '', '', '', '', '', '', '', ''),
(321, 2800, '', 5, 2, '', 'FERDI FERDIAN', '', '0000-00-00', 'Laki - Laki', 'Islam', 0, '', '', 'download_(4)94.jpg', 0, '', 0, '', 0, '', '', '', '', '', '', '', '', '', '', '', '', ''),
(322, 2825, '', 5, 2, '', 'HENDRA YOSMAN', '', '0000-00-00', 'Laki - Laki', 'Islam', 0, '', '', 'download_(4)95.jpg', 0, '', 0, '', 0, '', '', '', '', '', '', '', '', '', '', '', '', ''),
(323, 2831, '', 5, 2, '', 'IDA SANITA MUTALIB', '', '0000-00-00', 'Perempuan', 'Islam', 0, '', '', 'aaaaa53.jpg', 0, '', 0, '', 0, '', '', '', '', '', '', '', '', '', '', '', '', ''),
(324, 2871, '', 5, 2, '', 'LILI PUSPITA SARI', '', '0000-00-00', 'Perempuan', 'Islam', 0, '', '', 'aaaaa55.jpg', 0, '', 0, '', 0, '', '', '', '', '', '', '', '', '', '', '', '', ''),
(325, 2907, '', 5, 2, '', 'MUHAMMAD RAIHAN R', '', '0000-00-00', 'Laki - Laki', 'Islam', 0, '', '', 'download_(4)98.jpg', 0, '', 0, '', 0, '', '', '', '', '', '', '', '', '', '', '', '', ''),
(326, 2917, '', 5, 2, '', 'NANDA AMELIA PUTRI', '', '0000-00-00', 'Perempuan', 'Islam', 0, '', '', 'aaaaa59.jpg', 0, '', 0, '', 0, '', '', '', '', '', '', '', '', '', '', '', '', ''),
(330, 3130, '', 29, 4, '', 'ADITYA JULIANTO', '', '0000-00-00', 'Laki - Laki', 'Islam', 0, '', '', 'provinsi35.png', 0, '', 0, '', 0, '', '', '', '', '', '', '', '', '', '', '', '', ''),
(331, 3145, '', 29, 4, '', 'AHMAD GUSNANDI', '', '0000-00-00', 'Laki - Laki', 'Islam', 0, '', '', 'provinsi11.png', 0, '', 0, '', 0, '', '', '', '', '', '', '', '', '', '', '', '', ''),
(332, 3161, '', 29, 4, '', 'ALFIANTO', '', '0000-00-00', 'Laki - Laki', 'Islam', 0, '', '', 'provinsi12.png', 0, '', 0, '', 0, '', '', '', '', '', '', '', '', '', '', '', '', ''),
(333, 3174, '', 29, 4, '', 'AMELIYA PUTRI', '', '0000-00-00', 'Laki - Laki', 'Islam', 0, '', '', 'provinsi13.png', 0, '', 0, '', 0, '', '', '', '', '', '', '', '', '', '', '', '', ''),
(334, 3179, '', 29, 4, '', 'ANDREAN NOVEMBER', '', '0000-00-00', 'Laki - Laki', 'Islam', 0, '', '', 'provinsi14.png', 0, '', 0, '', 0, '', '', '', '', '', '', '', '', '', '', '', '', ''),
(335, 3186, '', 29, 4, '', 'ANJELI SALMA', '', '0000-00-00', 'Laki - Laki', 'Islam', 0, '', '', 'provinsi15.png', 0, '', 0, '', 0, '', '', '', '', '', '', '', '', '', '', '', '', ''),
(336, 3233, '', 29, 4, '', 'DEA MAHARANI SAFITRI', '', '0000-00-00', 'Laki - Laki', 'Islam', 0, '', '', 'provinsi16.png', 0, '', 0, '', 0, '', '', '', '', '', '', '', '', '', '', '', '', ''),
(337, 3251, '', 29, 4, '', 'DIKI ARFANDO', '', '0000-00-00', 'Laki - Laki', 'Islam', 0, '', '', 'provinsi17.png', 0, '', 0, '', 0, '', '', '', '', '', '', '', '', '', '', '', '', ''),
(338, 3265, '', 29, 4, '', 'DODI PUTRA', '', '0000-00-00', 'Laki - Laki', 'Islam', 0, '', '', 'provinsi18.png', 0, '', 0, '', 0, '', '', '', '', '', '', '', '', '', '', '', '', ''),
(339, 3268, '', 29, 4, '', 'DONA SYAHPUTRI', '', '0000-00-00', 'Laki - Laki', 'Islam', 0, '', '', 'provinsi19.png', 0, '', 0, '', 0, '', '', '', '', '', '', '', '', '', '', '', '', ''),
(340, 3281, '', 29, 4, '', 'FADHLI AZMI', '', '0000-00-00', 'Laki - Laki', 'Islam', 0, '', '', 'provinsi20.png', 0, '', 0, '', 0, '', '', '', '', '', '', '', '', '', '', '', '', ''),
(341, 3289, '', 29, 4, '', 'FAJAR RAMADHAN ZAHNUR', '', '0000-00-00', 'Laki - Laki', 'Islam', 0, '', '', 'provinsi21.png', 0, '', 0, '', 0, '', '', '', '', '', '', '', '', '', '', '', '', ''),
(342, 3312, '', 29, 4, '', 'FITRIA NINGSIH', '', '0000-00-00', 'Laki - Laki', 'Islam', 0, '', '', 'provinsi22.png', 0, '', 0, '', 0, '', '', '', '', '', '', '', '', '', '', '', '', ''),
(343, 3315, '', 29, 4, '', 'HALDI', '', '0000-00-00', 'Laki - Laki', 'Islam', 0, '', '', 'provinsi23.png', 0, '', 0, '', 0, '', '', '', '', '', '', '', '', '', '', '', '', ''),
(344, 3338, '', 29, 4, '', 'ILHAM MAULANA', '', '0000-00-00', 'Laki - Laki', 'Islam', 0, '', '', 'provinsi24.png', 0, '', 0, '', 0, '', '', '', '', '', '', '', '', '', '', '', '', ''),
(345, 3349, '', 29, 4, '', 'INTAN PERMATA SARI', '', '0000-00-00', 'Laki - Laki', 'Islam', 0, '', '', 'provinsi25.png', 0, '', 0, '', 0, '', '', '', '', '', '', '', '', '', '', '', '', ''),
(346, 3396, '', 29, 4, '', 'MELA AGUSSADIAH', '', '0000-00-00', 'Laki - Laki', 'Islam', 0, '', '', 'provinsi26.png', 0, '', 0, '', 0, '', '', '', '', '', '', '', '', '', '', '', '', ''),
(347, 3431, '', 29, 4, '', 'NADIA PUTRI ANANDA', '', '0000-00-00', 'Laki - Laki', 'Islam', 0, '', '', 'provinsi27.png', 0, '', 0, '', 0, '', '', '', '', '', '', '', '', '', '', '', '', ''),
(348, 3446, '', 29, 4, '', 'NOVE RITA', '', '0000-00-00', 'Laki - Laki', 'Islam', 0, '', '', 'provinsi28.png', 0, '', 0, '', 0, '', '', '', '', '', '', '', '', '', '', '', '', ''),
(349, 3493, '', 29, 4, '', 'RIAN GUSRIZAL', '', '0000-00-00', 'Laki - Laki', 'Islam', 0, '', '', 'provinsi29.png', 0, '', 0, '', 0, '', '', '', '', '', '', '', '', '', '', '', '', ''),
(350, 3512, '', 29, 4, '', 'RIZA ARDINI', '', '0000-00-00', 'Laki - Laki', 'Islam', 0, '', '', 'provinsi30.png', 0, '', 0, '', 0, '', '', '', '', '', '', '', '', '', '', '', '', ''),
(351, 3533, '', 29, 4, '', 'SALMAN ALFARISI', '', '0000-00-00', 'Laki - Laki', 'Islam', 0, '', '', 'provinsi31.png', 0, '', 0, '', 0, '', '', '', '', '', '', '', '', '', '', '', '', ''),
(352, 3572, '', 29, 4, '', 'VICKY ARNES', '', '0000-00-00', 'Laki - Laki', 'Islam', 0, '', '', 'provinsi32.png', 0, '', 0, '', 0, '', '', '', '', '', '', '', '', '', '', '', '', ''),
(353, 3583, '', 29, 4, '', 'WIDIA SEPTI', '', '0000-00-00', 'Laki - Laki', 'Islam', 0, '', '', 'provinsi33.png', 0, '', 0, '', 0, '', '', '', '', '', '', '', '', '', '', '', '', ''),
(354, 3597, '', 29, 4, '', 'YOLANDA PANGESTU', '', '0000-00-00', 'Laki - Laki', 'Islam', 0, '', '', 'provinsi34.png', 0, '', 0, '', 0, '', '', '', '', '', '', '', '', '', '', '', '', ''),
(356, 3129, '', 30, 4, '', 'ADITYA DWI CAHYA NUGRAHA', '', '0000-00-00', 'Laki - Laki', 'Islam', 0, '', '', 'provinsi37.png', 0, '', 0, '', 0, '', '', '', '', '', '', '', '', '', '', '', '', ''),
(358, 3151, '', 30, 4, '', 'ALDI PRATAMA SAPUTRA', '', '0000-00-00', 'Laki - Laki', 'Islam', 0, '', '', 'provinsi38.png', 0, '', 0, '', 0, '', '', '', '', '', '', '', '', '', '', '', '', ''),
(359, 3167, '', 30, 4, '', 'ALIFA PUTRI A', '', '0000-00-00', 'Laki - Laki', 'Islam', 0, '', '', 'provinsi39.png', 0, '', 0, '', 0, '', '', '', '', '', '', '', '', '', '', '', '', ''),
(360, 3194, '', 30, 4, '', 'ARI GUNAWAN', '', '0000-00-00', 'Laki - Laki', 'Islam', 0, '', '', 'provinsi40.png', 0, '', 0, '', 0, '', '', '', '', '', '', '', '', '', '', '', '', ''),
(361, 3231, '', 30, 4, '', 'DAVID TOUFANI', '', '0000-00-00', 'Laki - Laki', 'Islam', 0, '', '', 'provinsi41.png', 0, '', 0, '', 0, '', '', '', '', '', '', '', '', '', '', '', '', ''),
(362, 3237, '', 30, 4, '', 'DEDY CANDRA', '', '0000-00-00', 'Laki - Laki', 'Islam', 0, '', '', 'provinsi42.png', 0, '', 0, '', 0, '', '', '', '', '', '', '', '', '', '', '', '', ''),
(363, 3253, '', 30, 4, '', 'DIKKY WAHYUDI', '', '0000-00-00', 'Laki - Laki', 'Islam', 0, '', '', 'provinsi43.png', 0, '', 0, '', 0, '', '', '', '', '', '', '', '', '', '', '', '', ''),
(364, 3270, '', 30, 4, '', 'DORI MANDALA PUTRA', '', '0000-00-00', 'Laki - Laki', 'Islam', 0, '', '', 'provinsi44.png', 0, '', 0, '', 0, '', '', '', '', '', '', '', '', '', '', '', '', ''),
(365, 3282, '', 30, 4, '', 'FADILA', '', '0000-00-00', 'Laki - Laki', 'Islam', 0, '', '', 'provinsi45.png', 0, '', 0, '', 0, '', '', '', '', '', '', '', '', '', '', '', '', ''),
(366, 3305, '', 30, 4, '', 'FHANY FEBRIA MONICA', '', '0000-00-00', 'Laki - Laki', 'Islam', 0, '', '', 'provinsi46.png', 0, '', 0, '', 0, '', '', '', '', '', '', '', '', '', '', '', '', ''),
(367, 3318, '', 30, 4, '', 'HANDRIAN ALFARIZI', '', '0000-00-00', 'Laki - Laki', 'Islam', 0, '', '', 'provinsi47.png', 0, '', 0, '', 0, '', '', '', '', '', '', '', '', '', '', '', '', ''),
(368, 3345, '', 30, 4, '', 'INDRA SAPUTRA', '', '0000-00-00', 'Laki - Laki', 'Islam', 0, '', '', 'provinsi48.png', 0, '', 0, '', 0, '', '', '', '', '', '', '', '', '', '', '', '', ''),
(369, 3350, '', 30, 4, '', 'IRMA JUNITA', '', '0000-00-00', 'Laki - Laki', 'Islam', 0, '', '', 'provinsi49.png', 0, '', 0, '', 0, '', '', '', '', '', '', '', '', '', '', '', '', ''),
(370, 3409, '', 30, 4, '', 'MONA ITATONI', '', '0000-00-00', 'Laki - Laki', 'Islam', 0, '', '', 'provinsi50.png', 0, '', 0, '', 0, '', '', '', '', '', '', '', '', '', '', '', '', ''),
(371, 3432, '', 30, 4, '', 'NASRAH HABILLAH', '', '0000-00-00', 'Laki - Laki', 'Islam', 0, '', '', 'provinsi51.png', 0, '', 0, '', 0, '', '', '', '', '', '', '', '', '', '', '', '', ''),
(372, 3464, '', 30, 4, '', 'PUTRI FEBRI YANTI', '', '0000-00-00', 'Laki - Laki', 'Islam', 0, '', '', 'provinsi52.png', 0, '', 0, '', 0, '', '', '', '', '', '', '', '', '', '', '', '', ''),
(373, 3467, '', 30, 4, '', 'PUTRI YUNITA', '', '0000-00-00', 'Laki - Laki', 'Islam', 0, '', '', 'provinsi53.png', 0, '', 0, '', 0, '', '', '', '', '', '', '', '', '', '', '', '', ''),
(374, 3494, '', 30, 4, '', 'RICIA ERNESTA', '', '0000-00-00', 'Laki - Laki', 'Islam', 0, '', '', 'provinsi54.png', 0, '', 0, '', 0, '', '', '', '', '', '', '', '', '', '', '', '', ''),
(375, 3517, '', 30, 4, '', 'RIZKY ADHYA SYAFITRI', '', '0000-00-00', 'Laki - Laki', 'Islam', 0, '', '', 'provinsi55.png', 0, '', 0, '', 0, '', '', '', '', '', '', '', '', '', '', '', '', ''),
(376, 3518, '', 30, 4, '', 'RIZKY FAHMI', '', '0000-00-00', 'Laki - Laki', 'Islam', 0, '', '', 'provinsi56.png', 0, '', 0, '', 0, '', '', '', '', '', '', '', '', '', '', '', '', ''),
(377, 3540, '', 30, 4, '', 'SATRIADI', '', '0000-00-00', 'Laki - Laki', 'Islam', 0, '', '', 'provinsi57.png', 0, '', 0, '', 0, '', '', '', '', '', '', '', '', '', '', '', '', ''),
(378, 3566, '', 30, 4, '', 'UPIK RATNA SARI', '', '0000-00-00', 'Laki - Laki', 'Islam', 0, '', '', 'provinsi58.png', 0, '', 0, '', 0, '', '', '', '', '', '', '', '', '', '', '', '', ''),
(379, 3573, '', 30, 4, '', 'VIKA MALVITA PUTRI', '', '0000-00-00', 'Laki - Laki', 'Islam', 0, '', '', 'provinsi59.png', 0, '', 0, '', 0, '', '', '', '', '', '', '', '', '', '', '', '', ''),
(380, 3584, '', 30, 4, '', 'WIDURI YELORI DEVIKA', '', '0000-00-00', 'Laki - Laki', 'Islam', 0, '', '', 'provinsi60.png', 0, '', 0, '', 0, '', '', '', '', '', '', '', '', '', '', '', '', ''),
(381, 3140, '', 31, 4, '', 'AGID YUHENDRA PRATAMA', '', '0000-00-00', 'Laki - Laki', 'Islam', 0, '', '', 'index99.jpg', 0, '', 0, '', 0, '', '', '', '', '', '', '', '', '', '', '', '', ''),
(383, 3157, '', 31, 4, '', 'ALDONI RAHMAN', '', '0000-00-00', 'Laki - Laki', 'Islam', 0, '', '', 'smk40.jpg', 0, '', 0, '', 0, '', '', '', '', '', '', '', '', '', '', '', '', ''),
(384, 3175, '', 31, 4, '', 'ANDIKA SAPUTRA', '', '0000-00-00', 'Laki - Laki', 'Islam', 0, '', '', 'smk41.jpg', 0, '', 0, '', 0, '', '', '', '', '', '', '', '', '', '', '', '', '');
INSERT INTO `siswa` (`id_siswa`, `nis`, `nisn`, `id_kelas`, `id_jur`, `tgl_masuk`, `nama`, `tempat`, `tanggal`, `jk`, `agama`, `anak_ke`, `status`, `alamat`, `foto`, `umur`, `no_ijazah`, `th_ijazah`, `no_skhu`, `th_skhu`, `asal_sklh`, `alamat_asal_sklh`, `nama_ayah`, `pkj_ayah`, `nama_ibu`, `pkj_ibu`, `alamat_ortu`, `nohp_ortu`, `wali`, `tlp_wali`, `alamat_wali`, `pkj_wali`, `no_hp`) VALUES
(385, 3216, '', 31, 4, '', 'AZRINALDI', '', '0000-00-00', 'Laki - Laki', 'Islam', 0, '', '', 'smk42.jpg', 0, '', 0, '', 0, '', '', '', '', '', '', '', '', '', '', '', '', ''),
(386, 3250, '', 31, 4, '', 'DIKI ADITIA PRANATA', '', '0000-00-00', 'Laki - Laki', 'Islam', 0, '', '', 'smk43.jpg', 0, '', 0, '', 0, '', '', '', '', '', '', '', '', '', '', '', '', ''),
(387, 3258, '', 31, 4, '', 'DINDA FASTRIA', '', '0000-00-00', 'Laki - Laki', 'Islam', 0, '', '', 'smk44.jpg', 0, '', 0, '', 0, '', '', '', '', '', '', '', '', '', '', '', '', ''),
(388, 3278, '', 31, 4, '', 'ERICK FERNANDO', '', '0000-00-00', 'Laki - Laki', 'Islam', 0, '', '', 'smk45.jpg', 0, '', 0, '', 0, '', '', '', '', '', '', '', '', '', '', '', '', ''),
(389, 3284, '', 31, 4, '', 'FADILLAH RAHAYU   A', '', '0000-00-00', 'Laki - Laki', 'Islam', 0, '', '', 'smk46.jpg', 0, '', 0, '', 0, '', '', '', '', '', '', '', '', '', '', '', '', ''),
(390, 3313, '', 31, 4, '', 'GEFRI GIOFANI', '', '0000-00-00', 'Laki - Laki', 'Islam', 0, '', '', 'smk47.jpg', 0, '', 0, '', 0, '', '', '', '', '', '', '', '', '', '', '', '', ''),
(391, 3320, '', 31, 4, '', 'HARI KURNIAWAN', '', '0000-00-00', 'Laki - Laki', 'Islam', 0, '', '', 'smk48.jpg', 0, '', 0, '', 0, '', '', '', '', '', '', '', '', '', '', '', '', ''),
(392, 3342, '', 31, 4, '', 'ILHAM YUSRIL LANANG', '', '0000-00-00', 'Laki - Laki', 'Islam', 0, '', '', 'smk49.jpg', 0, '', 0, '', 0, '', '', '', '', '', '', '', '', '', '', '', '', ''),
(393, 3348, '', 31, 4, '', 'INTAN AGUS DHARMA  P', '', '0000-00-00', 'Laki - Laki', 'Islam', 0, '', '', 'smk50.jpg', 0, '', 0, '', 0, '', '', '', '', '', '', '', '', '', '', '', '', ''),
(394, 3392, '', 31, 4, '', 'MAYUNIS', '', '0000-00-00', 'Laki - Laki', 'Islam', 0, '', '', 'smk51.jpg', 0, '', 0, '', 0, '', '', '', '', '', '', '', '', '', '', '', '', ''),
(395, 3419, '', 31, 4, '', 'MUHAMMAD FAJLI SAPUTRA', '', '0000-00-00', 'Laki - Laki', 'Islam', 0, '', '', 'smk52.jpg', 0, '', 0, '', 0, '', '', '', '', '', '', '', '', '', '', '', '', ''),
(396, 3453, '', 31, 4, '', 'NURUL FADHILLAH', '', '0000-00-00', 'Laki - Laki', 'Islam', 0, '', '', 'smk53.jpg', 0, '', 0, '', 0, '', '', '', '', '', '', '', '', '', '', '', '', ''),
(397, 3490, '', 31, 4, '', 'REVI ABRIANI', '', '0000-00-00', 'Laki - Laki', 'Islam', 0, '', '', 'smk54.jpg', 0, '', 0, '', 0, '', '', '', '', '', '', '', '', '', '', '', '', ''),
(398, 3501, '', 31, 4, '', 'RIO FEBRIAN', '', '0000-00-00', 'Laki - Laki', 'Islam', 0, '', '', 'smk55.jpg', 0, '', 0, '', 0, '', '', '', '', '', '', '', '', '', '', '', '', ''),
(399, 3527, '', 31, 4, '', 'RUDY CHANDRA', '', '0000-00-00', 'Laki - Laki', 'Islam', 0, '', '', 'smk56.jpg', 0, '', 0, '', 0, '', '', '', '', '', '', '', '', '', '', '', '', ''),
(400, 3543, '', 31, 4, '', 'SERLIN SRI HIDAYAH', '', '0000-00-00', 'Laki - Laki', 'Islam', 0, '', '', 'smk57.jpg', 0, '', 0, '', 0, '', '', '', '', '', '', '', '', '', '', '', '', ''),
(401, 3570, '', 31, 4, '', 'VINA NOVIA RHAMADANI', '', '0000-00-00', 'Laki - Laki', 'Islam', 0, '', '', 'smk58.jpg', 0, '', 0, '', 0, '', '', '', '', '', '', '', '', '', '', '', '', ''),
(402, 3577, '', 31, 4, '', 'VITO ZALDI', '', '0000-00-00', 'Laki - Laki', 'Islam', 0, '', '', 'smk59.jpg', 0, '', 0, '', 0, '', '', '', '', '', '', '', '', '', '', '', '', ''),
(403, 3591, '', 31, 4, '', 'YETRA DAFITRI', '', '0000-00-00', 'Laki - Laki', 'Islam', 0, '', '', 'smk60.jpg', 0, '', 0, '', 0, '', '', '', '', '', '', '', '', '', '', '', '', ''),
(404, 3617, '', 31, 4, '', 'ZUR\'AINI', '', '0000-00-00', 'Laki - Laki', 'Islam', 0, '', '', 'smk61.jpg', 0, '', 0, '', 0, '', '', '', '', '', '', '', '', '', '', '', '', ''),
(405, 3570, '', 31, 4, '', 'VANNY MARDILA', '', '0000-00-00', 'Laki - Laki', 'Islam', 0, '', '', 'smk62.jpg', 0, '', 0, '', 0, '', '', '', '', '', '', '', '', '', '', '', '', ''),
(406, 3188, '', 26, 3, '', 'ANNISA FITRIA SARI', '', '0000-00-00', 'Laki - Laki', 'Islam', 0, '', '', 'smk63.jpg', 0, '', 0, '', 0, '', '', '', '', '', '', '', '', '', '', '', '', ''),
(407, 3187, '', 26, 3, '', 'ANJELY TRI RUKMANA', '', '0000-00-00', 'Laki - Laki', 'Islam', 0, '', '', 'smk64.jpg', 0, '', 0, '', 0, '', '', '', '', '', '', '', '', '', '', '', '', ''),
(408, 3197, '', 26, 3, '', 'ARIANTO', '', '0000-00-00', 'Laki - Laki', 'Islam', 0, '', '', 'smk65.jpg', 0, '', 0, '', 0, '', '', '', '', '', '', '', '', '', '', '', '', ''),
(409, 3207, '', 26, 3, '', 'AULIA TSANIYAH ADNAND', '', '0000-00-00', 'Laki - Laki', 'Islam', 0, '', '', 'smk66.jpg', 0, '', 0, '', 0, '', '', '', '', '', '', '', '', '', '', '', '', ''),
(410, 3256, '', 26, 3, '', 'DINA NOVITA SARI', '', '0000-00-00', 'Laki - Laki', 'Islam', 0, '', '', 'smk67.jpg', 0, '', 0, '', 0, '', '', '', '', '', '', '', '', '', '', '', '', ''),
(411, 3274, '', 26, 3, '', 'ELSA MAYORA PUTRI', '', '0000-00-00', 'Laki - Laki', 'Islam', 0, '', '', 'smk68.jpg', 0, '', 0, '', 0, '', '', '', '', '', '', '', '', '', '', '', '', ''),
(412, 3279, '', 26, 3, '', 'ERNA JUITA', '', '0000-00-00', 'Laki - Laki', 'Islam', 0, '', '', 'smk69.jpg', 0, '', 0, '', 0, '', '', '', '', '', '', '', '', '', '', '', '', ''),
(413, 3332, '', 26, 3, '', 'IHSAN NUR SALIM ABRAR', '', '0000-00-00', 'Laki - Laki', 'Islam', 0, '', '', 'smk70.jpg', 0, '', 0, '', 0, '', '', '', '', '', '', '', '', '', '', '', '', ''),
(414, 3310, '', 26, 3, '', 'FITRI HANDAYANI', '', '0000-00-00', 'Laki - Laki', 'Islam', 0, '', '', 'smk71.jpg', 0, '', 0, '', 0, '', '', '', '', '', '', '', '', '', '', '', '', ''),
(415, 3341, '', 26, 3, '', 'ILHAM SYAPUTRA NANDA', '', '0000-00-00', 'Laki - Laki', 'Islam', 0, '', '', 'smk72.jpg', 0, '', 0, '', 0, '', '', '', '', '', '', '', '', '', '', '', '', ''),
(416, 3359, '', 26, 3, '', 'JALIFA SEPTIA MURNI', '', '0000-00-00', 'Laki - Laki', 'Islam', 0, '', '', 'smk73.jpg', 0, '', 0, '', 0, '', '', '', '', '', '', '', '', '', '', '', '', ''),
(417, 3363, '', 26, 3, '', 'JIMMY MAGRATUL AZAN', '', '0000-00-00', 'Laki - Laki', 'Islam', 0, '', '', 'smk74.jpg', 0, '', 0, '', 0, '', '', '', '', '', '', '', '', '', '', '', '', ''),
(418, 3371, '', 26, 3, '', 'KLARISA DAFINA', '', '0000-00-00', 'Laki - Laki', 'Islam', 0, '', '', 'smk75.jpg', 0, '', 0, '', 0, '', '', '', '', '', '', '', '', '', '', '', '', ''),
(419, 3378, '', 26, 3, '', 'LUSI NUR AISAH', '', '0000-00-00', 'Laki - Laki', 'Islam', 0, '', '', 'smk76.jpg', 0, '', 0, '', 0, '', '', '', '', '', '', '', '', '', '', '', '', ''),
(420, 3390, '', 26, 3, '', 'MARDIAH ERMAWATI', '', '0000-00-00', 'Laki - Laki', 'Islam', 0, '', '', 'smk77.jpg', 0, '', 0, '', 0, '', '', '', '', '', '', '', '', '', '', '', '', ''),
(421, 3394, '', 26, 3, '', 'MEGA VITALOKA', '', '0000-00-00', 'Laki - Laki', 'Islam', 0, '', '', 'smk78.jpg', 0, '', 0, '', 0, '', '', '', '', '', '', '', '', '', '', '', '', ''),
(422, 3399, '', 26, 3, '', 'MELDA GUSTI', '', '0000-00-00', 'Laki - Laki', 'Islam', 0, '', '', 'smk79.jpg', 0, '', 0, '', 0, '', '', '', '', '', '', '', '', '', '', '', '', ''),
(423, 3435, '', 26, 3, '', 'NIA ARNIATI', '', '0000-00-00', 'Laki - Laki', 'Islam', 0, '', '', 'smk80.jpg', 0, '', 0, '', 0, '', '', '', '', '', '', '', '', '', '', '', '', ''),
(424, 3436, '', 26, 3, '', 'NIA LARAS SANTIKA', '', '0000-00-00', 'Laki - Laki', 'Islam', 0, '', '', 'smk81.jpg', 0, '', 0, '', 0, '', '', '', '', '', '', '', '', '', '', '', '', ''),
(425, 3447, '', 26, 3, '', 'NOVI WAFENDER', '', '0000-00-00', 'Laki - Laki', 'Islam', 0, '', '', 'smk82.jpg', 0, '', 0, '', 0, '', '', '', '', '', '', '', '', '', '', '', '', ''),
(426, 3443, '', 26, 3, '', 'NOVA PERMATA INDAH', '', '0000-00-00', 'Laki - Laki', 'Islam', 0, '', '', 'smk83.jpg', 0, '', 0, '', 0, '', '', '', '', '', '', '', '', '', '', '', '', ''),
(427, 3465, '', 26, 3, '', 'PUTRI HANDAYANI', '', '0000-00-00', 'Laki - Laki', 'Islam', 0, '', '', 'smk84.jpg', 0, '', 0, '', 0, '', '', '', '', '', '', '', '', '', '', '', '', ''),
(428, 3484, '', 26, 3, '', 'REFITA MELIZA', '', '0000-00-00', 'Laki - Laki', 'Islam', 0, '', '', 'smk85.jpg', 0, '', 0, '', 0, '', '', '', '', '', '', '', '', '', '', '', '', ''),
(429, 3529, '', 26, 3, '', 'RYSMA ELVINA ROZA', '', '0000-00-00', 'Laki - Laki', 'Islam', 0, '', '', 'smk86.jpg', 0, '', 0, '', 0, '', '', '', '', '', '', '', '', '', '', '', '', ''),
(430, 3554, '', 26, 3, '', 'SYAHRUL GUNAWAN', '', '0000-00-00', 'Laki - Laki', 'Islam', 0, '', '', 'smk87.jpg', 0, '', 0, '', 0, '', '', '', '', '', '', '', '', '', '', '', '', ''),
(431, 3559, '', 26, 3, '', 'TATI HANDAYANI', '', '0000-00-00', 'Laki - Laki', 'Islam', 0, '', '', 'smk88.jpg', 0, '', 0, '', 0, '', '', '', '', '', '', '', '', '', '', '', '', ''),
(432, 3578, '', 26, 3, '', 'VIVI ANISA', '', '0000-00-00', 'Laki - Laki', 'Islam', 0, '', '', 'smk89.jpg', 0, '', 0, '', 0, '', '', '', '', '', '', '', '', '', '', '', '', ''),
(433, 3585, '', 26, 3, '', 'WIDYA FEBRIANDA', '', '0000-00-00', 'Laki - Laki', 'Islam', 0, '', '', 'smk90.jpg', 0, '', 0, '', 0, '', '', '', '', '', '', '', '', '', '', '', '', ''),
(434, 3601, '', 26, 3, '', 'YUFIKA SESRI', '', '0000-00-00', 'Laki - Laki', 'Islam', 0, '', '', 'smk91.jpg', 0, '', 0, '', 0, '', '', '', '', '', '', '', '', '', '', '', '', ''),
(435, 3604, '', 26, 3, '', 'YULIANDA YANI', '', '0000-00-00', 'Laki - Laki', 'Islam', 0, '', '', 'smk92.jpg', 0, '', 0, '', 0, '', '', '', '', '', '', '', '', '', '', '', '', ''),
(436, 3609, '', 26, 3, '', 'ZAINI', '', '0000-00-00', 'Laki - Laki', 'Islam', 0, '', '', 'smk93.jpg', 0, '', 0, '', 0, '', '', '', '', '', '', '', '', '', '', '', '', ''),
(437, 3172, '', 27, 3, '', 'AMELIA PUTRI', '', '0000-00-00', 'Laki - Laki', 'Islam', 0, '', '', 'smk94.jpg', 0, '', 0, '', 0, '', '', '', '', '', '', '', '', '', '', '', '', ''),
(438, 3182, '', 27, 3, '', 'ANGGI NOFRIYANTI', '', '0000-00-00', 'Laki - Laki', 'Islam', 0, '', '', 'smk95.jpg', 0, '', 0, '', 0, '', '', '', '', '', '', '', '', '', '', '', '', ''),
(439, 3185, '', 27, 3, '', 'ANISA OKTAVIA', '', '0000-00-00', 'Laki - Laki', 'Islam', 0, '', '', 'smk96.jpg', 0, '', 0, '', 0, '', '', '', '', '', '', '', '', '', '', '', '', ''),
(440, 3209, '', 27, 3, '', 'AYU PUSPITA SARI', '', '0000-00-00', 'Laki - Laki', 'Islam', 0, '', '', 'smk97.jpg', 0, '', 0, '', 0, '', '', '', '', '', '', '', '', '', '', '', '', ''),
(441, 3215, '', 27, 3, '', 'AZREL ALIF PRATAMA', '', '0000-00-00', 'Laki - Laki', 'Islam', 0, '', '', 'smk98.jpg', 0, '', 0, '', 0, '', '', '', '', '', '', '', '', '', '', '', '', ''),
(442, 3228, '', 27, 3, '', 'DARMA YULIANITA', '', '0000-00-00', 'Laki - Laki', 'Islam', 0, '', '', 'smk99.jpg', 0, '', 0, '', 0, '', '', '', '', '', '', '', '', '', '', '', '', ''),
(443, 3248, '', 27, 3, '', 'DIANA MARYUSNI', '', '0000-00-00', 'Laki - Laki', 'Islam', 0, '', '', 'aaa.jpg', 0, '', 0, '', 0, '', '', '', '', '', '', '', '', '', '', '', '', ''),
(444, 3255, '', 27, 3, '', 'DINA AFRIANI', '', '0000-00-00', 'Laki - Laki', 'Islam', 0, '', '', 'aaa1.jpg', 0, '', 0, '', 0, '', '', '', '', '', '', '', '', '', '', '', '', ''),
(445, 3276, '', 27, 3, '', 'ELVINA', '', '0000-00-00', 'Laki - Laki', 'Islam', 0, '', '', 'aaa2.jpg', 0, '', 0, '', 0, '', '', '', '', '', '', '', '', '', '', '', '', ''),
(446, 3304, '', 27, 3, '', 'FEBY SANDI  YATIKA', '', '0000-00-00', 'Laki - Laki', 'Islam', 0, '', '', 'aaa3.jpg', 0, '', 0, '', 0, '', '', '', '', '', '', '', '', '', '', '', '', ''),
(447, 3308, '', 27, 3, '', 'FILDIA HANUM', '', '0000-00-00', 'Laki - Laki', 'Islam', 0, '', '', 'aaa4.jpg', 0, '', 0, '', 0, '', '', '', '', '', '', '', '', '', '', '', '', ''),
(448, 3321, '', 27, 3, '', 'HARIADI', '', '0000-00-00', 'Laki - Laki', 'Islam', 0, '', '', 'aaa5.jpg', 0, '', 0, '', 0, '', '', '', '', '', '', '', '', '', '', '', '', ''),
(449, 3324, '', 27, 3, '', 'HELMIA PUTRI', '', '0000-00-00', 'Laki - Laki', 'Islam', 0, '', '', 'aaa6.jpg', 0, '', 0, '', 0, '', '', '', '', '', '', '', '', '', '', '', '', ''),
(450, 3329, '', 27, 3, '', 'HUSNATUL FITRI', '', '0000-00-00', 'Laki - Laki', 'Islam', 0, '', '', 'aaa7.jpg', 0, '', 0, '', 0, '', '', '', '', '', '', '', '', '', '', '', '', ''),
(451, 3356, '', 27, 3, '', 'IRWANSYAH', '', '0000-00-00', 'Laki - Laki', 'Islam', 0, '', '', 'aaa8.jpg', 0, '', 0, '', 0, '', '', '', '', '', '', '', '', '', '', '', '', ''),
(452, 3369, '', 27, 3, '', 'JUWITA ELVIRA', '', '0000-00-00', 'Laki - Laki', 'Islam', 0, '', '', 'aaa9.jpg', 0, '', 0, '', 0, '', '', '', '', '', '', '', '', '', '', '', '', ''),
(453, 3373, '', 27, 3, '', 'LASMI FITRIA HARTATI', '', '0000-00-00', 'Laki - Laki', 'Islam', 0, '', '', 'aaa10.jpg', 0, '', 0, '', 0, '', '', '', '', '', '', '', '', '', '', '', '', ''),
(454, 3395, '', 27, 3, '', 'MEISY MASRIANI', '', '0000-00-00', 'Laki - Laki', 'Islam', 0, '', '', 'aaa11.jpg', 0, '', 0, '', 0, '', '', '', '', '', '', '', '', '', '', '', '', ''),
(455, 3397, '', 27, 3, '', 'MELA OKTAVIA', '', '0000-00-00', 'Laki - Laki', 'Islam', 0, '', '', 'aaa12.jpg', 0, '', 0, '', 0, '', '', '', '', '', '', '', '', '', '', '', '', ''),
(456, 3410, '', 27, 3, '', 'MONA VINOLIA', '', '0000-00-00', 'Laki - Laki', 'Islam', 0, '', '', 'aaa13.jpg', 0, '', 0, '', 0, '', '', '', '', '', '', '', '', '', '', '', '', ''),
(457, 3430, '', 27, 3, '', 'NABILA SYAFA', '', '0000-00-00', 'Laki - Laki', 'Islam', 0, '', '', 'aaa14.jpg', 0, '', 0, '', 0, '', '', '', '', '', '', '', '', '', '', '', '', ''),
(458, 3449, '', 27, 3, '', 'NOVITRIANI', '', '0000-00-00', 'Laki - Laki', 'Islam', 0, '', '', 'aaa15.jpg', 0, '', 0, '', 0, '', '', '', '', '', '', '', '', '', '', '', '', ''),
(459, 3457, '', 27, 3, '', 'PITRA AYU', '', '0000-00-00', 'Laki - Laki', 'Islam', 0, '', '', 'aaa16.jpg', 0, '', 0, '', 0, '', '', '', '', '', '', '', '', '', '', '', '', ''),
(460, 3478, '', 27, 3, '', 'RAIHAN HUZAKY ARVAJS', '', '0000-00-00', 'Laki - Laki', 'Islam', 0, '', '', 'aaa17.jpg', 0, '', 0, '', 0, '', '', '', '', '', '', '', '', '', '', '', '', ''),
(461, 3506, '', 27, 3, '', 'RISMAWATI', '', '0000-00-00', 'Laki - Laki', 'Islam', 0, '', '', 'aaa18.jpg', 0, '', 0, '', 0, '', '', '', '', '', '', '', '', '', '', '', '', ''),
(462, 3535, '', 27, 3, '', 'SALSABILA IZATI', '', '0000-00-00', 'Laki - Laki', 'Islam', 0, '', '', 'aaa19.jpg', 0, '', 0, '', 0, '', '', '', '', '', '', '', '', '', '', '', '', ''),
(463, 3538, '', 27, 3, '', 'SARTIKA YULIARNI', '', '0000-00-00', 'Laki - Laki', 'Islam', 0, '', '', 'aaa20.jpg', 0, '', 0, '', 0, '', '', '', '', '', '', '', '', '', '', '', '', ''),
(464, 3576, '', 27, 3, '', 'VIRA HENDANI', '', '0000-00-00', 'Laki - Laki', 'Islam', 0, '', '', 'aaa21.jpg', 0, '', 0, '', 0, '', '', '', '', '', '', '', '', '', '', '', '', ''),
(465, 3598, '', 27, 3, '', 'YONA YOVANDA', '', '0000-00-00', 'Laki - Laki', 'Islam', 0, '', '', 'aaa22.jpg', 0, '', 0, '', 0, '', '', '', '', '', '', '', '', '', '', '', '', ''),
(466, 3581, '', 27, 3, '', 'WIDIA KARMALA DEWI', '', '0000-00-00', 'Laki - Laki', 'Islam', 0, '', '', 'aaa23.jpg', 0, '', 0, '', 0, '', '', '', '', '', '', '', '', '', '', '', '', ''),
(467, 3602, '', 27, 3, '', 'YULIA CITRA', '', '0000-00-00', 'Laki - Laki', 'Islam', 0, '', '', 'aaa24.jpg', 0, '', 0, '', 0, '', '', '', '', '', '', '', '', '', '', '', '', ''),
(472, 3210, '', 28, 3, '', 'AYU SABRINA', '', '0000-00-00', 'Laki - Laki', 'Islam', 0, '', '', 'aaa29.jpg', 0, '', 0, '', 0, '', '', '', '', '', '', '', '', '', '', '', '', ''),
(473, 3243, '', 28, 3, '', 'DENISA NISWATUL.K', '', '0000-00-00', 'Laki - Laki', 'Islam', 0, '', '', 'aaa30.jpg', 0, '', 0, '', 0, '', '', '', '', '', '', '', '', '', '', '', '', ''),
(474, 3235, '', 28, 3, '', 'DEDET AGIT', '', '0000-00-00', 'Laki - Laki', 'Islam', 0, '', '', 'aaa31.jpg', 0, '', 0, '', 0, '', '', '', '', '', '', '', '', '', '', '', '', ''),
(475, 3247, '', 28, 3, '', 'DIAN ILHAM FEBRIANI', '', '0000-00-00', 'Laki - Laki', 'Islam', 0, '', '', 'aaa32.jpg', 0, '', 0, '', 0, '', '', '', '', '', '', '', '', '', '', '', '', ''),
(476, 3293, '', 28, 3, '', 'FANI APRILIANI', '', '0000-00-00', 'Laki - Laki', 'Islam', 0, '', '', 'aaa33.jpg', 0, '', 0, '', 0, '', '', '', '', '', '', '', '', '', '', '', '', ''),
(477, 3319, '', 28, 3, '', 'HANIFAH MAYORI SADRIANTI', '', '0000-00-00', 'Laki - Laki', 'Islam', 0, '', '', 'aaa34.jpg', 0, '', 0, '', 0, '', '', '', '', '', '', '', '', '', '', '', '', ''),
(478, 3336, '', 28, 3, '', 'ILHAM ', '', '0000-00-00', 'Laki - Laki', 'Islam', 0, '', '', 'aaa35.jpg', 0, '', 0, '', 0, '', '', '', '', '', '', '', '', '', '', '', '', ''),
(479, 3368, '', 28, 3, '', 'JULITA SUKMA SARI', '', '0000-00-00', 'Laki - Laki', 'Islam', 0, '', '', 'aaa36.jpg', 0, '', 0, '', 0, '', '', '', '', '', '', '', '', '', '', '', '', ''),
(480, 3374, '', 28, 3, '', 'LASMI GUSNIARTI', '', '0000-00-00', 'Laki - Laki', 'Islam', 0, '', '', 'aaa37.jpg', 0, '', 0, '', 0, '', '', '', '', '', '', '', '', '', '', '', '', ''),
(481, 3376, '', 28, 3, '', 'LENI MARLINA', '', '0000-00-00', 'Laki - Laki', 'Islam', 0, '', '', 'aaa38.jpg', 0, '', 0, '', 0, '', '', '', '', '', '', '', '', '', '', '', '', ''),
(482, 3398, '', 28, 3, '', 'MELA SAFIRA', '', '0000-00-00', 'Laki - Laki', 'Islam', 0, '', '', 'aaa39.jpg', 0, '', 0, '', 0, '', '', '', '', '', '', '', '', '', '', '', '', ''),
(483, 3406, '', 28, 3, '', 'MIRA ANGGRAINI', '', '0000-00-00', 'Laki - Laki', 'Islam', 0, '', '', 'aaa40.jpg', 0, '', 0, '', 0, '', '', '', '', '', '', '', '', '', '', '', '', ''),
(484, 3412, '', 28, 3, '', 'MUFIDA KHAIRUL NISA', '', '0000-00-00', 'Laki - Laki', 'Islam', 0, '', '', 'aaa41.jpg', 0, '', 0, '', 0, '', '', '', '', '', '', '', '', '', '', '', '', ''),
(485, 3454, '', 28, 3, '', 'OCTAVIA INDRIANI', '', '0000-00-00', 'Laki - Laki', 'Islam', 0, '', '', 'aaa42.jpg', 0, '', 0, '', 0, '', '', '', '', '', '', '', '', '', '', '', '', ''),
(486, 3462, '', 28, 3, '', 'PUTRI AYU WULANDARI', '', '0000-00-00', 'Laki - Laki', 'Islam', 0, '', '', 'aaa43.jpg', 0, '', 0, '', 0, '', '', '', '', '', '', '', '', '', '', '', '', ''),
(487, 3468, '', 28, 3, '', 'RADINI AISYAH', '', '0000-00-00', 'Laki - Laki', 'Islam', 0, '', '', 'aaa44.jpg', 0, '', 0, '', 0, '', '', '', '', '', '', '', '', '', '', '', '', ''),
(488, 3472, '', 28, 3, '', 'RAHMAD HIDAYAT', '', '0000-00-00', 'Laki - Laki', 'Islam', 0, '', '', 'aaa45.jpg', 0, '', 0, '', 0, '', '', '', '', '', '', '', '', '', '', '', '', ''),
(489, 3480, '', 28, 3, '', 'RANTI MAIRANI', '', '0000-00-00', 'Laki - Laki', 'Islam', 0, '', '', 'aaa46.jpg', 0, '', 0, '', 0, '', '', '', '', '', '', '', '', '', '', '', '', ''),
(490, 3537, '', 28, 3, '', 'SANTI RAMAHDANI', '', '0000-00-00', 'Laki - Laki', 'Islam', 0, '', '', 'aaa47.jpg', 0, '', 0, '', 0, '', '', '', '', '', '', '', '', '', '', '', '', ''),
(491, 3545, '', 28, 3, '', 'SINDI NURHALIZA', '', '0000-00-00', 'Laki - Laki', 'Islam', 0, '', '', 'aaa48.jpg', 0, '', 0, '', 0, '', '', '', '', '', '', '', '', '', '', '', '', ''),
(492, 3541, '', 28, 3, '', 'SELVIA', '', '0000-00-00', 'Laki - Laki', 'Islam', 0, '', '', 'aaa49.jpg', 0, '', 0, '', 0, '', '', '', '', '', '', '', '', '', '', '', '', ''),
(493, 3550, '', 28, 3, '', 'SRI WAHYU NINGSIH', '', '0000-00-00', 'Laki - Laki', 'Islam', 0, '', '', 'aaa50.jpg', 0, '', 0, '', 0, '', '', '', '', '', '', '', '', '', '', '', '', ''),
(494, 3556, '', 28, 3, '', 'SYALSA SELVIA', '', '0000-00-00', 'Laki - Laki', 'Islam', 0, '', '', 'aaa51.jpg', 0, '', 0, '', 0, '', '', '', '', '', '', '', '', '', '', '', '', ''),
(495, 3569, '', 28, 3, '', 'VAL MULYADI', '', '0000-00-00', 'Laki - Laki', 'Islam', 0, '', '', 'aaa52.jpg', 0, '', 0, '', 0, '', '', '', '', '', '', '', '', '', '', '', '', ''),
(496, 3582, '', 28, 3, '', 'WIDIA PUTRI', '', '0000-00-00', 'Laki - Laki', 'Islam', 0, '', '', 'aaa53.jpg', 0, '', 0, '', 0, '', '', '', '', '', '', '', '', '', '', '', '', ''),
(497, 3606, '', 28, 3, '', 'YUNI SETIAWATI', '', '0000-00-00', 'Laki - Laki', 'Islam', 0, '', '', 'aaa54.jpg', 0, '', 0, '', 0, '', '', '', '', '', '', '', '', '', '', '', '', ''),
(498, 3603, '', 28, 3, '', 'YULIA PUTRI', '', '0000-00-00', 'Laki - Laki', 'Islam', 0, '', '', 'aaa55.jpg', 0, '', 0, '', 0, '', '', '', '', '', '', '', '', '', '', '', '', ''),
(499, 3171, '', 28, 3, '', 'AMELIA', '', '0000-00-00', 'Laki - Laki', 'Islam', 0, '', '', 'aaa56.jpg', 0, '', 0, '', 0, '', '', '', '', '', '', '', '', '', '', '', '', ''),
(500, 3232, '', 28, 3, '', 'DEA BERLIANA SUKMA', '', '0000-00-00', 'Laki - Laki', 'Islam', 0, '', '', 'aaa57.jpg', 0, '', 0, '', 0, '', '', '', '', '', '', '', '', '', '', '', '', ''),
(501, 3202, '', 28, 3, '', 'ARNI SOFIA', '', '0000-00-00', 'Laki - Laki', 'Islam', 0, '', '', 'aaa58.jpg', 0, '', 0, '', 0, '', '', '', '', '', '', '', '', '', '', '', '', ''),
(502, 3622, '', 37, 1, '', 'ABI MAYU AFRIDO', '', '0000-00-00', 'Laki - Laki', 'Islam', 0, '', '', 'SINTOGA36.jpg', 0, '', 0, '', 0, '', '', '', '', '', '', '', '', '', '', '', '', ''),
(503, 3637, '', 37, 1, '', 'AJISMANTO', '', '0000-00-00', 'Laki - Laki', 'Islam', 0, '', '', 'SINTOGA37.jpg', 0, '', 0, '', 0, '', '', '', '', '', '', '', '', '', '', '', '', ''),
(504, 3659, '', 37, 1, '', 'AMIRUDDIN', '', '0000-00-00', 'Laki - Laki', 'Islam', 0, '', '', 'SINTOGA38.jpg', 0, '', 0, '', 0, '', '', '', '', '', '', '', '', '', '', '', '', ''),
(505, 3686, '', 37, 1, '', 'ASRAFUL  FAUZI', '', '0000-00-00', 'Laki - Laki', 'Islam', 0, '', '', 'SINTOGA39.jpg', 0, '', 0, '', 0, '', '', '', '', '', '', '', '', '', '', '', '', ''),
(506, 3689, '', 37, 1, '', 'AYU LINDA', '', '0000-00-00', 'Perempuan', 'Islam', 0, '', '', 'SINTOGA40.jpg', 0, '', 0, '', 0, '', '', '', '', '', '', '', '', '', '', '', '', ''),
(507, 3701, '', 37, 1, '', 'DASRIL DIANSYAH', '', '0000-00-00', 'Laki - Laki', 'Islam', 0, '', '', 'SINTOGA41.jpg', 0, '', 0, '', 0, '', '', '', '', '', '', '', '', '', '', '', '', ''),
(508, 3713, '', 37, 1, '', 'DENI ALMA ARIF', '', '0000-00-00', 'Laki - Laki', 'Islam', 0, '', '', 'SINTOGA42.jpg', 0, '', 0, '', 0, '', '', '', '', '', '', '', '', '', '', '', '', ''),
(509, 3726, '', 37, 1, '', 'EHA THIARA ATMANINGSIH', '', '0000-00-00', 'Perempuan', 'Islam', 0, '', '', 'SINTOGA43.jpg', 0, '', 0, '', 0, '', '', '', '', '', '', '', '', '', '', '', '', ''),
(510, 3731, '', 37, 1, '', 'ERA PUSPITA WATI', '', '0000-00-00', 'Perempuan', 'Islam', 0, '', '', 'SINTOGA44.jpg', 0, '', 0, '', 0, '', '', '', '', '', '', '', '', '', '', '', '', ''),
(511, 3751, '', 37, 1, '', 'FERLI FERDIAN', '', '0000-00-00', 'Laki - Laki', 'Islam', 0, '', '', 'SINTOGA45.jpg', 0, '', 0, '', 0, '', '', '', '', '', '', '', '', '', '', '', '', ''),
(512, 3768, '', 37, 1, '', 'HARI RIZKY PUTRA', '', '0000-00-00', 'Laki - Laki', 'Islam', 0, '', '', 'SINTOGA46.jpg', 0, '', 0, '', 0, '', '', '', '', '', '', '', '', '', '', '', '', ''),
(513, 3791, '', 37, 1, '', 'INSAN NUR FIKRI', '', '0000-00-00', 'Laki - Laki', 'Islam', 0, '', '', 'SINTOGA47.jpg', 0, '', 0, '', 0, '', '', '', '', '', '', '', '', '', '', '', '', ''),
(514, 3793, '', 37, 1, '', 'IRA YUSNITA', '', '0000-00-00', 'Perempuan', 'Islam', 0, '', '', 'SINTOGA48.jpg', 0, '', 0, '', 0, '', '', '', '', '', '', '', '', '', '', '', '', ''),
(515, 3795, '', 37, 1, '', 'IRMA WATI', '', '0000-00-00', 'Laki - Laki', 'Islam', 0, '', '', 'SINTOGA49.jpg', 0, '', 0, '', 0, '', '', '', '', '', '', '', '', '', '', '', '', ''),
(516, 3830, '', 37, 1, '', 'MAQDATUL AQLI', '', '0000-00-00', 'Laki - Laki', 'Islam', 0, '', '', 'SINTOGA50.jpg', 0, '', 0, '', 0, '', '', '', '', '', '', '', '', '', '', '', '', ''),
(517, 3840, '', 37, 1, '', 'MHD. NICHO APRIZONA', '', '0000-00-00', 'Laki - Laki', 'Islam', 0, '', '', 'SINTOGA51.jpg', 0, '', 0, '', 0, '', '', '', '', '', '', '', '', '', '', '', '', ''),
(518, 3853, '', 37, 1, '', 'MUHAMMAD FAHREZI  R', '', '0000-00-00', 'Laki - Laki', 'Islam', 0, '', '', 'SINTOGA52.jpg', 0, '', 0, '', 0, '', '', '', '', '', '', '', '', '', '', '', '', ''),
(519, 3861, '', 37, 1, '', 'MUHAMMAD VITO RAMADHANI', '', '0000-00-00', 'Laki - Laki', 'Islam', 0, '', '', 'SINTOGA53.jpg', 0, '', 0, '', 0, '', '', '', '', '', '', '', '', '', '', '', '', ''),
(520, 3865, '', 37, 1, '', 'MUUHMMAD FIKRI', '', '0000-00-00', 'Laki - Laki', 'Islam', 0, '', '', 'SINTOGA54.jpg', 0, '', 0, '', 0, '', '', '', '', '', '', '', '', '', '', '', '', ''),
(521, 3882, '', 37, 1, '', 'NOVAL SAPUTRA DINATA', '', '0000-00-00', 'Laki - Laki', 'Islam', 0, '', '', 'SINTOGA55.jpg', 0, '', 0, '', 0, '', '', '', '', '', '', '', '', '', '', '', '', ''),
(522, 3884, '', 37, 1, '', 'NUR AISYYAH RAHMI', '', '0000-00-00', 'Perempuan', 'Islam', 0, '', '', 'SINTOGA56.jpg', 0, '', 0, '', 0, '', '', '', '', '', '', '', '', '', '', '', '', ''),
(523, 3901, '', 37, 1, '', 'RAHMA ASNI DAFALA', '', '0000-00-00', 'Perempuan', 'Islam', 0, '', '', 'SINTOGA57.jpg', 0, '', 0, '', 0, '', '', '', '', '', '', '', '', '', '', '', '', ''),
(524, 3903, '', 37, 1, '', 'RAHMAD ARAFAH', '', '0000-00-00', 'Laki - Laki', 'Islam', 0, '', '', 'SINTOGA58.jpg', 0, '', 0, '', 0, '', '', '', '', '', '', '', '', '', '', '', '', ''),
(525, 3915, '', 37, 1, '', 'RATNA ANJELIA', '', '0000-00-00', 'Perempuan', 'Islam', 0, '', '', 'SINTOGA59.jpg', 0, '', 0, '', 0, '', '', '', '', '', '', '', '', '', '', '', '', ''),
(526, 3921, '', 37, 1, '', 'REHAN PRAJITO', '', '0000-00-00', 'Laki - Laki', 'Islam', 0, '', '', 'SINTOGA60.jpg', 0, '', 0, '', 0, '', '', '', '', '', '', '', '', '', '', '', '', ''),
(527, 3942, '', 37, 1, '', 'RIKA MARGARETA', '', '0000-00-00', 'Perempuan', 'Islam', 0, '', '', 'SINTOGA61.jpg', 0, '', 0, '', 0, '', '', '', '', '', '', '', '', '', '', '', '', ''),
(528, 3948, '', 37, 1, '', 'RITA PURNAMA SARI', '', '0000-00-00', 'Perempuan', 'Islam', 0, '', '', 'SINTOGA62.jpg', 0, '', 0, '', 0, '', '', '', '', '', '', '', '', '', '', '', '', ''),
(529, 3950, '', 37, 1, '', 'RIYAN ABDILLAH', '', '0000-00-00', 'Laki - Laki', 'Islam', 0, '', '', 'SINTOGA63.jpg', 0, '', 0, '', 0, '', '', '', '', '', '', '', '', '', '', '', '', ''),
(531, 2963, '', 5, 2, '', 'RAHMANDA PUTRA', '', '0000-00-00', 'Laki - Laki', 'Islam', 0, '', '', 'yurike1.jpg', 0, '', 0, '', 0, '', '', '', '', '', '', '', '', '', '', '', '', ''),
(532, 3002, '', 5, 2, '', 'RISKI PURNAMA', '', '0000-00-00', 'Laki - Laki', 'Islam', 0, '', '', 'yurike2.jpg', 0, '', 0, '', 0, '', '', '', '', '', '', '', '', '', '', '', '', ''),
(533, 3008, '', 5, 2, '', 'RIZA ZELVIA', '', '0000-00-00', 'Perempuan', 'Islam', 0, '', '', 'aaaaa60.jpg', 0, '', 0, '', 0, '', '', '', '', '', '', '', '', '', '', '', '', ''),
(534, 3031, '', 5, 2, '', 'SEPTIA TRIANA PUTRI', '', '0000-00-00', 'Perempuan', 'Islam', 0, '', '', 'aaaaa62.jpg', 0, '', 0, '', 0, '', '', '', '', '', '', '', '', '', '', '', '', ''),
(535, 3042, '', 5, 2, '', 'SIRAJUL AFKAR', '', '0000-00-00', 'Laki - Laki', 'Islam', 0, '', '', 'yurike5.jpg', 0, '', 0, '', 0, '', '', '', '', '', '', '', '', '', '', '', '', ''),
(536, 3060, '', 5, 2, '', 'TESA KAUNANG', '', '0000-00-00', 'Perempuan', 'Islam', 0, '', '', 'aaaaa63.jpg', 0, '', 0, '', 0, '', '', '', '', '', '', '', '', '', '', '', '', ''),
(537, 3064, '', 5, 2, '', 'THOMAS VIRGO', '', '0000-00-00', 'Laki - Laki', 'Islam', 0, '', '', 'yurike7.jpg', 0, '', 0, '', 0, '', '', '', '', '', '', '', '', '', '', '', '', ''),
(538, 3073, '', 5, 2, '', 'VIRA YUNIAR', '', '0000-00-00', 'Perempuan', 'Islam', 0, '', '', 'aaaaa64.jpg', 0, '', 0, '', 0, '', '', '', '', '', '', '', '', '', '', '', '', ''),
(539, 3095, '', 5, 2, '', 'YULI AGUSTINA', '', '0000-00-00', 'Perempuan', 'Islam', 0, '', '', 'aaaaa65.jpg', 0, '', 0, '', 0, '', '', '', '', '', '', '', '', '', '', '', '', ''),
(540, 3105, '', 5, 2, '', 'ZAIMA WARNITA', '', '0000-00-00', 'Perempuan', 'Islam', 0, '', '', 'aaaaa66.jpg', 0, '', 0, '', 0, '', '', '', '', '', '', '', '', '', '', '', '', ''),
(541, 3113, '', 5, 2, '', 'ZAINAL ABIDIN', '', '0000-00-00', 'Laki - Laki', 'Islam', 0, '', '', 'yurike11.jpg', 0, '', 0, '', 0, '', '', '', '', '', '', '', '', '', '', '', '', ''),
(542, 2704, '', 6, 2, '', 'ALI MARZUKI', '', '0000-00-00', 'Laki - Laki', 'Islam', 0, '', '', 'yurike12.jpg', 0, '', 0, '', 0, '', '', '', '', '', '', '', '', '', '', '', '', ''),
(543, 2712, '', 6, 2, '', 'ANDI ADRIANTO', '', '0000-00-00', 'Laki - Laki', 'Islam', 0, '', '', 'yurike13.jpg', 0, '', 0, '', 0, '', '', '', '', '', '', '', '', '', '', '', '', ''),
(544, 2719, '', 6, 2, '', 'ANJEL FITRI NANDA', '', '0000-00-00', 'Perempuan', 'Islam', 0, '', '', 'aaaaa67.jpg', 0, '', 0, '', 0, '', '', '', '', '', '', '', '', '', '', '', '', ''),
(545, 2765, '', 6, 2, '', 'DECKY RAHMAD FAJAR', '', '0000-00-00', 'Laki - Laki', 'Islam', 0, '', '', 'yurike15.jpg', 0, '', 0, '', 0, '', '', '', '', '', '', '', '', '', '', '', '', ''),
(546, 2764, '', 6, 2, '', 'DIANA MARTA SAFITRI', '', '0000-00-00', 'Perempuan', 'Islam', 0, '', '', 'aaaaa68.jpg', 0, '', 0, '', 0, '', '', '', '', '', '', '', '', '', '', '', '', ''),
(547, 2774, '', 6, 2, '', 'DITA ZULIANY', '', '0000-00-00', 'Perempuan', 'Islam', 0, '', '', 'aaaaa69.jpg', 0, '', 0, '', 0, '', '', '', '', '', '', '', '', '', '', '', '', ''),
(548, 2789, '', 6, 2, '', 'FAISAL RAFLI', '', '0000-00-00', 'Laki - Laki', 'Islam', 0, '', '', 'yurike18.jpg', 0, '', 0, '', 0, '', '', '', '', '', '', '', '', '', '', '', '', ''),
(549, 2802, '', 6, 2, '', 'FILDO YUDHA PUTRA', '', '0000-00-00', 'Laki - Laki', 'Islam', 0, '', '', 'yurike19.jpg', 0, '', 0, '', 0, '', '', '', '', '', '', '', '', '', '', '', '', ''),
(550, 2805, '', 6, 2, '', 'FITRI YANI', '', '0000-00-00', 'Perempuan', 'Islam', 0, '', '', 'aaaaa70.jpg', 0, '', 0, '', 0, '', '', '', '', '', '', '', '', '', '', '', '', ''),
(551, 3111, '', 6, 2, '', 'HENNY SURESTI', '', '0000-00-00', 'Perempuan', 'Islam', 0, '', '', 'aaaaa71.jpg', 0, '', 0, '', 0, '', '', '', '', '', '', '', '', '', '', '', '', ''),
(552, 2837, '', 6, 2, '', 'INDAH INSANI', '', '0000-00-00', 'Perempuan', 'Islam', 0, '', '', 'aaaaa72.jpg', 0, '', 0, '', 0, '', '', '', '', '', '', '', '', '', '', '', '', ''),
(553, 3987, '', 37, 1, '', 'SHELSY  AGIFURNAMA', '', '0000-00-00', 'Perempuan', 'Islam', 0, '', '', 'SINTOGA64.jpg', 0, '', 0, '', 0, '', '', '', '', '', '', '', '', '', '', '', '', ''),
(554, 2877, '', 6, 2, '', 'M IKHSAN', '', '0000-00-00', 'Laki - Laki', 'Islam', 0, '', '', 'yurike23.jpg', 0, '', 0, '', 0, '', '', '', '', '', '', '', '', '', '', '', '', ''),
(555, 3993, '', 37, 1, '', 'SINTIA ROZANI', '', '0000-00-00', 'Perempuan', 'Islam', 0, '', '', 'SINTOGA65.jpg', 0, '', 0, '', 0, '', '', '', '', '', '', '', '', '', '', '', '', ''),
(556, 2890, '', 6, 2, '', 'MILNA SAFITRI', '', '0000-00-00', 'Perempuan', 'Islam', 0, '', '', 'aaaaa73.jpg', 0, '', 0, '', 0, '', '', '', '', '', '', '', '', '', '', '', '', ''),
(557, 2930, '', 6, 2, '', 'NINA HERLINA', '', '0000-00-00', 'Perempuan', 'Islam', 0, '', '', 'aaaaa74.jpg', 0, '', 0, '', 0, '', '', '', '', '', '', '', '', '', '', '', '', ''),
(558, 2948, '', 6, 2, '', 'PRAYOGA YANLI', '', '0000-00-00', 'Laki - Laki', 'Islam', 0, '', '', 'yurike26.jpg', 0, '', 0, '', 0, '', '', '', '', '', '', '', '', '', '', '', '', ''),
(559, 2975, '', 6, 2, '', 'RATNA PUTRI ANISA', '', '0000-00-00', 'Perempuan', 'Islam', 0, '', '', 'aaaaa75.jpg', 0, '', 0, '', 0, '', '', '', '', '', '', '', '', '', '', '', '', ''),
(560, 2977, '', 6, 2, '', 'REFAN HIDAYATULLAH', '', '0000-00-00', 'Laki - Laki', 'Islam', 0, '', '', 'yurike28.jpg', 0, '', 0, '', 0, '', '', '', '', '', '', '', '', '', '', '', '', ''),
(561, 3009, '', 6, 2, '', 'RIZADY ALRSYD', '', '0000-00-00', 'Laki - Laki', 'Islam', 0, '', '', 'yurike29.jpg', 0, '', 0, '', 0, '', '', '', '', '', '', '', '', '', '', '', '', ''),
(562, 3037, '', 6, 2, '', 'SILVIA MAHARANI LESTARI', '', '0000-00-00', 'Perempuan', 'Islam', 0, '', '', 'aaaaa76.jpg', 0, '', 0, '', 0, '', '', '', '', '', '', '', '', '', '', '', '', ''),
(563, 3050, '', 6, 2, '', 'SULAIMAN NUR   H', '', '0000-00-00', 'Laki - Laki', 'Islam', 0, '', '', 'yurike31.jpg', 0, '', 0, '', 0, '', '', '', '', '', '', '', '', '', '', '', '', ''),
(565, 3078, '', 6, 2, '', 'WENDI MAHENDRA', '', '0000-00-00', 'Laki - Laki', 'Islam', 0, '', '', 'yurike33.jpg', 0, '', 0, '', 0, '', '', '', '', '', '', '', '', '', '', '', '', ''),
(566, 3085, '', 6, 2, '', 'YARNI DAYANTI', '', '0000-00-00', 'Perempuan', 'Islam', 0, '', '', 'aaaaa78.jpg', 0, '', 0, '', 0, '', '', '', '', '', '', '', '', '', '', '', '', ''),
(567, 3099, '', 6, 2, '', 'YULIA RIANI', '', '0000-00-00', 'Perempuan', 'Islam', 0, '', '', 'aaaaa79.jpg', 0, '', 0, '', 0, '', '', '', '', '', '', '', '', '', '', '', '', ''),
(569, 2289, '', 17, 4, '', 'ABDUL RAHMAN JAMBAK', '', '0000-00-00', 'Laki - Laki', 'Islam', 0, '', '', 'yurike37.jpg', 0, '', 0, '', 0, '', '', '', '', '', '', '', '', '', '', '', '', ''),
(570, 2696, '', 17, 4, '', 'AL FADLY', '', '0000-00-00', 'Laki - Laki', 'Islam', 0, '', '', 'yurike38.jpg', 0, '', 0, '', 0, '', '', '', '', '', '', '', '', '', '', '', '', ''),
(571, 2710, '', 17, 4, '', 'AMELIA CONTESA', '', '0000-00-00', 'Perempuan', 'Islam', 0, '', '', 'aaaaa80.jpg', 0, '', 0, '', 0, '', '', '', '', '', '', '', '', '', '', '', '', ''),
(572, 2767, '', 17, 4, '', 'DILA OKTAVIANES', '', '0000-00-00', 'Perempuan', 'Islam', 0, '', '', 'aaaaa81.jpg', 0, '', 0, '', 0, '', '', '', '', '', '', '', '', '', '', '', '', ''),
(573, 2777, '', 17, 4, '', 'EDO SAPUTRA', '', '0000-00-00', 'Laki - Laki', 'Islam', 0, '', '', 'yurike41.jpg', 0, '', 0, '', 0, '', '', '', '', '', '', '', '', '', '', '', '', ''),
(574, 2786, '', 17, 4, '', 'EPI SUSANTI', '', '0000-00-00', 'Perempuan', 'Islam', 0, '', '', 'aaaaa82.jpg', 0, '', 0, '', 0, '', '', '', '', '', '', '', '', '', '', '', '', ''),
(575, 2801, '', 17, 4, '', 'FERRY SATRIA ANANDA', '', '0000-00-00', 'Laki - Laki', 'Islam', 0, '', '', 'yurike43.jpg', 0, '', 0, '', 0, '', '', '', '', '', '', '', '', '', '', '', '', ''),
(576, 2809, '', 17, 4, '', 'FITRI YENNI', '', '0000-00-00', 'Perempuan', 'Islam', 0, '', '', 'aaaaa83.jpg', 0, '', 0, '', 0, '', '', '', '', '', '', '', '', '', '', '', '', ''),
(577, 2822, '', 17, 4, '', 'HAYATI SARMITA', '', '0000-00-00', 'Perempuan', 'Islam', 0, '', '', 'aaaaa84.jpg', 0, '', 0, '', 0, '', '', '', '', '', '', '', '', '', '', '', '', ''),
(578, 2824, '', 17, 4, '', 'HELMITA MARCHA DESMA', '', '0000-00-00', 'Perempuan', 'Islam', 0, '', '', 'aaaaa85.jpg', 0, '', 0, '', 0, '', '', '', '', '', '', '', '', '', '', '', '', ''),
(579, 2840, '', 17, 4, '', 'INDAH RATNA SARI', '', '0000-00-00', 'Perempuan', 'Islam', 0, '', '', 'aaaaa86.jpg', 0, '', 0, '', 0, '', '', '', '', '', '', '', '', '', '', '', '', ''),
(580, 3997, '', 37, 1, '', 'SOLI INDRA WNDI', '', '0000-00-00', 'Laki - Laki', 'Islam', 0, '', '', 'SINTOGA66.jpg', 0, '', 0, '', 0, '', '', '', '', '', '', '', '', '', '', '', '', ''),
(581, 4003, '', 37, 1, '', 'SURYA GERRY', '', '0000-00-00', 'Laki - Laki', 'Islam', 0, '', '', 'SINTOGA67.jpg', 0, '', 0, '', 0, '', '', '', '', '', '', '', '', '', '', '', '', ''),
(582, 2853, '', 17, 4, '', 'JENI SARTIKA', '', '0000-00-00', 'Perempuan', 'Islam', 0, '', '', 'aaaaa87.jpg', 0, '', 0, '', 0, '', '', '', '', '', '', '', '', '', '', '', '', ''),
(584, 2855, '', 17, 4, '', 'JIHAN AKBAR', '', '0000-00-00', 'Laki - Laki', 'Islam', 0, '', '', 'yurike49.jpg', 0, '', 0, '', 0, '', '', '', '', '', '', '', '', '', '', '', '', ''),
(585, 4043, '', 37, 1, '', 'YOLA ALMELIA OKTAVIANI', '', '0000-00-00', 'Perempuan', 'Islam', 0, '', '', 'SINTOGA69.jpg', 0, '', 0, '', 0, '', '', '', '', '', '', '', '', '', '', '', '', ''),
(586, 2865, '', 17, 4, '', 'KURNIAWAN SATRIA', '', '0000-00-00', 'Laki - Laki', 'Islam', 0, '', '', '44.jpg', 0, '', 0, '', 0, '', '', '', '', '', '', '', '', '', '', '', '', ''),
(587, 4056, '', 37, 1, '', 'ZAINAL RAPID SAPUTRA', '', '0000-00-00', 'Laki - Laki', 'Islam', 0, '', '', 'SINTOGA70.jpg', 0, '', 0, '', 0, '', '', '', '', '', '', '', '', '', '', '', '', ''),
(588, 2873, '', 17, 4, '', 'LORA WILDIANTI PUTRI', '', '0000-00-00', 'Perempuan', 'Islam', 0, '', '', 'aaaaa88.jpg', 0, '', 0, '', 0, '', '', '', '', '', '', '', '', '', '', '', '', ''),
(589, 2880, '', 17, 4, '', 'M VADIL', '', '0000-00-00', 'Laki - Laki', 'Islam', 0, '', '', 'yurike52.jpg', 0, '', 0, '', 0, '', '', '', '', '', '', '', '', '', '', '', '', ''),
(590, 4060, '', 37, 1, '', 'ZILVI BRAHARI', '', '0000-00-00', 'Laki - Laki', 'Islam', 0, '', '', 'SINTOGA71.jpg', 0, '', 0, '', 0, '', '', '', '', '', '', '', '', '', '', '', '', ''),
(593, 3626, '', 38, 1, '', 'ADITYA FIRMANSYAH', '', '0000-00-00', 'Laki - Laki', 'Islam', 0, '', '', 'SINTOGA72.jpg', 0, '', 0, '', 0, '', '', '', '', '', '', '', '', '', '', '', '', ''),
(596, 3627, '', 38, 1, '', 'ADRIAN PERNANDO', '', '0000-00-00', 'Laki - Laki', 'Islam', 0, '', '', 'SINTOGA73.jpg', 0, '', 0, '', 0, '', '', '', '', '', '', '', '', '', '', '', '', ''),
(597, 2947, '', 17, 4, '', 'PARDION PUTRA', '', '0000-00-00', 'Laki - Laki', 'Islam', 0, '', '', 'yurike56.jpg', 0, '', 0, '', 0, '', '', '', '', '', '', '', '', '', '', '', '', ''),
(598, 2967, '', 17, 4, '', 'RAMA YUMAS', '', '0000-00-00', 'Laki - Laki', 'Islam', 0, '', '', 'yurike57.jpg', 0, '', 0, '', 0, '', '', '', '', '', '', '', '', '', '', '', '', ''),
(599, 3645, '', 38, 1, '', 'ALDI SYAPUTRA ', '', '0000-00-00', 'Laki - Laki', 'Islam', 0, '', '', 'SINTOGA74.jpg', 0, '', 0, '', 0, '', '', '', '', '', '', '', '', '', '', '', '', ''),
(600, 2972, '', 17, 4, '', 'RANI LESTARI', '', '0000-00-00', 'Perempuan', 'Islam', 0, '', '', 'aaaaa91.jpg', 0, '', 0, '', 0, '', '', '', '', '', '', '', '', '', '', '', '', ''),
(601, 3649, '', 38, 1, '', 'ALFI LEO ANANDA', '', '0000-00-00', 'Laki - Laki', 'Islam', 0, '', '', 'SINTOGA75.jpg', 0, '', 0, '', 0, '', '', '', '', '', '', '', '', '', '', '', '', ''),
(602, 2979, '', 17, 4, '', 'REYHAN', '', '0000-00-00', 'Laki - Laki', 'Islam', 0, '', '', 'yurike59.jpg', 0, '', 0, '', 0, '', '', '', '', '', '', '', '', '', '', '', '', ''),
(603, 3656, '', 38, 1, '', 'ALMAIDAH TANJUNG', '', '0000-00-00', 'Perempuan', 'Islam', 0, '', '', 'SINTOGA76.jpg', 0, '', 0, '', 0, '', '', '', '', '', '', '', '', '', '', '', '', ''),
(604, 2999, '', 17, 4, '', 'RIRIS MAIRIA SARI', '', '0000-00-00', 'Perempuan', 'Islam', 0, '', '', 'aaaaa92.jpg', 0, '', 0, '', 0, '', '', '', '', '', '', '', '', '', '', '', '', ''),
(605, 3664, '', 38, 1, '', 'ANDRIDO SYAHPUTRA', '', '0000-00-00', 'Laki - Laki', 'Islam', 0, '', '', 'SINTOGA77.jpg', 0, '', 0, '', 0, '', '', '', '', '', '', '', '', '', '', '', '', ''),
(606, 3006, '', 17, 4, '', 'RIYAT FIRDAUS', '', '0000-00-00', 'Laki - Laki', 'Islam', 0, '', '', 'yurike61.jpg', 0, '', 0, '', 0, '', '', '', '', '', '', '', '', '', '', '', '', ''),
(607, 3032, '', 17, 4, '', 'SHABRINALDI', '', '0000-00-00', 'Laki - Laki', 'Islam', 0, '', '', 'yurike62.jpg', 0, '', 0, '', 0, '', '', '', '', '', '', '', '', '', '', '', '', ''),
(608, 3673, '', 38, 1, '', 'ARI FADRI', '', '0000-00-00', 'Laki - Laki', 'Islam', 0, '', '', 'SINTOGA78.jpg', 0, '', 0, '', 0, '', '', '', '', '', '', '', '', '', '', '', '', ''),
(609, 3047, '', 17, 4, '', 'STYFANI PERTICIA', '', '0000-00-00', 'Perempuan', 'Islam', 0, '', '', 'aaaaa93.jpg', 0, '', 0, '', 0, '', '', '', '', '', '', '', '', '', '', '', '', ''),
(611, 3062, '', 17, 4, '', 'TESYIA ANISA PUTRI', '', '0000-00-00', 'Perempuan', 'Islam', 0, '', '', 'aaaaa94.jpg', 0, '', 0, '', 0, '', '', '', '', '', '', '', '', '', '', '', '', ''),
(612, 3705, '', 38, 1, '', 'DAVID PUTRA MAULANA', '', '0000-00-00', 'Laki - Laki', 'Islam', 0, '', '', 'SINTOGA79.jpg', 0, '', 0, '', 0, '', '', '', '', '', '', '', '', '', '', '', '', ''),
(613, 3090, '', 17, 4, '', 'YOGI PERNANDO', '', '0000-00-00', 'Laki - Laki', 'Islam', 0, '', '', 'yurike65.jpg', 0, '', 0, '', 0, '', '', '', '', '', '', '', '', '', '', '', '', ''),
(614, 3716, '', 38, 1, '', 'DESIVA PUTRI', '', '0000-00-00', 'Perempuan', 'Islam', 0, '', '', 'SINTOGA80.jpg', 0, '', 0, '', 0, '', '', '', '', '', '', '', '', '', '', '', '', ''),
(615, 3283, '', 22, 1, '', 'FADILA RAHMI', '', '0000-00-00', 'Laki - Laki', 'Islam', 0, '', '', 'aaaaa2.jpg', 0, '', 0, '', 0, '', '', '', '', '', '', '', '', '', '', '', '', ''),
(616, 3097, '', 17, 4, '', 'YULIA MAIDA LESTARI', '', '0000-00-00', 'Perempuan', 'Islam', 0, '', '', 'aaaaa95.jpg', 0, '', 0, '', 0, '', '', '', '', '', '', '', '', '', '', '', '', ''),
(617, 2692, '', 18, 4, '', 'AFRIALDI DWI PUTRA', '', '0000-00-00', 'Laki - Laki', 'Islam', 0, '', '', 'yurike67.jpg', 0, '', 0, '', 0, '', '', '', '', '', '', '', '', '', '', '', '', ''),
(618, 2736, '', 18, 4, '', 'BISMAN WAHID', '', '0000-00-00', 'Laki - Laki', 'Islam', 0, '', '', 'yurike68.jpg', 0, '', 0, '', 0, '', '', '', '', '', '', '', '', '', '', '', '', ''),
(619, 3742, '', 38, 1, '', 'FANI CERIA', '', '0000-00-00', 'Perempuan', 'Islam', 0, '', '', 'SINTOGA81.jpg', 0, '', 0, '', 0, '', '', '', '', '', '', '', '', '', '', '', '', ''),
(620, 2740, '', 18, 4, '', 'CINTA PERMATA SARI', '', '0000-00-00', 'Laki - Laki', 'Islam', 0, '', '', 'yurike69.jpg', 0, '', 0, '', 0, '', '', '', '', '', '', '', '', '', '', '', '', ''),
(621, 1001, '', 22, 1, '', 'IKVAL  O', '', '0000-00-00', 'Laki - Laki', 'Islam', 0, '', '', 'aaaaa3.jpg', 0, '', 0, '', 0, '', '', '', '', '', '', '', '', '', '', '', '', ''),
(622, 3770, '', 38, 1, '', 'HARISKI SAPUTRA', '', '0000-00-00', 'Laki - Laki', 'Islam', 0, '', '', 'SINTOGA82.jpg', 0, '', 0, '', 0, '', '', '', '', '', '', '', '', '', '', '', '', ''),
(623, 2772, '', 18, 4, '', 'DINDA HAZRI FADILLAH', '', '0000-00-00', 'Laki - Laki', 'Islam', 0, '', '', 'yurike70.jpg', 0, '', 0, '', 0, '', '', '', '', '', '', '', '', '', '', '', '', ''),
(624, 2788, '', 18, 4, '', 'FAHMIA HANDAYANI', '', '0000-00-00', 'Laki - Laki', 'Islam', 0, '', '', 'yurike71.jpg', 0, '', 0, '', 0, '', '', '', '', '', '', '', '', '', '', '', '', ''),
(625, 3773, '', 38, 1, '', 'HIBATULLAH ARIQ ASRA', '', '0000-00-00', 'Laki - Laki', 'Islam', 0, '', '', 'SINTOGA83.jpg', 0, '', 0, '', 0, '', '', '', '', '', '', '', '', '', '', '', '', ''),
(626, 10001, '', 22, 1, '', 'DIMAS EKA PUTRA', '', '0000-00-00', 'Laki - Laki', 'Islam', 0, '', '', 'aaaaa4.jpg', 0, '', 0, '', 0, '', '', '', '', '', '', '', '', '', '', '', '', ''),
(627, 2790, '', 18, 4, '', 'FAJAR YURIKO PUTRA', '', '0000-00-00', 'Laki - Laki', 'Islam', 0, '', '', 'yurike72.jpg', 0, '', 0, '', 0, '', '', '', '', '', '', '', '', '', '', '', '', ''),
(628, 3775, '', 38, 1, '', 'IIS NAWATI', '', '0000-00-00', 'Perempuan', 'Islam', 0, '', '', 'SINTOGA84.jpg', 0, '', 0, '', 0, '', '', '', '', '', '', '', '', '', '', '', '', ''),
(629, 2816, '', 18, 4, '', 'GRASELA', '', '0000-00-00', 'Laki - Laki', 'Islam', 0, '', '', 'yurike73.jpg', 0, '', 0, '', 0, '', '', '', '', '', '', '', '', '', '', '', '', ''),
(630, 2823, '', 18, 4, '', 'HELDO ALPAJRI', '', '0000-00-00', 'Laki - Laki', 'Islam', 0, '', '', 'yurike74.jpg', 0, '', 0, '', 0, '', '', '', '', '', '', '', '', '', '', '', '', ''),
(631, 3778, '', 38, 1, '', 'ILFA SAPUTRI', '', '0000-00-00', 'Perempuan', 'Islam', 0, '', '', 'SINTOGA85.jpg', 0, '', 0, '', 0, '', '', '', '', '', '', '', '', '', '', '', '', ''),
(632, 2828, '', 18, 4, '', 'HERLINA MARDIANIS', '', '0000-00-00', 'Laki - Laki', 'Islam', 0, '', '', 'yurike75.jpg', 0, '', 0, '', 0, '', '', '', '', '', '', '', '', '', '', '', '', ''),
(633, 2861, '', 18, 4, '', 'KHAIRUL FAHMI', '', '0000-00-00', 'Laki - Laki', 'Islam', 0, '', '', 'yurike76.jpg', 0, '', 0, '', 0, '', '', '', '', '', '', '', '', '', '', '', '', ''),
(634, 2862, '', 18, 4, '', 'KIKI ELSERA', '', '0000-00-00', 'Laki - Laki', 'Islam', 0, '', '', 'yurike77.jpg', 0, '', 0, '', 0, '', '', '', '', '', '', '', '', '', '', '', '', ''),
(635, 3848, '', 38, 1, '', 'MUHAMAD RAGIL', '', '0000-00-00', 'Laki - Laki', 'Islam', 0, '', '', 'SINTOGA86.jpg', 0, '', 0, '', 0, '', '', '', '', '', '', '', '', '', '', '', '', ''),
(636, 2876, '', 18, 4, '', 'M FIQRI SATRIA', '', '0000-00-00', 'Laki - Laki', 'Islam', 0, '', '', 'yurike78.jpg', 0, '', 0, '', 0, '', '', '', '', '', '', '', '', '', '', '', '', ''),
(637, 2001, '', 23, 2, '', 'M. IKHSAN', '', '0000-00-00', 'Laki - Laki', 'Islam', 0, '', '', 'aaaaa5.jpg', 0, '', 0, '', 0, '', '', '', '', '', '', '', '', '', '', '', '', ''),
(638, 3852, '', 38, 1, '', 'MUHAMMAD AZKIA', '', '0000-00-00', 'Laki - Laki', 'Islam', 0, '', '', 'SINTOGA87.jpg', 0, '', 0, '', 0, '', '', '', '', '', '', '', '', '', '', '', '', ''),
(639, 2885, '', 18, 4, '', 'MEDYA', '', '0000-00-00', 'Laki - Laki', 'Islam', 0, '', '', 'yurike79.jpg', 0, '', 0, '', 0, '', '', '', '', '', '', '', '', '', '', '', '', ''),
(640, 3854, '', 38, 1, '', 'MUHAMMAD FAJRI', '', '0000-00-00', 'Laki - Laki', 'Islam', 0, '', '', 'SINTOGA88.jpg', 0, '', 0, '', 0, '', '', '', '', '', '', '', '', '', '', '', '', ''),
(641, 2896, '', 18, 4, '', 'MOHAMMAD IKHSAN', '', '0000-00-00', 'Laki - Laki', 'Islam', 0, '', '', 'yurike80.jpg', 0, '', 0, '', 0, '', '', '', '', '', '', '', '', '', '', '', '', ''),
(642, 3862, '', 38, 1, '', 'MUKRIANDI RIVAAT', '', '0000-00-00', 'Laki - Laki', 'Islam', 0, '', '', 'SINTOGA89.jpg', 0, '', 0, '', 0, '', '', '', '', '', '', '', '', '', '', '', '', ''),
(643, 2904, '', 18, 4, '', 'MUHAMMAD ILHAM', '', '0000-00-00', 'Laki - Laki', 'Islam', 0, '', '', 'yurike81.jpg', 0, '', 0, '', 0, '', '', '', '', '', '', '', '', '', '', '', '', ''),
(644, 3890, '', 38, 1, '', 'NUZURWAN PATRI ARJA', '', '0000-00-00', 'Laki - Laki', 'Islam', 0, '', '', 'SINTOGA90.jpg', 0, '', 0, '', 0, '', '', '', '', '', '', '', '', '', '', '', '', ''),
(645, 2923, '', 18, 4, '', 'NELI JUITA', '', '0000-00-00', 'Laki - Laki', 'Islam', 0, '', '', 'yurike82.jpg', 0, '', 0, '', 0, '', '', '', '', '', '', '', '', '', '', '', '', ''),
(646, 3891, '', 38, 1, '', 'OFIKA PARSYANDA', '', '0000-00-00', 'Perempuan', 'Islam', 0, '', '', 'SINTOGA91.jpg', 0, '', 0, '', 0, '', '', '', '', '', '', '', '', '', '', '', '', ''),
(647, 2939, '', 18, 4, '', 'NOVA ELIZA', '', '0000-00-00', 'Laki - Laki', 'Islam', 0, '', '', 'yurike83.jpg', 0, '', 0, '', 0, '', '', '', '', '', '', '', '', '', '', '', '', ''),
(648, 2946, '', 18, 4, '', 'OVRYANI IRAWAN', '', '0000-00-00', 'Laki - Laki', 'Islam', 0, '', '', 'yurike84.jpg', 0, '', 0, '', 0, '', '', '', '', '', '', '', '', '', '', '', '', ''),
(649, 3438, '', 25, 2, '', 'NIKE RAHMA GUSTI SUDIRMAN', '', '0000-00-00', 'Laki - Laki', 'Islam', 0, '', '', 'aaaaa6.jpg', 0, '', 0, '', 0, '', '', '', '', '', '', '', '', '', '', '', '', ''),
(650, 3894, '', 38, 1, '', 'PUPUT APRILIA DAMAYANTI', '', '0000-00-00', 'Perempuan', 'Islam', 0, '', '', 'SINTOGA92.jpg', 0, '', 0, '', 0, '', '', '', '', '', '', '', '', '', '', '', '', ''),
(651, 2956, '', 18, 4, '', 'RABIL HAMZAH', '', '0000-00-00', 'Laki - Laki', 'Islam', 0, '', '', 'yurike85.jpg', 0, '', 0, '', 0, '', '', '', '', '', '', '', '', '', '', '', '', ''),
(652, 2974, '', 18, 4, '', 'RATIH PURWASIH', '', '0000-00-00', 'Laki - Laki', 'Islam', 0, '', '', 'yurike86.jpg', 0, '', 0, '', 0, '', '', '', '', '', '', '', '', '', '', '', '', ''),
(653, 3919, '', 38, 1, '', 'REFFI LIANDRA', '', '0000-00-00', 'Perempuan', 'Islam', 0, '', '', 'SINTOGA93.jpg', 0, '', 0, '', 0, '', '', '', '', '', '', '', '', '', '', '', '', ''),
(654, 2984, '', 18, 4, '', 'RIAN SETIAWAN PUTRA', '', '0000-00-00', 'Laki - Laki', 'Islam', 0, '', '', 'yurike87.jpg', 0, '', 0, '', 0, '', '', '', '', '', '', '', '', '', '', '', '', ''),
(655, 3920, '', 38, 1, '', 'REFLINA RINATA', '', '0000-00-00', 'Perempuan', 'Islam', 0, '', '', 'SINTOGA94.jpg', 0, '', 0, '', 0, '', '', '', '', '', '', '', '', '', '', '', '', ''),
(656, 3022, '', 18, 4, '', 'RUDI SANDRA', '', '0000-00-00', 'Laki - Laki', 'Islam', 0, '', '', 'yurike88.jpg', 0, '', 0, '', 0, '', '', '', '', '', '', '', '', '', '', '', '', ''),
(657, 3945, '', 38, 1, '', 'RIOS IFAN CHANDRA', '', '0000-00-00', 'Laki - Laki', 'Islam', 0, '', '', 'SINTOGA95.jpg', 0, '', 0, '', 0, '', '', '', '', '', '', '', '', '', '', '', '', ''),
(658, 3028, '', 18, 4, '', 'SANTIKA FITRIANI', '', '0000-00-00', 'Laki - Laki', 'Islam', 0, '', '', 'yurike89.jpg', 0, '', 0, '', 0, '', '', '', '', '', '', '', '', '', '', '', '', ''),
(659, 3049, '', 18, 4, '', 'SUCI SRI WAHYUNI', '', '0000-00-00', 'Laki - Laki', 'Islam', 0, '', '', 'yurike90.jpg', 0, '', 0, '', 0, '', '', '', '', '', '', '', '', '', '', '', '', ''),
(660, 3957, '', 38, 1, '', 'RIZKY WAHYUDI', '', '0000-00-00', 'Laki - Laki', 'Islam', 0, '', '', 'SINTOGA96.jpg', 0, '', 0, '', 0, '', '', '', '', '', '', '', '', '', '', '', '', ''),
(661, 3056, '', 18, 4, '', 'SYAFRIL', '', '0000-00-00', 'Laki - Laki', 'Islam', 0, '', '', 'yurike91.jpg', 0, '', 0, '', 0, '', '', '', '', '', '', '', '', '', '', '', '', ''),
(662, 3958, '', 38, 1, '', 'RIZNDY A PUTRI C', '', '0000-00-00', 'Perempuan', 'Islam', 0, '', '', 'SINTOGA97.jpg', 0, '', 0, '', 0, '', '', '', '', '', '', '', '', '', '', '', '', ''),
(663, 3074, '', 18, 4, '', 'WAHYU ANISA', '', '0000-00-00', 'Laki - Laki', 'Islam', 0, '', '', 'yurike92.jpg', 0, '', 0, '', 0, '', '', '', '', '', '', '', '', '', '', '', '', ''),
(664, 3960, '', 38, 1, '', 'ROGER ARIFANDA GIRARDA', '', '0000-00-00', 'Laki - Laki', 'Islam', 0, '', '', 'SINTOGA98.jpg', 0, '', 0, '', 0, '', '', '', '', '', '', '', '', '', '', '', '', ''),
(665, 3082, '', 18, 4, '', 'WIRA FERDINA', '', '0000-00-00', 'Laki - Laki', 'Islam', 0, '', '', 'yurike93.jpg', 0, '', 0, '', 0, '', '', '', '', '', '', '', '', '', '', '', '', ''),
(666, 3971, '', 38, 1, '', 'SAIDUL ARKAM', '', '0000-00-00', 'Laki - Laki', 'Islam', 0, '', '', 'SINTOGA99.jpg', 0, '', 0, '', 0, '', '', '', '', '', '', '', '', '', '', '', '', ''),
(667, 3084, '', 18, 4, '', 'WULANDARI', '', '0000-00-00', 'Laki - Laki', 'Islam', 0, '', '', 'yurike94.jpg', 0, '', 0, '', 0, '', '', '', '', '', '', '', '', '', '', '', '', ''),
(668, 3094, '', 18, 4, '', 'YOSFI RANDA', '', '0000-00-00', 'Laki - Laki', 'Islam', 0, '', '', 'yurike95.jpg', 0, '', 0, '', 0, '', '', '', '', '', '', '', '', '', '', '', '', ''),
(669, 2022, '', 28, 3, '', 'IIS NAWATI', '', '0000-00-00', 'Laki - Laki', 'Islam', 0, '', '', 'aaaaa7.jpg', 0, '', 0, '', 0, '', '', '', '', '', '', '', '', '', '', '', '', ''),
(670, 3102, '', 18, 4, '', 'YUNI SARA', '', '0000-00-00', 'Laki - Laki', 'Islam', 0, '', '', 'yurike96.jpg', 0, '', 0, '', 0, '', '', '', '', '', '', '', '', '', '', '', '', ''),
(672, 2693, '', 19, 4, '', 'AFRIZAL DONAL', '', '0000-00-00', 'Laki - Laki', 'Islam', 0, '', '', 'yurike97.jpg', 0, '', 0, '', 0, '', '', '', '', '', '', '', '', '', '', '', '', ''),
(674, 2729, '', 19, 4, '', 'ARIF HIDAYAT', '', '0000-00-00', 'Laki - Laki', 'Islam', 0, '', '', 'yurike98.jpg', 0, '', 0, '', 0, '', '', '', '', '', '', '', '', '', '', '', '', '');
INSERT INTO `siswa` (`id_siswa`, `nis`, `nisn`, `id_kelas`, `id_jur`, `tgl_masuk`, `nama`, `tempat`, `tanggal`, `jk`, `agama`, `anak_ke`, `status`, `alamat`, `foto`, `umur`, `no_ijazah`, `th_ijazah`, `no_skhu`, `th_skhu`, `asal_sklh`, `alamat_asal_sklh`, `nama_ayah`, `pkj_ayah`, `nama_ibu`, `pkj_ibu`, `alamat_ortu`, `nohp_ortu`, `wali`, `tlp_wali`, `alamat_wali`, `pkj_wali`, `no_hp`) VALUES
(675, 2737, '', 19, 4, '', 'BUDI SETIAWAN', '', '0000-00-00', 'Laki - Laki', 'Islam', 0, '', '', 'yurike99.jpg', 0, '', 0, '', 0, '', '', '', '', '', '', '', '', '', '', '', '', ''),
(676, 3982, '', 38, 1, '', 'SAUMA RAHMA DANI', '', '0000-00-00', 'Perempuan', 'Islam', 0, '', '', 'stg2.jpg', 0, '', 0, '', 0, '', '', '', '', '', '', '', '', '', '', '', '', ''),
(677, 3125, '', 32, 5, '', 'ABDUL MULUT', '', '0000-00-00', 'Laki - Laki', 'Islam', 0, '', '', 'aaaaa8.jpg', 0, '', 0, '', 0, '', '', '', '', '', '', '', '', '', '', '', '', ''),
(678, 3996, '', 38, 1, '', 'SISRI DULVIKA', '', '0000-00-00', 'Perempuan', 'Islam', 0, '', '', 'stg3.jpg', 0, '', 0, '', 0, '', '', '', '', '', '', '', '', '', '', '', '', ''),
(680, 4023, '', 38, 1, '', 'TIO ARI NANDA', '', '0000-00-00', 'Laki - Laki', 'Islam', 0, '', '', 'stg5.jpg', 0, '', 0, '', 0, '', '', '', '', '', '', '', '', '', '', '', '', ''),
(681, 2759, '', 19, 4, '', 'DEVI PERMATA SARI', '', '0000-00-00', 'Laki - Laki', 'Islam', 0, '', '', '12345.jpg', 0, '', 0, '', 0, '', '', '', '', '', '', '', '', '', '', '', '', ''),
(682, 4028, '', 38, 1, '', 'WANDI YOHANES', '', '0000-00-00', 'Laki - Laki', 'Islam', 0, '', '', 'stg6.jpg', 0, '', 0, '', 0, '', '', '', '', '', '', '', '', '', '', '', '', ''),
(683, 2798, '', 19, 4, '', 'FEBRIAN IRWANDDA', '', '0000-00-00', 'Laki - Laki', 'Islam', 0, '', '', '123451.jpg', 0, '', 0, '', 0, '', '', '', '', '', '', '', '', '', '', '', '', ''),
(684, 4035, '', 38, 1, '', 'WULAN NOVIA ARDHANA', '', '0000-00-00', 'Perempuan', 'Islam', 0, '', '', 'stg7.jpg', 0, '', 0, '', 0, '', '', '', '', '', '', '', '', '', '', '', '', ''),
(685, 2803, '', 19, 4, '', 'FITRI AIDA', '', '0000-00-00', 'Laki - Laki', 'Islam', 0, '', '', '123452.jpg', 0, '', 0, '', 0, '', '', '', '', '', '', '', '', '', '', '', '', ''),
(686, 2818, '', 19, 4, '', 'GUSTINA', '', '0000-00-00', 'Laki - Laki', 'Islam', 0, '', '', '123453.jpg', 0, '', 0, '', 0, '', '', '', '', '', '', '', '', '', '', '', '', ''),
(687, 4042, '', 38, 1, '', 'YOGI PERMANA', '', '0000-00-00', 'Laki - Laki', 'Islam', 0, '', '', 'stg8.jpg', 0, '', 0, '', 0, '', '', '', '', '', '', '', '', '', '', '', '', ''),
(688, 2839, '', 19, 4, '', 'INDAH OKTAVIA', '', '0000-00-00', 'Laki - Laki', 'Islam', 0, '', '', '123454.jpg', 0, '', 0, '', 0, '', '', '', '', '', '', '', '', '', '', '', '', ''),
(689, 4054, '', 38, 1, '', 'YUSRIL MAULANA', '', '0000-00-00', 'Laki - Laki', 'Islam', 0, '', '', 'stg9.jpg', 0, '', 0, '', 0, '', '', '', '', '', '', '', '', '', '', '', '', ''),
(690, 2848, '', 19, 4, '', 'IPEN HARDIANSYAH', '', '0000-00-00', 'Laki - Laki', 'Islam', 0, '', '', '123455.jpg', 0, '', 0, '', 0, '', '', '', '', '', '', '', '', '', '', '', '', ''),
(691, 3618, '', 41, 2, '', 'ABDUL AZIZ', '', '0000-00-00', 'Laki - Laki', 'Islam', 0, '', '', 'stg10.jpg', 0, '', 0, '', 0, '', '', '', '', '', '', '', '', '', '', '', '', ''),
(692, 3634, '', 41, 2, '', 'AHMADIN IBNU ANJASMAN JAMIL', '', '0000-00-00', 'Laki - Laki', 'Islam', 0, '', '', 'stg11.jpg', 0, '', 0, '', 0, '', '', '', '', '', '', '', '', '', '', '', '', ''),
(693, 3647, '', 41, 2, '', 'ALFA REZY', '', '0000-00-00', 'Laki - Laki', 'Islam', 0, '', '', 'stg12.jpg', 0, '', 0, '', 0, '', '', '', '', '', '', '', '', '', '', '', '', ''),
(694, 3653, '', 41, 2, '', 'ALFURQAN RAMADHAN P.', '', '0000-00-00', 'Laki - Laki', 'Islam', 0, '', '', 'stg13.jpg', 0, '', 0, '', 0, '', '', '', '', '', '', '', '', '', '', '', '', ''),
(695, 3672, '', 41, 2, '', 'ARDI', '', '0000-00-00', 'Laki - Laki', 'Islam', 0, '', '', 'stg14.jpg', 0, '', 0, '', 0, '', '', '', '', '', '', '', '', '', '', '', '', ''),
(696, 3681, '', 41, 2, '', 'ARY YUMEIDI', '', '0000-00-00', 'Laki - Laki', 'Islam', 0, '', '', 'stg15.jpg', 0, '', 0, '', 0, '', '', '', '', '', '', '', '', '', '', '', '', ''),
(697, 3213, '', 41, 2, '', 'AZIZ HUSEN', '', '0000-00-00', 'Laki - Laki', 'Islam', 0, '', '', 'stg16.jpg', 0, '', 0, '', 0, '', '', '', '', '', '', '', '', '', '', '', '', ''),
(698, 3698, '', 41, 2, '', 'CIRA AMANDA AMALIA PUTRI', '', '0000-00-00', 'Perempuan', 'Islam', 0, '', '', 'stg17.jpg', 0, '', 0, '', 0, '', '', '', '', '', '', '', '', '', '', '', '', ''),
(699, 3700, '', 41, 2, '', 'DANIEL DESKA SAPUTRA', '', '0000-00-00', 'Laki - Laki', 'Islam', 0, '', '', 'stg18.jpg', 0, '', 0, '', 0, '', '', '', '', '', '', '', '', '', '', '', '', ''),
(700, 3714, '', 41, 2, '', 'DENI ANDAKA', '', '0000-00-00', 'Laki - Laki', 'Islam', 0, '', '', 'stg19.jpg', 0, '', 0, '', 0, '', '', '', '', '', '', '', '', '', '', '', '', ''),
(701, 3723, '', 41, 2, '', 'DONNA LADY AFISHE', '', '0000-00-00', 'Perempuan', 'Islam', 0, '', '', 'stg20.jpg', 0, '', 0, '', 0, '', '', '', '', '', '', '', '', '', '', '', '', ''),
(702, 3744, '', 41, 2, '', 'FAUZAN AULIA', '', '0000-00-00', 'Laki - Laki', 'Islam', 0, '', '', 'stg21.jpg', 0, '', 0, '', 0, '', '', '', '', '', '', '', '', '', '', '', '', ''),
(703, 3755, '', 41, 2, '', 'FITRI YUSNIDARTI', '', '0000-00-00', 'Perempuan', 'Islam', 0, '', '', 'stg22.jpg', 0, '', 0, '', 0, '', '', '', '', '', '', '', '', '', '', '', '', ''),
(704, 3764, '', 41, 2, '', 'HABIBI ASWAT CENTER', '', '0000-00-00', 'Laki - Laki', 'Islam', 0, '', '', 'stg23.jpg', 0, '', 0, '', 0, '', '', '', '', '', '', '', '', '', '', '', '', ''),
(705, 3777, '', 41, 2, '', 'IKHSANUL RAMADHAN', '', '0000-00-00', 'Laki - Laki', 'Islam', 0, '', '', 'stg24.jpg', 0, '', 0, '', 0, '', '', '', '', '', '', '', '', '', '', '', '', ''),
(706, 3784, '', 41, 2, '', 'ILMAN SYAFDA', '', '0000-00-00', 'Laki - Laki', 'Islam', 0, '', '', 'stg25.jpg', 0, '', 0, '', 0, '', '', '', '', '', '', '', '', '', '', '', '', ''),
(707, 3808, '', 41, 2, '', 'JUMARI', '', '0000-00-00', 'Laki - Laki', 'Islam', 0, '', '', 'stg26.jpg', 0, '', 0, '', 0, '', '', '', '', '', '', '', '', '', '', '', '', ''),
(708, 3816, '', 41, 2, '', 'LILIS SEVIA', '', '0000-00-00', 'Perempuan', 'Islam', 0, '', '', 'stg27.jpg', 0, '', 0, '', 0, '', '', '', '', '', '', '', '', '', '', '', '', ''),
(709, 3820, '', 41, 2, '', 'LINDA GUSTI  RAMADHANI', '', '0000-00-00', 'Perempuan', 'Islam', 0, '', '', 'stg28.jpg', 0, '', 0, '', 0, '', '', '', '', '', '', '', '', '', '', '', '', ''),
(710, 3825, '', 41, 2, '', 'M. HAFIZ ZUHAIRI', '', '0000-00-00', 'Laki - Laki', 'Islam', 0, '', '', 'stg29.jpg', 0, '', 0, '', 0, '', '', '', '', '', '', '', '', '', '', '', '', ''),
(711, 3841, '', 41, 2, '', 'MHD. RAFLI ZARDEL', '', '0000-00-00', 'Laki - Laki', 'Islam', 0, '', '', 'stg30.jpg', 0, '', 0, '', 0, '', '', '', '', '', '', '', '', '', '', '', '', ''),
(712, 3842, '', 41, 2, '', 'MILA SAPUTRI', '', '0000-00-00', 'Perempuan', 'Islam', 0, '', '', 'stg31.jpg', 0, '', 0, '', 0, '', '', '', '', '', '', '', '', '', '', '', '', ''),
(713, 3857, '', 41, 2, '', 'MUHAMMAD KHADAFI', '', '0000-00-00', 'Laki - Laki', 'Islam', 0, '', '', 'stg32.jpg', 0, '', 0, '', 0, '', '', '', '', '', '', '', '', '', '', '', '', ''),
(714, 3878, '', 41, 2, '', 'NOLA ELVIANA', '', '0000-00-00', 'Perempuan', 'Islam', 0, '', '', 'stg33.jpg', 0, '', 0, '', 0, '', '', '', '', '', '', '', '', '', '', '', '', ''),
(715, 3911, '', 41, 2, '', 'RANDA GUSTI MAULANA', '', '0000-00-00', 'Laki - Laki', 'Islam', 0, '', '', 'stg34.jpg', 0, '', 0, '', 0, '', '', '', '', '', '', '', '', '', '', '', '', ''),
(716, 3923, '', 41, 2, '', 'REINA KAMAL', '', '0000-00-00', 'Perempuan', 'Islam', 0, '', '', 'stg35.jpg', 0, '', 0, '', 0, '', '', '', '', '', '', '', '', '', '', '', '', ''),
(717, 3938, '', 41, 2, '', 'RIDO AZMAL SAPUTRA', '', '0000-00-00', 'Laki - Laki', 'Islam', 0, '', '', 'stg36.jpg', 0, '', 0, '', 0, '', '', '', '', '', '', '', '', '', '', '', '', ''),
(718, 3946, '', 41, 2, '', 'RISKI MARDIANSYAH', '', '0000-00-00', 'Laki - Laki', 'Islam', 0, '', '', 'stg37.jpg', 0, '', 0, '', 0, '', '', '', '', '', '', '', '', '', '', '', '', ''),
(719, 3967, '', 41, 2, '', 'RUDI HARTONO', '', '0000-00-00', 'Laki - Laki', 'Islam', 0, '', '', 'stg38.jpg', 0, '', 0, '', 0, '', '', '', '', '', '', '', '', '', '', '', '', ''),
(720, 3973, '', 41, 2, '', 'SALLY RAMA AMANDA', '', '0000-00-00', 'Perempuan', 'Islam', 0, '', '', 'stg39.jpg', 0, '', 0, '', 0, '', '', '', '', '', '', '', '', '', '', '', '', ''),
(721, 3985, '', 41, 2, '', 'SEPTIA MELINDA', '', '0000-00-00', 'Perempuan', 'Islam', 0, '', '', 'stg40.jpg', 0, '', 0, '', 0, '', '', '', '', '', '', '', '', '', '', '', '', ''),
(722, 3995, '', 41, 2, '', 'SISKA DIAN PRAMUDITA', '', '0000-00-00', 'Perempuan', 'Islam', 0, '', '', 'stg41.jpg', 0, '', 0, '', 0, '', '', '', '', '', '', '', '', '', '', '', '', ''),
(724, 4026, '', 41, 2, '', 'WAHYU BILNADZARY', '', '0000-00-00', 'Laki - Laki', 'Islam', 0, '', '', 'stg43.jpg', 0, '', 0, '', 0, '', '', '', '', '', '', '', '', '', '', '', '', ''),
(725, 4027, '', 41, 2, '', 'WAHYU YUMANDA SARI', '', '0000-00-00', 'Perempuan', 'Islam', 0, '', '', 'stg44.jpg', 0, '', 0, '', 0, '', '', '', '', '', '', '', '', '', '', '', '', ''),
(726, 4052, '', 41, 2, '', 'YULIANA', '', '0000-00-00', 'Perempuan', 'Islam', 0, '', '', 'stg45.jpg', 0, '', 0, '', 0, '', '', '', '', '', '', '', '', '', '', '', '', ''),
(727, 3628, '', 40, 2, '', 'ADZIR PUTRA', '', '0000-00-00', 'Laki - Laki', 'Islam', 0, '', '', 'stg46.jpg', 0, '', 0, '', 0, '', '', '', '', '', '', '', '', '', '', '', '', ''),
(728, 3643, '', 40, 2, '', 'AL SYAHANDI', '', '0000-00-00', 'Laki - Laki', 'Islam', 0, '', '', 'stg47.jpg', 0, '', 0, '', 0, '', '', '', '', '', '', '', '', '', '', '', '', ''),
(729, 3650, '', 40, 2, '', 'ALFIN DAMARA', '', '0000-00-00', 'Laki - Laki', 'Islam', 0, '', '', 'stg48.jpg', 0, '', 0, '', 0, '', '', '', '', '', '', '', '', '', '', '', '', ''),
(730, 3663, '', 40, 2, '', 'ANDRES INALDI', '', '0000-00-00', 'Laki - Laki', 'Islam', 0, '', '', 'stg49.jpg', 0, '', 0, '', 0, '', '', '', '', '', '', '', '', '', '', '', '', ''),
(731, 3676, '', 40, 2, '', 'ARIF ALFIN', '', '0000-00-00', 'Laki - Laki', 'Islam', 0, '', '', 'stg50.jpg', 0, '', 0, '', 0, '', '', '', '', '', '', '', '', '', '', '', '', ''),
(732, 3684, '', 40, 2, '', 'ASDIWAR PUSPITA YODI', '', '0000-00-00', 'Laki - Laki', 'Islam', 0, '', '', 'stg51.jpg', 0, '', 0, '', 0, '', '', '', '', '', '', '', '', '', '', '', '', ''),
(733, 3687, '', 40, 2, '', 'ASTRID TRI GUSTIA', '', '0000-00-00', 'Perempuan', 'Islam', 0, '', '', 'stg52.jpg', 0, '', 0, '', 0, '', '', '', '', '', '', '', '', '', '', '', '', ''),
(734, 3702, '', 40, 2, '', 'DAVID ALMANDA', '', '0000-00-00', 'Laki - Laki', 'Islam', 0, '', '', 'stg53.jpg', 0, '', 0, '', 0, '', '', '', '', '', '', '', '', '', '', '', '', ''),
(735, 3127, '', 32, 5, '', 'ABU BAKAR SYDIK', '', '0000-00-00', 'Laki - Laki', 'Islam', 0, '', '', 'aaa59.jpg', 0, '', 0, '', 0, '', '', '', '', '', '', '', '', '', '', '', '', ''),
(736, 3134, '', 32, 5, '', 'ADRIAN MAULANA', '', '0000-00-00', 'Laki - Laki', 'Islam', 0, '', '', 'aaa60.jpg', 0, '', 0, '', 0, '', '', '', '', '', '', '', '', '', '', '', '', ''),
(737, 3148, '', 32, 5, '', 'AHMAD ZUL AZMY', '', '0000-00-00', 'Laki - Laki', 'Islam', 0, '', '', 'aaa61.jpg', 0, '', 0, '', 0, '', '', '', '', '', '', '', '', '', '', '', '', ''),
(738, 3158, '', 32, 5, '', 'ALFAJRI', '', '0000-00-00', 'Laki - Laki', 'Islam', 0, '', '', 'aaa62.jpg', 0, '', 0, '', 0, '', '', '', '', '', '', '', '', '', '', '', '', ''),
(739, 3180, '', 32, 5, '', 'ANDRIKO IRWAN SAPUTRA', '', '0000-00-00', 'Laki - Laki', 'Islam', 0, '', '', 'aaa63.jpg', 0, '', 0, '', 0, '', '', '', '', '', '', '', '', '', '', '', '', ''),
(740, 3212, '', 32, 5, '', 'AZHIM INSAAN MAHMUDA', '', '0000-00-00', 'Laki - Laki', 'Islam', 0, '', '', 'aaa64.jpg', 0, '', 0, '', 0, '', '', '', '', '', '', '', '', '', '', '', '', ''),
(741, 3227, '', 32, 5, '', 'DANIL ZALVIN SANDRA', '', '0000-00-00', 'Laki - Laki', 'Islam', 0, '', '', 'aaa65.jpg', 0, '', 0, '', 0, '', '', '', '', '', '', '', '', '', '', '', '', ''),
(742, 3262, '', 32, 5, '', 'DIO ARMAN SAPUTRA', '', '0000-00-00', 'Laki - Laki', 'Islam', 0, '', '', 'aaa66.jpg', 0, '', 0, '', 0, '', '', '', '', '', '', '', '', '', '', '', '', ''),
(743, 3291, '', 32, 5, '', 'FAJRI PRAYOGA', '', '0000-00-00', 'Laki - Laki', 'Islam', 0, '', '', 'aaa67.jpg', 0, '', 0, '', 0, '', '', '', '', '', '', '', '', '', '', '', '', ''),
(744, 1177777, '', 32, 5, '', 'FEBRI HERDANA', '', '0000-00-00', 'Laki - Laki', 'Islam', 0, '', '', 'aaa68.jpg', 0, '', 0, '', 0, '', '', '', '', '', '', '', '', '', '', '', '', ''),
(745, 3302, '', 32, 5, '', 'FEBRI PUTRA ARDIANSYAH', '', '0000-00-00', 'Laki - Laki', 'Islam', 0, '', '', 'aaa69.jpg', 0, '', 0, '', 0, '', '', '', '', '', '', '', '', '', '', '', '', ''),
(746, 3339, '', 32, 5, '', 'ILHAM NUR QARIM', '', '0000-00-00', 'Laki - Laki', 'Islam', 0, '', '', 'aaa70.jpg', 0, '', 0, '', 0, '', '', '', '', '', '', '', '', '', '', '', '', ''),
(747, 3361, '', 32, 5, '', 'JEFRI RAHMAIDI AL-FIQRI', '', '0000-00-00', 'Laki - Laki', 'Islam', 0, '', '', 'aaa71.jpg', 0, '', 0, '', 0, '', '', '', '', '', '', '', '', '', '', '', '', ''),
(748, 3384, '', 32, 5, '', 'M. REZA ALHABIB', '', '0000-00-00', 'Laki - Laki', 'Islam', 0, '', '', 'aaa72.jpg', 0, '', 0, '', 0, '', '', '', '', '', '', '', '', '', '', '', '', ''),
(749, 3386, '', 32, 5, '', 'M. SYUKRI PRATAMA', '', '0000-00-00', 'Laki - Laki', 'Islam', 0, '', '', 'aaa73.jpg', 0, '', 0, '', 0, '', '', '', '', '', '', '', '', '', '', '', '', ''),
(750, 3413, '', 32, 5, '', 'MUHAMAD FIKRI', '', '0000-00-00', 'Laki - Laki', 'Islam', 0, '', '', 'aaa74.jpg', 0, '', 0, '', 0, '', '', '', '', '', '', '', '', '', '', '', '', ''),
(751, 3417, '', 32, 5, '', 'MUHAMMAD ALFI TANJUNG', '', '0000-00-00', 'Laki - Laki', 'Islam', 0, '', '', 'aaa75.jpg', 0, '', 0, '', 0, '', '', '', '', '', '', '', '', '', '', '', '', ''),
(752, 3456, '', 32, 5, '', 'PEDRI ZAMZAMI', '', '0000-00-00', 'Laki - Laki', 'Islam', 0, '', '', 'aaa76.jpg', 0, '', 0, '', 0, '', '', '', '', '', '', '', '', '', '', '', '', ''),
(753, 3485, '', 32, 5, '', 'RENDI ZULKIFLI', '', '0000-00-00', 'Laki - Laki', 'Islam', 0, '', '', 'aaa77.jpg', 0, '', 0, '', 0, '', '', '', '', '', '', '', '', '', '', '', '', ''),
(754, 3507, '', 32, 5, '', 'RISNUL HAKIM', '', '0000-00-00', 'Laki - Laki', 'Islam', 0, '', '', 'aaa78.jpg', 0, '', 0, '', 0, '', '', '', '', '', '', '', '', '', '', '', '', ''),
(755, 3520, '', 32, 5, '', 'RIZKY SEPTIAN', '', '0000-00-00', 'Laki - Laki', 'Islam', 0, '', '', 'aaa79.jpg', 0, '', 0, '', 0, '', '', '', '', '', '', '', '', '', '', '', '', ''),
(756, 3528, '', 32, 5, '', 'RULI MARIANTO', '', '0000-00-00', 'Laki - Laki', 'Islam', 0, '', '', 'aaa80.jpg', 0, '', 0, '', 0, '', '', '', '', '', '', '', '', '', '', '', '', ''),
(757, 3595, '', 32, 5, '', 'YOKA YULIANAS', '', '0000-00-00', 'Laki - Laki', 'Islam', 0, '', '', 'aaa81.jpg', 0, '', 0, '', 0, '', '', '', '', '', '', '', '', '', '', '', '', ''),
(758, 3126, '', 33, 5, '', 'ABEL SYAFIRA', '', '0000-00-00', 'Laki - Laki', 'Islam', 0, '', '', 'aaa82.jpg', 0, '', 0, '', 0, '', '', '', '', '', '', '', '', '', '', '', '', ''),
(759, 3142, '', 33, 5, '', 'AGUS RIDO', '', '0000-00-00', 'Laki - Laki', 'Islam', 0, '', '', 'aaa83.jpg', 0, '', 0, '', 0, '', '', '', '', '', '', '', '', '', '', '', '', ''),
(760, 3154, '', 33, 5, '', 'ALDIKA AKMAL CHANIAGO', '', '0000-00-00', 'Laki - Laki', 'Islam', 0, '', '', 'aaa84.jpg', 0, '', 0, '', 0, '', '', '', '', '', '', '', '', '', '', '', '', ''),
(761, 3163, '', 33, 5, '', 'ALI AKBAR SIDIK HADI', '', '0000-00-00', 'Laki - Laki', 'Islam', 0, '', '', 'aaa85.jpg', 0, '', 0, '', 0, '', '', '', '', '', '', '', '', '', '', '', '', ''),
(762, 3181, '', 33, 5, '', 'ANGGI ADILA PUTRA', '', '0000-00-00', 'Laki - Laki', 'Islam', 0, '', '', 'aaa86.jpg', 0, '', 0, '', 0, '', '', '', '', '', '', '', '', '', '', '', '', ''),
(763, 3217, '', 33, 5, '', 'BAGUS ARIESANDI', '', '0000-00-00', 'Laki - Laki', 'Islam', 0, '', '', 'aaa87.jpg', 0, '', 0, '', 0, '', '', '', '', '', '', '', '', '', '', '', '', ''),
(764, 3220, '', 33, 5, '', 'BAKRI ANUAR', '', '0000-00-00', 'Laki - Laki', 'Islam', 0, '', '', 'aaa88.jpg', 0, '', 0, '', 0, '', '', '', '', '', '', '', '', '', '', '', '', ''),
(765, 3252, '', 33, 5, '', 'DIKI CHANDRA', '', '0000-00-00', 'Laki - Laki', 'Islam', 0, '', '', 'aaa89.jpg', 0, '', 0, '', 0, '', '', '', '', '', '', '', '', '', '', '', '', ''),
(766, 3292, '', 33, 5, '', 'FANDI HERMAWAN', '', '0000-00-00', 'Laki - Laki', 'Islam', 0, '', '', 'aaa90.jpg', 0, '', 0, '', 0, '', '', '', '', '', '', '', '', '', '', '', '', ''),
(767, 3314, '', 33, 5, '', 'HABIB WARDANI', '', '0000-00-00', 'Laki - Laki', 'Islam', 0, '', '', 'aaa91.jpg', 0, '', 0, '', 0, '', '', '', '', '', '', '', '', '', '', '', '', ''),
(768, 1004, '', 33, 5, '', 'ILHAM SAPUTRA', '', '0000-00-00', 'Laki - Laki', 'Islam', 0, '', '', 'aaa92.jpg', 0, '', 0, '', 0, '', '', '', '', '', '', '', '', '', '', '', '', ''),
(769, 3372, '', 33, 5, '', 'LADIKA DEPATI PARBO', '', '0000-00-00', 'Laki - Laki', 'Islam', 0, '', '', 'aaa93.jpg', 0, '', 0, '', 0, '', '', '', '', '', '', '', '', '', '', '', '', ''),
(770, 3383, '', 33, 5, '', 'M. RAHMAN', '', '0000-00-00', 'Laki - Laki', 'Islam', 0, '', '', 'aaa94.jpg', 0, '', 0, '', 0, '', '', '', '', '', '', '', '', '', '', '', '', ''),
(771, 3387, '', 33, 5, '', 'M.IQBAL HIDAYAT', '', '0000-00-00', 'Laki - Laki', 'Islam', 0, '', '', 'aaa95.jpg', 0, '', 0, '', 0, '', '', '', '', '', '', '', '', '', '', '', '', ''),
(772, 3415, '', 33, 5, '', 'MUHAMAD RAFID', '', '0000-00-00', 'Laki - Laki', 'Islam', 0, '', '', 'aaa96.jpg', 0, '', 0, '', 0, '', '', '', '', '', '', '', '', '', '', '', '', ''),
(773, 3424, '', 33, 5, '', 'MUHAMMAD RIYAL', '', '0000-00-00', 'Laki - Laki', 'Islam', 0, '', '', 'aaa97.jpg', 0, '', 0, '', 0, '', '', '', '', '', '', '', '', '', '', '', '', ''),
(774, 3460, '', 33, 5, '', 'PUTRA HIDAYAT', '', '0000-00-00', 'Laki - Laki', 'Islam', 0, '', '', 'aaa98.jpg', 0, '', 0, '', 0, '', '', '', '', '', '', '', '', '', '', '', '', ''),
(775, 3488, '', 33, 5, '', 'RESTU SAHID', '', '0000-00-00', 'Laki - Laki', 'Islam', 0, '', '', 'aaa99.jpg', 0, '', 0, '', 0, '', '', '', '', '', '', '', '', '', '', '', '', ''),
(776, 3489, '', 33, 5, '', 'REVAL MAHENDRA', '', '0000-00-00', 'Laki - Laki', 'Islam', 0, '', '', 'dddd.jpg', 0, '', 0, '', 0, '', '', '', '', '', '', '', '', '', '', '', '', ''),
(777, 3511, '', 33, 5, '', 'RIYON YOLANDA', '', '0000-00-00', 'Laki - Laki', 'Islam', 0, '', '', 'dddd1.jpg', 0, '', 0, '', 0, '', '', '', '', '', '', '', '', '', '', '', '', ''),
(778, 3522, '', 33, 5, '', 'ROBY HARTONO', '', '0000-00-00', 'Laki - Laki', 'Islam', 0, '', '', 'dddd2.jpg', 0, '', 0, '', 0, '', '', '', '', '', '', '', '', '', '', '', '', ''),
(779, 3531, '', 33, 5, '', 'SAIPULLANA', '', '0000-00-00', 'Laki - Laki', 'Islam', 0, '', '', 'dddd3.jpg', 0, '', 0, '', 0, '', '', '', '', '', '', '', '', '', '', '', '', ''),
(780, 3600, '', 33, 5, '', 'YUDI DIMAS SAPUTRA', '', '0000-00-00', 'Laki - Laki', 'Islam', 0, '', '', 'dddd4.jpg', 0, '', 0, '', 0, '', '', '', '', '', '', '', '', '', '', '', '', ''),
(781, 3131, '', 34, 5, '', 'ADITYA OKTATIUS', '', '0000-00-00', 'Laki - Laki', 'Islam', 0, '', '', 'dddd5.jpg', 0, '', 0, '', 0, '', '', '', '', '', '', '', '', '', '', '', '', ''),
(783, 3146, '', 34, 5, '', 'AHMAD NUR HIDAYAT', '', '0000-00-00', 'Laki - Laki', 'Islam', 0, '', '', 'dddd7.jpg', 0, '', 0, '', 0, '', '', '', '', '', '', '', '', '', '', '', '', ''),
(784, 3155, '', 34, 5, '', 'ALDO FIRMANSYAH', '', '0000-00-00', 'Laki - Laki', 'Islam', 0, '', '', 'dddd8.jpg', 0, '', 0, '', 0, '', '', '', '', '', '', '', '', '', '', '', '', ''),
(785, 3165, '', 34, 5, '', 'ALI RAMADANI', '', '0000-00-00', 'Laki - Laki', 'Islam', 0, '', '', 'dddd9.jpg', 0, '', 0, '', 0, '', '', '', '', '', '', '', '', '', '', '', '', ''),
(786, 3201, '', 34, 5, '', 'ARMISON', '', '0000-00-00', 'Laki - Laki', 'Islam', 0, '', '', 'dddd10.jpg', 0, '', 0, '', 0, '', '', '', '', '', '', '', '', '', '', '', '', ''),
(787, 3224, '', 34, 5, '', 'BUDI AGUSMANTO', '', '0000-00-00', 'Laki - Laki', 'Islam', 0, '', '', 'dddd11.jpg', 0, '', 0, '', 0, '', '', '', '', '', '', '', '', '', '', '', '', ''),
(788, 3277, '', 34, 5, '', 'ENOKI PUTRA', '', '0000-00-00', 'Laki - Laki', 'Islam', 0, '', '', 'dddd12.jpg', 0, '', 0, '', 0, '', '', '', '', '', '', '', '', '', '', '', '', ''),
(789, 3295, '', 34, 5, '', 'FARIS RAHMAN HELSA SAPUTRA', '', '0000-00-00', 'Laki - Laki', 'Islam', 0, '', '', 'dddd13.jpg', 0, '', 0, '', 0, '', '', '', '', '', '', '', '', '', '', '', '', ''),
(790, 3337, '', 34, 5, '', 'ILHAM EFENDI', '', '0000-00-00', 'Laki - Laki', 'Islam', 0, '', '', 'dddd14.jpg', 0, '', 0, '', 0, '', '', '', '', '', '', '', '', '', '', '', '', ''),
(791, 3355, '', 34, 5, '', 'IRWAN SEPTIAN TANJUNG', '', '0000-00-00', 'Laki - Laki', 'Islam', 0, '', '', 'dddd15.jpg', 0, '', 0, '', 0, '', '', '', '', '', '', '', '', '', '', '', '', ''),
(792, 3364, '', 34, 5, '', 'JORGY JEFRY', '', '0000-00-00', 'Laki - Laki', 'Islam', 0, '', '', 'dddd16.jpg', 0, '', 0, '', 0, '', '', '', '', '', '', '', '', '', '', '', '', ''),
(793, 3379, '', 34, 5, '', 'M. ALFAHMI', '', '0000-00-00', 'Laki - Laki', 'Islam', 0, '', '', 'dddd17.jpg', 0, '', 0, '', 0, '', '', '', '', '', '', '', '', '', '', '', '', ''),
(794, 3393, '', 34, 5, '', 'MEDI ANDIKO CANDRA', '', '0000-00-00', 'Laki - Laki', 'Islam', 0, '', '', 'dddd18.jpg', 0, '', 0, '', 0, '', '', '', '', '', '', '', '', '', '', '', '', ''),
(795, 3402, '', 34, 5, '', 'MHD. ILHAM PUTRA', '', '0000-00-00', 'Laki - Laki', 'Islam', 0, '', '', 'dddd19.jpg', 0, '', 0, '', 0, '', '', '', '', '', '', '', '', '', '', '', '', ''),
(796, 3416, '', 34, 5, '', 'MUHAMMAD ALDI DARWIS', '', '0000-00-00', 'Laki - Laki', 'Islam', 0, '', '', 'dddd20.jpg', 0, '', 0, '', 0, '', '', '', '', '', '', '', '', '', '', '', '', ''),
(797, 3455, '', 34, 5, '', 'PATAHUR RAHMAN', '', '0000-00-00', 'Laki - Laki', 'Islam', 0, '', '', 'dddd21.jpg', 0, '', 0, '', 0, '', '', '', '', '', '', '', '', '', '', '', '', ''),
(798, 3470, '', 34, 5, '', 'RAGHIB', '', '0000-00-00', 'Laki - Laki', 'Islam', 0, '', '', 'dddd22.jpg', 0, '', 0, '', 0, '', '', '', '', '', '', '', '', '', '', '', '', ''),
(799, 3498, '', 34, 5, '', 'RIKO KURNIAWAN', '', '0000-00-00', 'Laki - Laki', 'Islam', 0, '', '', 'dddd23.jpg', 0, '', 0, '', 0, '', '', '', '', '', '', '', '', '', '', '', '', ''),
(800, 3503, '', 34, 5, '', 'RIO RAMADHAN', '', '0000-00-00', 'Laki - Laki', 'Islam', 0, '', '', 'dddd24.jpg', 0, '', 0, '', 0, '', '', '', '', '', '', '', '', '', '', '', '', ''),
(801, 3515, '', 34, 5, '', 'RIZKI FIRNANDO', '', '0000-00-00', 'Laki - Laki', 'Islam', 0, '', '', 'dddd25.jpg', 0, '', 0, '', 0, '', '', '', '', '', '', '', '', '', '', '', '', ''),
(802, 3526, '', 34, 5, '', 'RUDI SALAM', '', '0000-00-00', 'Laki - Laki', 'Islam', 0, '', '', 'dddd26.jpg', 0, '', 0, '', 0, '', '', '', '', '', '', '', '', '', '', '', '', ''),
(803, 3562, '', 34, 5, '', 'TAUFIK HIDAYAT', '', '0000-00-00', 'Laki - Laki', 'Islam', 0, '', '', 'dddd27.jpg', 0, '', 0, '', 0, '', '', '', '', '', '', '', '', '', '', '', '', ''),
(804, 3615, '', 34, 5, '', 'ZULFAHMI', '', '0000-00-00', 'Laki - Laki', 'Islam', 0, '', '', 'dddd28.jpg', 0, '', 0, '', 0, '', '', '', '', '', '', '', '', '', '', '', '', ''),
(805, 2866, '', 19, 4, '', 'KURNIAWAN', '', '0000-00-00', 'Laki - Laki', 'Islam', 0, '', '', 'fb_img_1483844593417', 0, '', 0, '', 0, '', '', '', '', '', '', '', '', '', '', '', '', ''),
(806, 2868, '', 19, 4, '', 'LARAS YOLANDA', '', '0000-00-00', 'Laki - Laki', 'Islam', 0, '', '', 'fb_img_1483844593417', 0, '', 0, '', 0, '', '', '', '', '', '', '', '', '', '', '', '', ''),
(807, 2879, '', 19, 4, '', 'M RIDHO FEBRULQI', '', '0000-00-00', 'Laki - Laki', 'Islam', 0, '', '', 'fb_img_1483844593417', 0, '', 0, '', 0, '', '', '', '', '', '', '', '', '', '', '', '', ''),
(808, 2893, '', 19, 4, '', 'MITA MAYANG SARI', '', '0000-00-00', 'Laki - Laki', 'Islam', 0, '', '', 'fb_img_1483844593417', 0, '', 0, '', 0, '', '', '', '', '', '', '', '', '', '', '', '', ''),
(809, 2897, '', 19, 4, '', 'MUHAMAD AFDHAL   S', '', '0000-00-00', 'Laki - Laki', 'Islam', 0, '', '', 'fb_img_1483844593417', 0, '', 0, '', 0, '', '', '', '', '', '', '', '', '', '', '', '', ''),
(810, 2919, '', 19, 4, '', 'NASRUL', '', '0000-00-00', 'Laki - Laki', 'Islam', 0, '', '', 'fb_img_1483844593417', 0, '', 0, '', 0, '', '', '', '', '', '', '', '', '', '', '', '', ''),
(811, 2941, '', 19, 4, '', 'NOVA SUSANTI', '', '0000-00-00', 'Laki - Laki', 'Islam', 0, '', '', 'fb_img_1483844593417', 0, '', 0, '', 0, '', '', '', '', '', '', '', '', '', '', '', '', ''),
(812, 2955, '', 19, 4, '', 'PUTRI YULIANTI', '', '0000-00-00', 'Laki - Laki', 'Islam', 0, '', '', 'fb_img_1483844593417', 0, '', 0, '', 0, '', '', '', '', '', '', '', '', '', '', '', '', ''),
(813, 2976, '', 19, 4, '', 'RASYA ADITYA', '', '0000-00-00', 'Laki - Laki', 'Islam', 0, '', '', 'fb_img_1483844593417', 0, '', 0, '', 0, '', '', '', '', '', '', '', '', '', '', '', '', ''),
(814, 2988, '', 19, 4, '', 'RIDO NOFRIADI ', '', '0000-00-00', 'Laki - Laki', 'Islam', 0, '', '', 'fb_img_1483844593417', 0, '', 0, '', 0, '', '', '', '', '', '', '', '', '', '', '', '', ''),
(815, 2994, '', 19, 4, '', 'RIMA AGUSTINA', '', '0000-00-00', 'Laki - Laki', 'Islam', 0, '', '', 'fb_img_1483844593417', 0, '', 0, '', 0, '', '', '', '', '', '', '', '', '', '', '', '', ''),
(816, 3030, '', 19, 4, '', 'SEPRISON', '', '0000-00-00', 'Laki - Laki', 'Islam', 0, '', '', 'fb_img_1483844593417', 0, '', 0, '', 0, '', '', '', '', '', '', '', '', '', '', '', '', ''),
(817, 3040, '', 19, 4, '', 'SINTA YUNITA', '', '0000-00-00', 'Laki - Laki', 'Islam', 0, '', '', 'fb_img_1483844593417', 0, '', 0, '', 0, '', '', '', '', '', '', '', '', '', '', '', '', ''),
(818, 3054, '', 19, 4, '', 'SYAFRI YELLY NOVITA', '', '0000-00-00', 'Laki - Laki', 'Islam', 0, '', '', 'fb_img_1483844593417', 0, '', 0, '', 0, '', '', '', '', '', '', '', '', '', '', '', '', ''),
(819, 3072, '', 19, 4, '', 'VIRA KHARISMA PUTRI', '', '0000-00-00', 'Laki - Laki', 'Islam', 0, '', '', 'fb_img_1483844593417', 0, '', 0, '', 0, '', '', '', '', '', '', '', '', '', '', '', '', ''),
(820, 3076, '', 19, 4, '', 'WAHYUDI SAPUTRA', '', '0000-00-00', 'Laki - Laki', 'Islam', 0, '', '', 'fb_img_1483844593417', 0, '', 0, '', 0, '', '', '', '', '', '', '', '', '', '', '', '', ''),
(821, 3083, '', 19, 4, '', 'WIWIT GUSTIA NINGSIH', '', '0000-00-00', 'Laki - Laki', 'Islam', 0, '', '', 'fb_img_1483844593417', 0, '', 0, '', 0, '', '', '', '', '', '', '', '', '', '', '', '', ''),
(822, 3087, '', 19, 4, '', 'YESI ARDIANTI', '', '0000-00-00', 'Laki - Laki', 'Islam', 0, '', '', 'fb_img_1483844593417', 0, '', 0, '', 0, '', '', '', '', '', '', '', '', '', '', '', '', ''),
(823, 3110, '', 19, 4, '', 'ZULRI KALMAN', '', '0000-00-00', 'Laki - Laki', 'Islam', 0, '', '', 'fb_img_1483844593417', 0, '', 0, '', 0, '', '', '', '', '', '', '', '', '', '', '', '', ''),
(824, 2688, '', 7, 3, '', 'ADITIA KURNIAWAN', '', '0000-00-00', 'Laki - Laki', 'Islam', 0, '', '', 'fb_img_1483844593417', 0, '', 0, '', 0, '', '', '', '', '', '', '', '', '', '', '', '', ''),
(825, 2690, '', 7, 3, '', 'AFNI JUNIARTI', '', '0000-00-00', 'Laki - Laki', 'Islam', 0, '', '', 'fb_img_1483844593417', 0, '', 0, '', 0, '', '', '', '', '', '', '', '', '', '', '', '', ''),
(826, 2720, '', 7, 3, '', 'ANNISA APRILIA', '', '0000-00-00', 'Laki - Laki', 'Islam', 0, '', '', 'fb_img_1483844593417', 0, '', 0, '', 0, '', '', '', '', '', '', '', '', '', '', '', '', ''),
(827, 2723, '', 7, 3, '', 'APRILLIZA LESTARI', '', '0000-00-00', 'Laki - Laki', 'Islam', 0, '', '', 'fb_img_1483844593417', 0, '', 0, '', 0, '', '', '', '', '', '', '', '', '', '', '', '', ''),
(828, 2741, '', 7, 3, '', 'CITIKA FEBRIANTI', '', '0000-00-00', 'Laki - Laki', 'Islam', 0, '', '', 'fb_img_1483844593417', 0, '', 0, '', 0, '', '', '', '', '', '', '', '', '', '', '', '', ''),
(829, 2743, '', 7, 3, '', 'DANTY EKA FAUZIAH', '', '0000-00-00', 'Laki - Laki', 'Islam', 0, '', '', 'fb_img_1483844593417', 0, '', 0, '', 0, '', '', '', '', '', '', '', '', '', '', '', '', ''),
(830, 2761, '', 7, 3, '', 'DEVI SYAFRIANTI', '', '0000-00-00', 'Laki - Laki', 'Islam', 0, '', '', 'fb_img_1483844593417', 0, '', 0, '', 0, '', '', '', '', '', '', '', '', '', '', '', '', ''),
(831, 2784, '', 7, 3, '', 'ELVIA SAFITRI', '', '0000-00-00', 'Laki - Laki', 'Islam', 0, '', '', 'fb_img_1483844593417', 0, '', 0, '', 0, '', '', '', '', '', '', '', '', '', '', '', '', ''),
(832, 2808, '', 7, 3, '', 'FITRIYANI', '', '0000-00-00', 'Laki - Laki', 'Islam', 0, '', '', 'fb_img_1483844593417', 0, '', 0, '', 0, '', '', '', '', '', '', '', '', '', '', '', '', ''),
(833, 2817, '', 7, 3, '', 'GUSTIA INDRIANI', '', '0000-00-00', 'Laki - Laki', 'Islam', 0, '', '', 'fb_img_1483844593417', 0, '', 0, '', 0, '', '', '', '', '', '', '', '', '', '', '', '', ''),
(834, 2843, '', 7, 3, '', 'INDRI YANE', '', '0000-00-00', 'Laki - Laki', 'Islam', 0, '', '', 'fb_img_1483844593417', 0, '', 0, '', 0, '', '', '', '', '', '', '', '', '', '', '', '', ''),
(835, 2850, '', 7, 3, '', 'ISMAIL MARZUKI', '', '0000-00-00', 'Laki - Laki', 'Islam', 0, '', '', 'fb_img_1483844593417', 0, '', 0, '', 0, '', '', '', '', '', '', '', '', '', '', '', '', ''),
(836, 2854, '', 7, 3, '', 'JESI AFRIA NENGSIH', '', '0000-00-00', 'Laki - Laki', 'Islam', 0, '', '', 'fb_img_1483844593417', 0, '', 0, '', 0, '', '', '', '', '', '', '', '', '', '', '', '', ''),
(837, 2869, '', 7, 3, '', 'LESTI GANTI', '', '0000-00-00', 'Laki - Laki', 'Islam', 0, '', '', 'fb_img_1483844593417', 0, '', 0, '', 0, '', '', '', '', '', '', '', '', '', '', '', '', ''),
(838, 2883, '', 7, 3, '', 'MARLINE RONAULI BR  S', '', '0000-00-00', 'Laki - Laki', 'Islam', 0, '', '', 'fb_img_1483844593417', 0, '', 0, '', 0, '', '', '', '', '', '', '', '', '', '', '', '', ''),
(839, 2888, '', 7, 3, '', 'MELIA NOFITA SARI', '', '0000-00-00', 'Laki - Laki', 'Islam', 0, '', '', 'fb_img_1483844593417', 0, '', 0, '', 0, '', '', '', '', '', '', '', '', '', '', '', '', ''),
(840, 2912, '', 7, 3, '', 'NADA HANIFAH', '', '0000-00-00', 'Laki - Laki', 'Islam', 0, '', '', 'fb_img_1483844593417', 0, '', 0, '', 0, '', '', '', '', '', '', '', '', '', '', '', '', ''),
(841, 2925, '', 7, 3, '', 'NIA RAMADHANI', '', '0000-00-00', 'Laki - Laki', 'Islam', 0, '', '', 'fb_img_1483844593417', 0, '', 0, '', 0, '', '', '', '', '', '', '', '', '', '', '', '', ''),
(842, 2932, '', 7, 3, '', 'NIRMA ANNISA', '', '0000-00-00', 'Laki - Laki', 'Islam', 0, '', '', 'fb_img_1483844593417', 0, '', 0, '', 0, '', '', '', '', '', '', '', '', '', '', '', '', ''),
(843, 2937, '', 7, 3, '', 'NORA AYU AZHARI', '', '0000-00-00', 'Laki - Laki', 'Islam', 0, '', '', 'fb_img_1483844593417', 0, '', 0, '', 0, '', '', '', '', '', '', '', '', '', '', '', '', ''),
(844, 2953, '', 7, 3, '', 'PUTRI TANJUNG', '', '0000-00-00', 'Laki - Laki', 'Islam', 0, '', '', 'fb_img_1483844593417', 0, '', 0, '', 0, '', '', '', '', '', '', '', '', '', '', '', '', ''),
(845, 2980, '', 7, 3, '', 'REDA FITRIANNI', '', '0000-00-00', 'Laki - Laki', 'Islam', 0, '', '', 'fb_img_1483844593417', 0, '', 0, '', 0, '', '', '', '', '', '', '', '', '', '', '', '', ''),
(846, 2982, '', 7, 3, '', 'REZA SADRI RISWANDI', '', '0000-00-00', 'Laki - Laki', 'Islam', 0, '', '', 'fb_img_1483844593417', 0, '', 0, '', 0, '', '', '', '', '', '', '', '', '', '', '', '', ''),
(847, 3018, '', 7, 3, '', 'ROSALINDA', '', '0000-00-00', 'Laki - Laki', 'Islam', 0, '', '', 'fb_img_1483844593417', 0, '', 0, '', 0, '', '', '', '', '', '', '', '', '', '', '', '', ''),
(850, 3045, '', 7, 3, '', 'SOVIA SUSANTI', '', '0000-00-00', 'Laki - Laki', 'Islam', 0, '', '', 'fb_img_1483844593417', 0, '', 0, '', 0, '', '', '', '', '', '', '', '', '', '', '', '', ''),
(851, 3061, '', 7, 3, '', 'TESA WIGUNA', '', '0000-00-00', 'Laki - Laki', 'Islam', 0, '', '', 'fb_img_1483844593417', 0, '', 0, '', 0, '', '', '', '', '', '', '', '', '', '', '', '', ''),
(852, 3081, '', 7, 3, '', 'WINDA SRI WARMAYUNI', '', '0000-00-00', 'Laki - Laki', 'Islam', 0, '', '', 'fb_img_1483844593417', 0, '', 0, '', 0, '', '', '', '', '', '', '', '', '', '', '', '', ''),
(853, 3096, '', 7, 3, '', 'YULI ASMAINI', '', '0000-00-00', 'Laki - Laki', 'Islam', 0, '', '', 'fb_img_1483844593417', 0, '', 0, '', 0, '', '', '', '', '', '', '', '', '', '', '', '', ''),
(854, 2701, '', 8, 3, '', 'ALFAT', '', '0000-00-00', 'Laki - Laki', 'Islam', 0, '', '', 'fb_img_1483844593417', 0, '', 0, '', 0, '', '', '', '', '', '', '', '', '', '', '', '', ''),
(856, 2718, '', 8, 3, '', 'ANISA VAHIRA', '', '0000-00-00', 'Laki - Laki', 'Islam', 0, '', '', 'fb_img_1483844593417', 0, '', 0, '', 0, '', '', '', '', '', '', '', '', '', '', '', '', ''),
(857, 2724, '', 8, 3, '', 'APRINA YOSI HARMI', '', '0000-00-00', 'Laki - Laki', 'Islam', 0, '', '', 'fb_img_1483844593417', 0, '', 0, '', 0, '', '', '', '', '', '', '', '', '', '', '', '', ''),
(858, 2756, '', 8, 3, '', 'DESMA WINDA', '', '0000-00-00', 'Laki - Laki', 'Islam', 0, '', '', 'fb_img_1483844593417', 0, '', 0, '', 0, '', '', '', '', '', '', '', '', '', '', '', '', ''),
(859, 2763, '', 8, 3, '', 'DEWI WAHYUNI', '', '0000-00-00', 'Laki - Laki', 'Islam', 0, '', '', 'fb_img_1483844593417', 0, '', 0, '', 0, '', '', '', '', '', '', '', '', '', '', '', '', ''),
(860, 2785, '', 8, 3, '', 'ENJELI PURNAMA SARI', '', '0000-00-00', 'Laki - Laki', 'Islam', 0, '', '', 'fb_img_1483844593417', 0, '', 0, '', 0, '', '', '', '', '', '', '', '', '', '', '', '', ''),
(861, 2811, '', 8, 3, '', 'FLORA ANNISA TRI ZAHARA', '', '0000-00-00', 'Laki - Laki', 'Islam', 0, '', '', 'fb_img_1483844593417', 0, '', 0, '', 0, '', '', '', '', '', '', '', '', '', '', '', '', ''),
(862, 2832, '', 8, 3, '', 'IKA  PERMATA BUNDA', '', '0000-00-00', 'Laki - Laki', 'Islam', 0, '', '', 'fb_img_1483844593417', 0, '', 0, '', 0, '', '', '', '', '', '', '', '', '', '', '', '', ''),
(863, 2844, '', 8, 3, '', 'INE FISKA MARLINA', '', '0000-00-00', 'Laki - Laki', 'Islam', 0, '', '', 'fb_img_1483844593417', 0, '', 0, '', 0, '', '', '', '', '', '', '', '', '', '', '', '', ''),
(864, 2856, '', 8, 3, '', 'JIMMY DANIEL', '', '0000-00-00', 'Laki - Laki', 'Islam', 0, '', '', 'fb_img_1483844593417', 0, '', 0, '', 0, '', '', '', '', '', '', '', '', '', '', '', '', ''),
(865, 2857, '', 8, 3, '', 'JULIA OKTAVIA', '', '0000-00-00', 'Laki - Laki', 'Islam', 0, '', '', 'fb_img_1483844593417', 0, '', 0, '', 0, '', '', '', '', '', '', '', '', '', '', '', '', ''),
(866, 2858, '', 8, 3, '', 'KASMAWATI', '', '0000-00-00', 'Laki - Laki', 'Islam', 0, '', '', 'fb_img_1483844593417', 0, '', 0, '', 0, '', '', '', '', '', '', '', '', '', '', '', '', ''),
(867, 2874, '', 8, 3, '', 'LUSI SULVA MAYANGSARI', '', '0000-00-00', 'Laki - Laki', 'Islam', 0, '', '', 'fb_img_1483844593417', 0, '', 0, '', 0, '', '', '', '', '', '', '', '', '', '', '', '', ''),
(868, 2886, '', 8, 3, '', 'MELA SEPRIANI', '', '0000-00-00', 'Laki - Laki', 'Islam', 0, '', '', 'fb_img_1483844593417', 0, '', 0, '', 0, '', '', '', '', '', '', '', '', '', '', '', '', ''),
(869, 2891, '', 8, 3, '', 'MIRA ADRIANI', '', '0000-00-00', 'Laki - Laki', 'Islam', 0, '', '', 'fb_img_1483844593417', 0, '', 0, '', 0, '', '', '', '', '', '', '', '', '', '', '', '', ''),
(870, 2913, '', 8, 3, '', 'NADIA ALHAMDA', '', '0000-00-00', 'Laki - Laki', 'Islam', 0, '', '', 'fb_img_1483844593417', 0, '', 0, '', 0, '', '', '', '', '', '', '', '', '', '', '', '', ''),
(871, 2928, '', 8, 3, '', 'NIKITA OLIVIA SAKARA', '', '0000-00-00', 'Laki - Laki', 'Islam', 0, '', '', 'fb_img_1483844593417', 0, '', 0, '', 0, '', '', '', '', '', '', '', '', '', '', '', '', ''),
(872, 2933, '', 8, 3, '', 'NISATUL FADILA', '', '0000-00-00', 'Laki - Laki', 'Islam', 0, '', '', 'fb_img_1483844593417', 0, '', 0, '', 0, '', '', '', '', '', '', '', '', '', '', '', '', ''),
(873, 2938, '', 8, 3, '', 'NORA YULIANA', '', '0000-00-00', 'Laki - Laki', 'Islam', 0, '', '', 'fb_img_1483844593417', 0, '', 0, '', 0, '', '', '', '', '', '', '', '', '', '', '', '', ''),
(874, 2969, '', 8, 3, '', 'RAMAIYANA PUTRI', '', '0000-00-00', 'Laki - Laki', 'Islam', 0, '', '', 'fb_img_1483844593417', 0, '', 0, '', 0, '', '', '', '', '', '', '', '', '', '', '', '', ''),
(875, 3001, '', 8, 3, '', 'RISKA PUTRI', '', '0000-00-00', 'Laki - Laki', 'Islam', 0, '', '', 'fb_img_1483844593417', 0, '', 0, '', 0, '', '', '', '', '', '', '', '', '', '', '', '', ''),
(876, 3011, '', 8, 3, '', 'RIZKA FITRI WAHYUNI', '', '0000-00-00', 'Laki - Laki', 'Islam', 0, '', '', 'fb_img_1483844593417', 0, '', 0, '', 0, '', '', '', '', '', '', '', '', '', '', '', '', ''),
(877, 3020, '', 8, 3, '', 'ROSSY SOVIANA PUTRI', '', '0000-00-00', 'Laki - Laki', 'Islam', 0, '', '', 'fb_img_1483844593417', 0, '', 0, '', 0, '', '', '', '', '', '', '', '', '', '', '', '', ''),
(878, 3039, '', 8, 3, '', 'SILVINDA MULIA', '', '0000-00-00', 'Laki - Laki', 'Islam', 0, '', '', 'fb_img_1483844593417', 0, '', 0, '', 0, '', '', '', '', '', '', '', '', '', '', '', '', ''),
(879, 3046, '', 8, 3, '', 'SRI MULYANI', '', '0000-00-00', 'Laki - Laki', 'Islam', 0, '', '', 'fb_img_1483844593417', 0, '', 0, '', 0, '', '', '', '', '', '', '', '', '', '', '', '', ''),
(880, 3063, '', 8, 3, '', 'TETI YULIANAH', '', '0000-00-00', 'Laki - Laki', 'Islam', 0, '', '', 'fb_img_1483844593417', 0, '', 0, '', 0, '', '', '', '', '', '', '', '', '', '', '', '', ''),
(881, 3103, '', 8, 3, '', 'YUSRIL IZA MAHENDRA', '', '0000-00-00', 'Laki - Laki', 'Islam', 0, '', '', 'fb_img_1483844593417', 0, '', 0, '', 0, '', '', '', '', '', '', '', '', '', '', '', '', ''),
(882, 2703, '', 10, 3, '', 'ALFIANSAH', '', '0000-00-00', 'Laki - Laki', 'Islam', 0, '', '', 'fb_img_1483844593417', 0, '', 0, '', 0, '', '', '', '', '', '', '', '', '', '', '', '', ''),
(883, 2721, '', 10, 3, '', 'ANNISA RAHIM', '', '0000-00-00', 'Laki - Laki', 'Islam', 0, '', '', 'fb_img_1483844593417', 0, '', 0, '', 0, '', '', '', '', '', '', '', '', '', '', '', '', ''),
(884, 2730, '', 10, 3, '', 'BADRIYAH MAULIDYA Y', '', '0000-00-00', 'Laki - Laki', 'Islam', 0, '', '', 'fb_img_1483844593417', 0, '', 0, '', 0, '', '', '', '', '', '', '', '', '', '', '', '', ''),
(885, 2760, '', 10, 3, '', 'DEVI RATNASARI', '', '0000-00-00', 'Laki - Laki', 'Islam', 0, '', '', 'fb_img_1483844593417', 0, '', 0, '', 0, '', '', '', '', '', '', '', '', '', '', '', '', ''),
(886, 2770, '', 10, 3, '', 'DINA FAUZANA', '', '0000-00-00', 'Laki - Laki', 'Islam', 0, '', '', 'fb_img_1483844593417', 0, '', 0, '', 0, '', '', '', '', '', '', '', '', '', '', '', '', ''),
(887, 2804, '', 10, 3, '', 'FITRI RIDHA RAHMAN', '', '0000-00-00', 'Laki - Laki', 'Islam', 0, '', '', 'fb_img_1483844593417', 0, '', 0, '', 0, '', '', '', '', '', '', '', '', '', '', '', '', ''),
(888, 2814, '', 10, 3, '', 'GINA MILENIA', '', '0000-00-00', 'Laki - Laki', 'Islam', 0, '', '', 'fb_img_1483844593417', 0, '', 0, '', 0, '', '', '', '', '', '', '', '', '', '', '', '', ''),
(889, 2841, '', 10, 3, '', 'INDAH SOFIANI', '', '0000-00-00', 'Laki - Laki', 'Islam', 0, '', '', 'fb_img_1483844593417', 0, '', 0, '', 0, '', '', '', '', '', '', '', '', '', '', '', '', ''),
(890, 2847, '', 10, 3, '', 'INTAN WAHYUNI', '', '0000-00-00', 'Laki - Laki', 'Islam', 0, '', '', 'fb_img_1483844593417', 0, '', 0, '', 0, '', '', '', '', '', '', '', '', '', '', '', '', ''),
(892, 2881, '', 10, 3, '', 'MAHA SUCI', '', '0000-00-00', 'Laki - Laki', 'Islam', 0, '', '', 'fb_img_1483844593417', 0, '', 0, '', 0, '', '', '', '', '', '', '', '', '', '', '', '', ''),
(893, 2887, '', 10, 3, '', 'MELI SUSANTI', '', '0000-00-00', 'Laki - Laki', 'Islam', 0, '', '', 'fb_img_1483844593417', 0, '', 0, '', 0, '', '', '', '', '', '', '', '', '', '', '', '', ''),
(894, 2892, '', 10, 3, '', 'MISRAWATI', '', '0000-00-00', 'Laki - Laki', 'Islam', 0, '', '', 'fb_img_1483844593417', 0, '', 0, '', 0, '', '', '', '', '', '', '', '', '', '', '', '', ''),
(895, 2916, '', 10, 3, '', 'NADINE RITCHE MORISTI', '', '0000-00-00', 'Laki - Laki', 'Islam', 0, '', '', 'fb_img_1483844593417', 0, '', 0, '', 0, '', '', '', '', '', '', '', '', '', '', '', '', ''),
(896, 2922, '', 10, 3, '', 'NELI ANDRIANI', '', '0000-00-00', 'Laki - Laki', 'Islam', 0, '', '', 'fb_img_1483844593417', 0, '', 0, '', 0, '', '', '', '', '', '', '', '', '', '', '', '', ''),
(897, 2927, '', 10, 3, '', 'NIGIA DELFIKA', '', '0000-00-00', 'Laki - Laki', 'Islam', 0, '', '', 'fb_img_1483844593417', 0, '', 0, '', 0, '', '', '', '', '', '', '', '', '', '', '', '', ''),
(898, 2931, '', 10, 3, '', 'NINGSIH', '', '0000-00-00', 'Laki - Laki', 'Islam', 0, '', '', 'fb_img_1483844593417', 0, '', 0, '', 0, '', '', '', '', '', '', '', '', '', '', '', '', ''),
(899, 2936, '', 10, 3, '', 'NORA ARDILA', '', '0000-00-00', 'Laki - Laki', 'Islam', 0, '', '', 'fb_img_1483844593417', 0, '', 0, '', 0, '', '', '', '', '', '', '', '', '', '', '', '', ''),
(900, 2943, '', 10, 3, '', 'NURHELMI YULIAWATI', '', '0000-00-00', 'Laki - Laki', 'Islam', 0, '', '', 'fb_img_1483844593417', 0, '', 0, '', 0, '', '', '', '', '', '', '', '', '', '', '', '', ''),
(901, 2973, '', 10, 3, '', 'RANIK ROMANTIS', '', '0000-00-00', 'Laki - Laki', 'Islam', 0, '', '', 'fb_img_1483844593417', 0, '', 0, '', 0, '', '', '', '', '', '', '', '', '', '', '', '', ''),
(902, 2981, '', 10, 3, '', 'REZA MAHAPUTRA', '', '0000-00-00', 'Laki - Laki', 'Islam', 0, '', '', 'fb_img_1483844593417', 0, '', 0, '', 0, '', '', '', '', '', '', '', '', '', '', '', '', ''),
(903, 3005, '', 10, 3, '', 'RIYA SUSANTI', '', '0000-00-00', 'Laki - Laki', 'Islam', 0, '', '', 'fb_img_1483844593417', 0, '', 0, '', 0, '', '', '', '', '', '', '', '', '', '', '', '', ''),
(904, 3019, '', 10, 3, '', 'ROSI FEBRIYASMIATI', '', '0000-00-00', 'Laki - Laki', 'Islam', 0, '', '', 'fb_img_1483844593417', 0, '', 0, '', 0, '', '', '', '', '', '', '', '', '', '', '', '', ''),
(905, 3024, '', 10, 3, '', 'RYISA REFRIANI', '', '0000-00-00', 'Laki - Laki', 'Islam', 0, '', '', '1.jpg', 0, '', 0, '', 0, '', '', '', '', '', '', '', '', '', '', '', '', ''),
(906, 3043, '', 10, 3, '', 'SISKA OKRIYENTI', '', '0000-00-00', 'Laki - Laki', 'Islam', 0, '', '', '11.jpg', 0, '', 0, '', 0, '', '', '', '', '', '', '', '', '', '', '', '', ''),
(907, 3044, '', 10, 3, '', 'SYLVIA MARCYLINA', '', '0000-00-00', 'Laki - Laki', 'Islam', 0, '', '', '12.jpg', 0, '', 0, '', 0, '', '', '', '', '', '', '', '', '', '', '', '', ''),
(908, 3066, '', 10, 3, '', 'TIARA NOVITA SARI', '', '0000-00-00', 'Laki - Laki', 'Islam', 0, '', '', '13.jpg', 0, '', 0, '', 0, '', '', '', '', '', '', '', '', '', '', '', '', ''),
(909, 3106, '', 10, 3, '', 'ZETKI HAMZAH', '', '0000-00-00', 'Laki - Laki', 'Islam', 0, '', '', '14.jpg', 0, '', 0, '', 0, '', '', '', '', '', '', '', '', '', '', '', '', ''),
(960, 3058, '', 1, 1, '', 'SYIS MUHAMMAD ZEIN', '', '0000-00-00', 'Laki - Laki', 'Islam', 0, '', '', '155.jpg', 0, '', 0, '', 0, '', '', '', '', '', '', '', '', '', '', '', '', ''),
(961, 3033, '', 1, 1, '', 'SELVIA', '', '0000-00-00', 'Perempuan', 'Islam', 0, '', '', 'aaaaa44.jpg', 0, '', 0, '', 0, '', '', '', '', '', '', '', '', '', '', '', '', ''),
(962, 3629, '', 45, 3, '', 'AFDHAL', '', '0000-00-00', 'Laki - Laki', 'Islam', 0, '', '', '157.jpg', 0, '', 0, '', 0, '', '', '', '', '', '', '', '', '', '', '', '', ''),
(963, 3655, '', 45, 3, '', 'ALI BASAR', '', '0000-00-00', 'Laki - Laki', 'Islam', 0, '', '', '158.jpg', 0, '', 0, '', 0, '', '', '', '', '', '', '', '', '', '', '', '', ''),
(964, 3667, '', 45, 3, '', 'ANIRA PUTRI JELITA', '', '0000-00-00', 'Laki - Laki', 'Islam', 0, '', '', '159.jpg', 0, '', 0, '', 0, '', '', '', '', '', '', '', '', '', '', '', '', ''),
(965, 3675, '', 45, 3, '', 'ARI PUTRA SYAFRIANTO', '', '0000-00-00', 'Laki - Laki', 'Islam', 0, '', '', '160.jpg', 0, '', 0, '', 0, '', '', '', '', '', '', '', '', '', '', '', '', ''),
(966, 3685, '', 45, 3, '', 'ASMAINI', '', '0000-00-00', 'Laki - Laki', 'Islam', 0, '', '', '161.jpg', 0, '', 0, '', 0, '', '', '', '', '', '', '', '', '', '', '', '', ''),
(967, 3709, '', 45, 3, '', 'DEFI DARNI YANTI', '', '0000-00-00', 'Laki - Laki', 'Islam', 0, '', '', '162.jpg', 0, '', 0, '', 0, '', '', '', '', '', '', '', '', '', '', '', '', ''),
(968, 3717, '', 45, 3, '', 'DEWI SAGITA', '', '0000-00-00', 'Laki - Laki', 'Islam', 0, '', '', '163.jpg', 0, '', 0, '', 0, '', '', '', '', '', '', '', '', '', '', '', '', ''),
(969, 3729, '', 45, 3, '', 'ENJELA ADELIA SARI', '', '0000-00-00', 'Laki - Laki', 'Islam', 0, '', '', '164.jpg', 0, '', 0, '', 0, '', '', '', '', '', '', '', '', '', '', '', '', ''),
(970, 3732, '', 45, 3, '', 'ERLINA', '', '0000-00-00', 'Laki - Laki', 'Islam', 0, '', '', '165.jpg', 0, '', 0, '', 0, '', '', '', '', '', '', '', '', '', '', '', '', ''),
(971, 3746, '', 45, 3, '', 'FAUZIAH LAILA AZMI', '', '0000-00-00', 'Laki - Laki', 'Islam', 0, '', '', '166.jpg', 0, '', 0, '', 0, '', '', '', '', '', '', '', '', '', '', '', '', ''),
(972, 3760, '', 45, 3, '', 'GUSNAMITA', '', '0000-00-00', 'Laki - Laki', 'Islam', 0, '', '', '167.jpg', 0, '', 0, '', 0, '', '', '', '', '', '', '', '', '', '', '', '', ''),
(973, 3771, '', 45, 3, '', 'HENDRIAN SYAHRIAL', '', '0000-00-00', 'Laki - Laki', 'Islam', 0, '', '', '168.jpg', 0, '', 0, '', 0, '', '', '', '', '', '', '', '', '', '', '', '', ''),
(974, 3799, '', 45, 3, '', 'ISPUR WANDI', '', '0000-00-00', 'Laki - Laki', 'Islam', 0, '', '', '169.jpg', 0, '', 0, '', 0, '', '', '', '', '', '', '', '', '', '', '', '', ''),
(975, 3800, '', 45, 3, '', 'ISRAMI OKTAFIA', '', '0000-00-00', 'Laki - Laki', 'Islam', 0, '', '', '170.jpg', 0, '', 0, '', 0, '', '', '', '', '', '', '', '', '', '', '', '', ''),
(976, 3805, '', 45, 3, '', 'JORDI TRI AUDHIKA', '', '0000-00-00', 'Laki - Laki', 'Islam', 0, '', '', '171.jpg', 0, '', 0, '', 0, '', '', '', '', '', '', '', '', '', '', '', '', ''),
(977, 3815, '', 45, 3, '', 'LIDIA YUNITA', '', '0000-00-00', 'Laki - Laki', 'Islam', 0, '', '', '172.jpg', 0, '', 0, '', 0, '', '', '', '', '', '', '', '', '', '', '', '', ''),
(978, 3821, '', 45, 3, '', 'LIVIA SELVIANI', '', '0000-00-00', 'Laki - Laki', 'Islam', 0, '', '', '173.jpg', 0, '', 0, '', 0, '', '', '', '', '', '', '', '', '', '', '', '', ''),
(979, 3834, '', 45, 3, '', 'MAYNI DIRA PUSPITASARI', '', '0000-00-00', 'Laki - Laki', 'Islam', 0, '', '', '174.jpg', 0, '', 0, '', 0, '', '', '', '', '', '', '', '', '', '', '', '', ''),
(980, 3838, '', 45, 3, '', 'MERI MARDIANI', '', '0000-00-00', 'Laki - Laki', 'Islam', 0, '', '', '175.jpg', 0, '', 0, '', 0, '', '', '', '', '', '', '', '', '', '', '', '', ''),
(981, 3866, '', 45, 3, '', 'NADIA NOVITA MELINDA', '', '0000-00-00', 'Laki - Laki', 'Islam', 0, '', '', '176.jpg', 0, '', 0, '', 0, '', '', '', '', '', '', '', '', '', '', '', '', ''),
(982, 3879, '', 45, 3, '', 'NOLA SARTIKA', '', '0000-00-00', 'Laki - Laki', 'Islam', 0, '', '', '177.jpg', 0, '', 0, '', 0, '', '', '', '', '', '', '', '', '', '', '', '', ''),
(983, 3889, '', 45, 3, '', 'NURUL FILAQ ANAFI', '', '0000-00-00', 'Laki - Laki', 'Islam', 0, '', '', '178.jpg', 0, '', 0, '', 0, '', '', '', '', '', '', '', '', '', '', '', '', ''),
(984, 3893, '', 45, 3, '', 'PIRMANSYAH', '', '0000-00-00', 'Laki - Laki', 'Islam', 0, '', '', '179.jpg', 0, '', 0, '', 0, '', '', '', '', '', '', '', '', '', '', '', '', ''),
(985, 3925, '', 45, 3, '', 'RENDI PRATAMA', '', '0000-00-00', 'Laki - Laki', 'Islam', 0, '', '', '180.jpg', 0, '', 0, '', 0, '', '', '', '', '', '', '', '', '', '', '', '', ''),
(986, 3929, '', 45, 3, '', 'RENI GUSNITA SARI', '', '0000-00-00', 'Laki - Laki', 'Islam', 0, '', '', '181.jpg', 0, '', 0, '', 0, '', '', '', '', '', '', '', '', '', '', '', '', ''),
(987, 3943, '', 45, 3, '', 'RIKE TRIANA PUTRI', '', '0000-00-00', 'Laki - Laki', 'Islam', 0, '', '', '182.jpg', 0, '', 0, '', 0, '', '', '', '', '', '', '', '', '', '', '', '', ''),
(988, 3972, '', 45, 3, '', 'SALAMA TUNIL KHAIRA', '', '0000-00-00', 'Laki - Laki', 'Islam', 0, '', '', '183.jpg', 0, '', 0, '', 0, '', '', '', '', '', '', '', '', '', '', '', '', ''),
(989, 3978, '', 45, 3, '', 'SAPARDI', '', '0000-00-00', 'Laki - Laki', 'Islam', 0, '', '', '184.jpg', 0, '', 0, '', 0, '', '', '', '', '', '', '', '', '', '', '', '', ''),
(990, 3983, '', 45, 3, '', 'SELVIA MAI ADINAR', '', '0000-00-00', 'Laki - Laki', 'Islam', 0, '', '', '185.jpg', 0, '', 0, '', 0, '', '', '', '', '', '', '', '', '', '', '', '', ''),
(991, 3991, '', 45, 3, '', 'SILVINA KENEDI PUTRI', '', '0000-00-00', 'Laki - Laki', 'Islam', 0, '', '', '186.jpg', 0, '', 0, '', 0, '', '', '', '', '', '', '', '', '', '', '', '', ''),
(992, 40001, '', 5, 2, '', 'ANANDA PRYAYULIS', '', '0000-00-00', 'Laki - Laki', 'Islam', 0, '', '', '187.jpg', 0, '', 0, '', 0, '', '', '', '', '', '', '', '', '', '', '', '', ''),
(993, 40002, '', 5, 2, '', 'ENI KARLINA', '', '0000-00-00', 'Perempuan', 'Islam', 0, '', '', 'aaaaa56.jpg', 0, '', 0, '', 0, '', '', '', '', '', '', '', '', '', '', '', '', ''),
(994, 40003, '', 8, 3, '', 'AMELIA DWIPI POOJA   N', '', '0000-00-00', 'Laki - Laki', 'Islam', 0, '', '', '189.jpg', 0, '', 0, '', 0, '', '', '', '', '', '', '', '', '', '', '', '', ''),
(995, 40004, '', 10, 3, '', 'LAISA KASMITA', '', '0000-00-00', 'Laki - Laki', 'Islam', 0, '', '', '190.jpg', 0, '', 0, '', 0, '', '', '', '', '', '', '', '', '', '', '', '', ''),
(998, 40000, '', 3, 1, '', 'YULIA NINGSIH', '', '0000-00-00', 'Perempuan', 'Islam', 0, '', '', 'aaaaa27.jpg', 0, '', 0, '', 0, '', '', '', '', '', '', '', '', '', '', '', '', ''),
(999, 4001, '', 45, 3, '', 'SUCI INDAH CAHYANI', '', '0000-00-00', 'Laki - Laki', 'Islam', 0, '', '', '194.jpg', 0, '', 0, '', 0, '', '', '', '', '', '', '', '', '', '', '', '', ''),
(1000, 4021, '', 45, 3, '', 'TIKA RAHMADANI', '', '0000-00-00', 'Laki - Laki', 'Islam', 0, '', '', '195.jpg', 0, '', 0, '', 0, '', '', '', '', '', '', '', '', '', '', '', '', ''),
(1001, 4029, '', 45, 3, '', 'WELLYA PUTRI', '', '0000-00-00', 'Laki - Laki', 'Islam', 0, '', '', '196.jpg', 0, '', 0, '', 0, '', '', '', '', '', '', '', '', '', '', '', '', ''),
(1002, 4064, '', 45, 3, '', 'WIDIA AULIA PUTRI', '', '0000-00-00', 'Laki - Laki', 'Islam', 0, '', '', '197.jpg', 0, '', 0, '', 0, '', '', '', '', '', '', '', '', '', '', '', '', ''),
(1003, 4038, '', 45, 3, '', 'YESI DINATA', '', '0000-00-00', 'Laki - Laki', 'Islam', 0, '', '', '198.jpg', 0, '', 0, '', 0, '', '', '', '', '', '', '', '', '', '', '', '', ''),
(1004, 4051, '', 45, 3, '', 'YULIA AGUS', '', '0000-00-00', 'Laki - Laki', 'Islam', 0, '', '', '199.jpg', 0, '', 0, '', 0, '', '', '', '', '', '', '', '', '', '', '', '', '');
INSERT INTO `siswa` (`id_siswa`, `nis`, `nisn`, `id_kelas`, `id_jur`, `tgl_masuk`, `nama`, `tempat`, `tanggal`, `jk`, `agama`, `anak_ke`, `status`, `alamat`, `foto`, `umur`, `no_ijazah`, `th_ijazah`, `no_skhu`, `th_skhu`, `asal_sklh`, `alamat_asal_sklh`, `nama_ayah`, `pkj_ayah`, `nama_ibu`, `pkj_ibu`, `alamat_ortu`, `nohp_ortu`, `wali`, `tlp_wali`, `alamat_wali`, `pkj_wali`, `no_hp`) VALUES
(1005, 3633, '', 46, 3, '', 'AHMAD SYARIPUDIN', '', '0000-00-00', 'Laki - Laki', 'Islam', 0, '', '', '2.jpg', 0, '', 0, '', 0, '', '', '', '', '', '', '', '', '', '', '', '', ''),
(1006, 3666, '', 46, 3, '', 'ANGGI SEPNI BUDIANTI', '', '0000-00-00', 'Laki - Laki', 'Islam', 0, '', '', '21.jpg', 0, '', 0, '', 0, '', '', '', '', '', '', '', '', '', '', '', '', ''),
(1007, 3669, '', 46, 3, '', 'ANNISA FITRIA', '', '0000-00-00', 'Laki - Laki', 'Islam', 0, '', '', '22.jpg', 0, '', 0, '', 0, '', '', '', '', '', '', '', '', '', '', '', '', ''),
(1008, 3699, '', 46, 3, '', 'CITRA HELMALIA PUTRI', '', '0000-00-00', 'Laki - Laki', 'Islam', 0, '', '', '23.jpg', 0, '', 0, '', 0, '', '', '', '', '', '', '', '', '', '', '', '', ''),
(1009, 3704, '', 46, 3, '', 'DAVID JONATAN', '', '0000-00-00', 'Laki - Laki', 'Islam', 0, '', '', '24.jpg', 0, '', 0, '', 0, '', '', '', '', '', '', '', '', '', '', '', '', ''),
(1010, 3706, '', 46, 3, '', 'DAVID PUTRA PRATAMA', '', '0000-00-00', 'Laki - Laki', 'Islam', 0, '', '', '25.jpg', 0, '', 0, '', 0, '', '', '', '', '', '', '', '', '', '', '', '', ''),
(1011, 3710, '', 46, 3, '', 'DELLA RAHMI WAHYU', '', '0000-00-00', 'Laki - Laki', 'Islam', 0, '', '', '26.jpg', 0, '', 0, '', 0, '', '', '', '', '', '', '', '', '', '', '', '', ''),
(1012, 3728, '', 46, 3, '', 'ELPA APRIANI', '', '0000-00-00', 'Laki - Laki', 'Islam', 0, '', '', '27.jpg', 0, '', 0, '', 0, '', '', '', '', '', '', '', '', '', '', '', '', ''),
(1013, 3733, '', 46, 3, '', 'ERMITA PUTRI ANDAM SARI', '', '0000-00-00', 'Laki - Laki', 'Islam', 0, '', '', '28.jpg', 0, '', 0, '', 0, '', '', '', '', '', '', '', '', '', '', '', '', ''),
(1014, 3749, '', 46, 3, '', 'FERA YUNITA', '', '0000-00-00', 'Laki - Laki', 'Islam', 0, '', '', '29.jpg', 0, '', 0, '', 0, '', '', '', '', '', '', '', '', '', '', '', '', ''),
(1015, 3772, '', 46, 3, '', 'HERDINI FITRIA NINGSIH', '', '0000-00-00', 'Laki - Laki', 'Islam', 0, '', '', '210.jpg', 0, '', 0, '', 0, '', '', '', '', '', '', '', '', '', '', '', '', ''),
(1016, 3782, '', 46, 3, '', 'ILHAM ZEVRI', '', '0000-00-00', 'Laki - Laki', 'Islam', 0, '', '', '211.jpg', 0, '', 0, '', 0, '', '', '', '', '', '', '', '', '', '', '', '', ''),
(1017, 3811, '', 46, 3, '', 'KHAIRUL HAMZAH', '', '0000-00-00', 'Laki - Laki', 'Islam', 0, '', '', '212.jpg', 0, '', 0, '', 0, '', '', '', '', '', '', '', '', '', '', '', '', ''),
(1018, 3812, '', 46, 3, '', 'LAILATUL KHAIRA', '', '0000-00-00', 'Laki - Laki', 'Islam', 0, '', '', '213.jpg', 0, '', 0, '', 0, '', '', '', '', '', '', '', '', '', '', '', '', ''),
(1019, 3831, '', 46, 3, '', 'MARISA', '', '0000-00-00', 'Laki - Laki', 'Islam', 0, '', '', '214.jpg', 0, '', 0, '', 0, '', '', '', '', '', '', '', '', '', '', '', '', ''),
(1020, 3835, '', 46, 3, '', 'MELIA PUTRI', '', '0000-00-00', 'Laki - Laki', 'Islam', 0, '', '', '215.jpg', 0, '', 0, '', 0, '', '', '', '', '', '', '', '', '', '', '', '', ''),
(1021, 3843, '', 46, 3, '', 'MILA SEPRINA', '', '0000-00-00', 'Laki - Laki', 'Islam', 0, '', '', '216.jpg', 0, '', 0, '', 0, '', '', '', '', '', '', '', '', '', '', '', '', ''),
(1022, 3868, '', 46, 3, '', 'NADILA SYAFIRA', '', '0000-00-00', 'Laki - Laki', 'Islam', 0, '', '', '217.jpg', 0, '', 0, '', 0, '', '', '', '', '', '', '', '', '', '', '', '', ''),
(1023, 3880, '', 46, 3, '', 'NOVA DAHLIA', '', '0000-00-00', 'Laki - Laki', 'Islam', 0, '', '', '218.jpg', 0, '', 0, '', 0, '', '', '', '', '', '', '', '', '', '', '', '', ''),
(1024, 3895, '', 46, 3, '', 'PUTRI HANDAYANI', '', '0000-00-00', 'Laki - Laki', 'Islam', 0, '', '', '219.jpg', 0, '', 0, '', 0, '', '', '', '', '', '', '', '', '', '', '', '', ''),
(1025, 3910, '', 46, 3, '', 'RAMADHAN SUKARDI', '', '0000-00-00', 'Laki - Laki', 'Islam', 0, '', '', '220.jpg', 0, '', 0, '', 0, '', '', '', '', '', '', '', '', '', '', '', '', ''),
(1026, 3933, '', 46, 3, '', 'REZA MAHENDRA', '', '0000-00-00', 'Laki - Laki', 'Islam', 0, '', '', '221.jpg', 0, '', 0, '', 0, '', '', '', '', '', '', '', '', '', '', '', '', ''),
(1027, 3934, '', 46, 3, '', 'REZA MERLIN', '', '0000-00-00', 'Laki - Laki', 'Islam', 0, '', '', '222.jpg', 0, '', 0, '', 0, '', '', '', '', '', '', '', '', '', '', '', '', ''),
(1028, 3964, '', 46, 3, '', 'ROSY FIOLETA', '', '0000-00-00', 'Laki - Laki', 'Islam', 0, '', '', '223.jpg', 0, '', 0, '', 0, '', '', '', '', '', '', '', '', '', '', '', '', ''),
(1029, 3975, '', 46, 3, '', 'SALSABILLA ARIFA', '', '0000-00-00', 'Laki - Laki', 'Islam', 0, '', '', '224.jpg', 0, '', 0, '', 0, '', '', '', '', '', '', '', '', '', '', '', '', ''),
(1030, 3984, '', 46, 3, '', 'SEPTIA  RANI ', '', '0000-00-00', 'Laki - Laki', 'Islam', 0, '', '', '225.jpg', 0, '', 0, '', 0, '', '', '', '', '', '', '', '', '', '', '', '', ''),
(1031, 3994, '', 46, 3, '', 'SINTYA', '', '0000-00-00', 'Laki - Laki', 'Islam', 0, '', '', '226.jpg', 0, '', 0, '', 0, '', '', '', '', '', '', '', '', '', '', '', '', ''),
(1032, 4010, '', 46, 3, '', 'SYAWALUDDIN', '', '0000-00-00', 'Laki - Laki', 'Islam', 0, '', '', '227.jpg', 0, '', 0, '', 0, '', '', '', '', '', '', '', '', '', '', '', '', ''),
(1033, 4012, '', 46, 3, '', 'TANIA AGUSTIN WARDHANI', '', '0000-00-00', 'Laki - Laki', 'Islam', 0, '', '', '228.jpg', 0, '', 0, '', 0, '', '', '', '', '', '', '', '', '', '', '', '', ''),
(1034, 4014, '', 46, 3, '', 'TAUFIK HIDAYAT', '', '0000-00-00', 'Laki - Laki', 'Islam', 0, '', '', '229.jpg', 0, '', 0, '', 0, '', '', '', '', '', '', '', '', '', '', '', '', ''),
(1035, 4018, '', 46, 3, '', 'TESI MARDIATI', '', '0000-00-00', 'Laki - Laki', 'Islam', 0, '', '', '230.jpg', 0, '', 0, '', 0, '', '', '', '', '', '', '', '', '', '', '', '', ''),
(1036, 4022, '', 46, 3, '', 'TILLA MARIA EVA', '', '0000-00-00', 'Laki - Laki', 'Islam', 0, '', '', '231.jpg', 0, '', 0, '', 0, '', '', '', '', '', '', '', '', '', '', '', '', ''),
(1037, 4030, '', 46, 3, '', 'WIDYA ROSPITA', '', '0000-00-00', 'Laki - Laki', 'Islam', 0, '', '', '232.jpg', 0, '', 0, '', 0, '', '', '', '', '', '', '', '', '', '', '', '', ''),
(1038, 4044, '', 46, 3, '', 'YOLANDA', '', '0000-00-00', 'Laki - Laki', 'Islam', 0, '', '', '233.jpg', 0, '', 0, '', 0, '', '', '', '', '', '', '', '', '', '', '', '', ''),
(1039, 4062, '', 46, 3, '', 'ZULKIFLI', '', '0000-00-00', 'Laki - Laki', 'Islam', 0, '', '', '234.jpg', 0, '', 0, '', 0, '', '', '', '', '', '', '', '', '', '', '', '', ''),
(1040, 3652, '', 47, 3, '', 'ALFIRMANSYAH', '', '0000-00-00', 'Laki - Laki', 'Islam', 0, '', '', '235.jpg', 0, '', 0, '', 0, '', '', '', '', '', '', '', '', '', '', '', '', ''),
(1041, 3654, '', 47, 3, '', 'ALI AKBAR', '', '0000-00-00', 'Laki - Laki', 'Islam', 0, '', '', '236.jpg', 0, '', 0, '', 0, '', '', '', '', '', '', '', '', '', '', '', '', ''),
(1042, 3668, '', 47, 3, '', 'ANISA AL SANAH', '', '0000-00-00', 'Perempuan', 'Islam', 0, '', '', '270.jpg', 0, '', 0, '', 0, '', '', '', '', '', '', '', '', '', '', '', '', ''),
(1043, 3679, '', 47, 3, '', 'ARMENDA SAFITRI', '', '0000-00-00', 'Laki - Laki', 'Islam', 0, '', '', '238.jpg', 0, '', 0, '', 0, '', '', '', '', '', '', '', '', '', '', '', '', ''),
(1044, 3708, '', 47, 3, '', 'DEDEK', '', '0000-00-00', 'Laki - Laki', 'Islam', 0, '', '', '239.jpg', 0, '', 0, '', 0, '', '', '', '', '', '', '', '', '', '', '', '', ''),
(1045, 3711, '', 47, 3, '', 'DENA FITRIA NURIZA', '', '0000-00-00', 'Laki - Laki', 'Islam', 0, '', '', '240.jpg', 0, '', 0, '', 0, '', '', '', '', '', '', '', '', '', '', '', '', ''),
(1046, 3730, '', 47, 3, '', 'EPITA NOVA DEA', '', '0000-00-00', 'Laki - Laki', 'Islam', 0, '', '', '241.jpg', 0, '', 0, '', 0, '', '', '', '', '', '', '', '', '', '', '', '', ''),
(1047, 3734, '', 47, 3, '', 'EZZIKA APRINA ZORA', '', '0000-00-00', 'Laki - Laki', 'Islam', 0, '', '', '242.jpg', 0, '', 0, '', 0, '', '', '', '', '', '', '', '', '', '', '', '', ''),
(1048, 3750, '', 47, 3, '', 'FERDI TRIANDI', '', '0000-00-00', 'Laki - Laki', 'Islam', 0, '', '', '243.jpg', 0, '', 0, '', 0, '', '', '', '', '', '', '', '', '', '', '', '', ''),
(1049, 3754, '', 47, 3, '', 'FIGO WILKAM RASIM', '', '0000-00-00', 'Laki - Laki', 'Islam', 0, '', '', '244.jpg', 0, '', 0, '', 0, '', '', '', '', '', '', '', '', '', '', '', '', ''),
(1050, 3758, '', 47, 3, '', 'GUSMITA', '', '0000-00-00', 'Laki - Laki', 'Islam', 0, '', '', '245.jpg', 0, '', 0, '', 0, '', '', '', '', '', '', '', '', '', '', '', '', ''),
(1051, 3792, '', 47, 3, '', 'INTAN PERMATA SUKMA', '', '0000-00-00', 'Laki - Laki', 'Islam', 0, '', '', '246.jpg', 0, '', 0, '', 0, '', '', '', '', '', '', '', '', '', '', '', '', ''),
(1052, 3797, '', 47, 3, '', 'IRWANDI', '', '0000-00-00', 'Laki - Laki', 'Islam', 0, '', '', '247.jpg', 0, '', 0, '', 0, '', '', '', '', '', '', '', '', '', '', '', '', ''),
(1053, 3813, '', 47, 3, '', 'LAILATUL MUDYA', '', '0000-00-00', 'Laki - Laki', 'Islam', 0, '', '', '248.jpg', 0, '', 0, '', 0, '', '', '', '', '', '', '', '', '', '', '', '', ''),
(1054, 3832, '', 47, 3, '', 'MARTYWEL ICHWATUL', '', '0000-00-00', 'Laki - Laki', 'Islam', 0, '', '', '249.jpg', 0, '', 0, '', 0, '', '', '', '', '', '', '', '', '', '', '', '', ''),
(1055, 3837, '', 47, 3, '', 'MERI ANDANI', '', '0000-00-00', 'Laki - Laki', 'Islam', 0, '', '', '250.jpg', 0, '', 0, '', 0, '', '', '', '', '', '', '', '', '', '', '', '', ''),
(1056, 3844, '', 47, 3, '', 'MITA MARFINA', '', '0000-00-00', 'Laki - Laki', 'Islam', 0, '', '', '251.jpg', 0, '', 0, '', 0, '', '', '', '', '', '', '', '', '', '', '', '', ''),
(1057, 3867, '', 47, 3, '', 'NADILA SITI FATIMAH', '', '0000-00-00', 'Laki - Laki', 'Islam', 0, '', '', '252.jpg', 0, '', 0, '', 0, '', '', '', '', '', '', '', '', '', '', '', '', ''),
(1058, 3870, '', 47, 3, '', 'NASRIANTONI FAJRI', '', '0000-00-00', 'Laki - Laki', 'Islam', 0, '', '', '253.jpg', 0, '', 0, '', 0, '', '', '', '', '', '', '', '', '', '', '', '', ''),
(1059, 3871, '', 47, 3, '', 'NENA ASRI ILHAMI', '', '0000-00-00', 'Laki - Laki', 'Islam', 0, '', '', '254.jpg', 0, '', 0, '', 0, '', '', '', '', '', '', '', '', '', '', '', '', ''),
(1060, 3877, '', 47, 3, '', 'NOFRIYALDI', '', '0000-00-00', 'Laki - Laki', 'Islam', 0, '', '', '255.jpg', 0, '', 0, '', 0, '', '', '', '', '', '', '', '', '', '', '', '', ''),
(1061, 3885, '', 47, 3, '', 'NUR AZIZAH', '', '0000-00-00', 'Laki - Laki', 'Islam', 0, '', '', '256.jpg', 0, '', 0, '', 0, '', '', '', '', '', '', '', '', '', '', '', '', ''),
(1062, 3897, '', 47, 3, '', 'PUTRI RANI', '', '0000-00-00', 'Laki - Laki', 'Islam', 0, '', '', '257.jpg', 0, '', 0, '', 0, '', '', '', '', '', '', '', '', '', '', '', '', ''),
(1063, 3917, '', 47, 3, '', 'RAUL GONZALES', '', '0000-00-00', 'Laki - Laki', 'Islam', 0, '', '', '258.jpg', 0, '', 0, '', 0, '', '', '', '', '', '', '', '', '', '', '', '', ''),
(1064, 3941, '', 47, 3, '', 'RIFIA NINGSIH', '', '0000-00-00', 'Laki - Laki', 'Islam', 0, '', '', '259.jpg', 0, '', 0, '', 0, '', '', '', '', '', '', '', '', '', '', '', '', ''),
(1065, 3965, '', 47, 3, '', 'ROZA PUTRI', '', '0000-00-00', 'Laki - Laki', 'Islam', 0, '', '', '260.jpg', 0, '', 0, '', 0, '', '', '', '', '', '', '', '', '', '', '', '', ''),
(1066, 3970, '', 47, 3, '', 'SADTRIZAL PUTRA', '', '0000-00-00', 'Laki - Laki', 'Islam', 0, '', '', '261.jpg', 0, '', 0, '', 0, '', '', '', '', '', '', '', '', '', '', '', '', ''),
(1067, 3977, '', 47, 3, '', 'SANDRA OKTAVIANI', '', '0000-00-00', 'Laki - Laki', 'Islam', 0, '', '', '262.jpg', 0, '', 0, '', 0, '', '', '', '', '', '', '', '', '', '', '', '', ''),
(1068, 3990, '', 47, 3, '', 'SILVIANO SURYANAS PUTRI', '', '0000-00-00', 'Laki - Laki', 'Islam', 0, '', '', '263.jpg', 0, '', 0, '', 0, '', '', '', '', '', '', '', '', '', '', '', '', ''),
(1069, 3999, '', 47, 3, '', 'SONYA PUTRI MURNITA', '', '0000-00-00', 'Laki - Laki', 'Islam', 0, '', '', '264.jpg', 0, '', 0, '', 0, '', '', '', '', '', '', '', '', '', '', '', '', ''),
(1070, 4013, '', 47, 3, '', 'TARISSA SALASABILLA', '', '0000-00-00', 'Laki - Laki', 'Islam', 0, '', '', '265.jpg', 0, '', 0, '', 0, '', '', '', '', '', '', '', '', '', '', '', '', ''),
(1071, 4020, '', 47, 3, '', 'TIASYA MAHARANI', '', '0000-00-00', 'Laki - Laki', 'Islam', 0, '', '', '266.jpg', 0, '', 0, '', 0, '', '', '', '', '', '', '', '', '', '', '', '', ''),
(1072, 4025, '', 47, 3, '', 'ULFA UTARI', '', '0000-00-00', 'Laki - Laki', 'Islam', 0, '', '', '267.jpg', 0, '', 0, '', 0, '', '', '', '', '', '', '', '', '', '', '', '', ''),
(1073, 4031, '', 47, 3, '', 'WILDA SILVIA', '', '0000-00-00', 'Laki - Laki', 'Islam', 0, '', '', '268.jpg', 0, '', 0, '', 0, '', '', '', '', '', '', '', '', '', '', '', '', ''),
(1074, 4050, '', 47, 3, '', 'YULI SUSANTI', '', '0000-00-00', 'Laki - Laki', 'Islam', 0, '', '', '269.jpg', 0, '', 0, '', 0, '', '', '', '', '', '', '', '', '', '', '', '', ''),
(1075, 3715, '', 40, 2, '', 'DERY ARMANDAY', '', '0000-00-00', 'Laki - Laki', 'Islam', 0, '', '', 'stg54.jpg', 0, '', 0, '', 0, '', '', '', '', '', '', '', '', '', '', '', '', ''),
(1076, 3718, '', 40, 2, '', 'DIANA YUNITA PUTRI', '', '0000-00-00', 'Perempuan', 'Islam', 0, '', '', 'stg55.jpg', 0, '', 0, '', 0, '', '', '', '', '', '', '', '', '', '', '', '', ''),
(1077, 3756, '', 40, 2, '', 'FRISKI PRIYADI', '', '0000-00-00', 'Laki - Laki', 'Islam', 0, '', '', 'stg56.jpg', 0, '', 0, '', 0, '', '', '', '', '', '', '', '', '', '', '', '', ''),
(1078, 3727, '', 40, 2, '', 'ELFITRI YUNITA', '', '0000-00-00', 'Perempuan', 'Islam', 0, '', '', 'stg57.jpg', 0, '', 0, '', 0, '', '', '', '', '', '', '', '', '', '', '', '', ''),
(1079, 3763, '', 40, 2, '', 'HABI BATUNIN NURA', '', '0000-00-00', 'Perempuan', 'Islam', 0, '', '', 'stg58.jpg', 0, '', 0, '', 0, '', '', '', '', '', '', '', '', '', '', '', '', ''),
(1080, 3774, '', 40, 2, '', 'HIDAYAT MUNANDAR', '', '0000-00-00', 'Laki - Laki', 'Islam', 0, '', '', 'stg59.jpg', 0, '', 0, '', 0, '', '', '', '', '', '', '', '', '', '', '', '', ''),
(1081, 3781, '', 40, 2, '', 'ILHAM HIDAYAT', '', '0000-00-00', 'Laki - Laki', 'Islam', 0, '', '', 'stg60.jpg', 0, '', 0, '', 0, '', '', '', '', '', '', '', '', '', '', '', '', ''),
(1082, 3785, '', 40, 2, '', 'INDAH PUTRI DELI MARLINA', '', '0000-00-00', 'Perempuan', 'Islam', 0, '', '', 'stg61.jpg', 0, '', 0, '', 0, '', '', '', '', '', '', '', '', '', '', '', '', ''),
(1083, 3789, '', 40, 2, '', 'INDRA SAPUTRA', '', '0000-00-00', 'Laki - Laki', 'Islam', 0, '', '', 'stg62.jpg', 0, '', 0, '', 0, '', '', '', '', '', '', '', '', '', '', '', '', ''),
(1086, 3836, '', 40, 2, '', 'MELKY FADLI', '', '0000-00-00', 'Laki - Laki', 'Islam', 0, '', '', 'stg65.jpg', 0, '', 0, '', 0, '', '', '', '', '', '', '', '', '', '', '', '', ''),
(1087, 3859, '', 40, 2, '', 'MUHAMMAD RAHUL', '', '0000-00-00', 'Laki - Laki', 'Islam', 0, '', '', 'stg66.jpg', 0, '', 0, '', 0, '', '', '', '', '', '', '', '', '', '', '', '', ''),
(1088, 3869, '', 40, 2, '', 'NAILIS DAWATI', '', '0000-00-00', 'Laki - Laki', 'Islam', 0, '', '', 'stg67.jpg', 0, '', 0, '', 0, '', '', '', '', '', '', '', '', '', '', '', '', ''),
(1089, 3886, '', 40, 2, '', 'NUR SALMI', '', '0000-00-00', 'Perempuan', 'Islam', 0, '', '', 'stg68.jpg', 0, '', 0, '', 0, '', '', '', '', '', '', '', '', '', '', '', '', ''),
(1090, 3900, '', 40, 2, '', 'PUTRY OKTAVIA', '', '0000-00-00', 'Perempuan', 'Islam', 0, '', '', 'stg69.jpg', 0, '', 0, '', 0, '', '', '', '', '', '', '', '', '', '', '', '', ''),
(1091, 3907, '', 40, 2, '', 'RAIHAN EKA PUTRA', '', '0000-00-00', 'Laki - Laki', 'Islam', 0, '', '', 'stg70.jpg', 0, '', 0, '', 0, '', '', '', '', '', '', '', '', '', '', '', '', ''),
(1092, 3924, '', 40, 2, '', 'RENDI NOFRIADI', '', '0000-00-00', 'Laki - Laki', 'Islam', 0, '', '', 'stg71.jpg', 0, '', 0, '', 0, '', '', '', '', '', '', '', '', '', '', '', '', ''),
(1095, 3939, '', 40, 2, '', 'RIDWAN', '', '0000-00-00', 'Laki - Laki', 'Islam', 0, '', '', 'stg74.jpg', 0, '', 0, '', 0, '', '', '', '', '', '', '', '', '', '', '', '', ''),
(1097, 3966, '', 40, 2, '', 'RUDI ALIF SAPUTRA', '', '0000-00-00', 'Laki - Laki', 'Islam', 0, '', '', 'stg76.jpg', 0, '', 0, '', 0, '', '', '', '', '', '', '', '', '', '', '', '', ''),
(1098, 3968, '', 40, 2, '', 'SABRI FADDILLAH', '', '0000-00-00', 'Laki - Laki', 'Islam', 0, '', '', 'stg77.jpg', 0, '', 0, '', 0, '', '', '', '', '', '', '', '', '', '', '', '', ''),
(1099, 3980, '', 40, 2, '', 'SARMILAWATI', '', '0000-00-00', 'Perempuan', 'Islam', 0, '', '', 'stg78.jpg', 0, '', 0, '', 0, '', '', '', '', '', '', '', '', '', '', '', '', ''),
(1100, 3986, '', 40, 2, '', 'SERLY NADIA PUTRI', '', '0000-00-00', 'Perempuan', 'Islam', 0, '', '', 'stg79.jpg', 0, '', 0, '', 0, '', '', '', '', '', '', '', '', '', '', '', '', ''),
(1103, 4009, '', 40, 2, '', 'SYAIFUL WAHYULIADI', '', '0000-00-00', 'Laki - Laki', 'Islam', 0, '', '', 'stg82.jpg', 0, '', 0, '', 0, '', '', '', '', '', '', '', '', '', '', '', '', ''),
(1104, 4055, '', 40, 2, '', 'YUSRIZAL MAHENDRA', '', '0000-00-00', 'Laki - Laki', 'Islam', 0, '', '', 'stg83.jpg', 0, '', 0, '', 0, '', '', '', '', '', '', '', '', '', '', '', '', ''),
(1105, 4065, '', 40, 2, '', 'RAHMAD KEVIN', '', '0000-00-00', 'Laki - Laki', 'Islam', 0, '', '', 'stg84.jpg', 0, '', 0, '', 0, '', '', '', '', '', '', '', '', '', '', '', '', ''),
(1106, 3631, '', 39, 2, '', 'AHMAD DHANI', '', '0000-00-00', 'Laki - Laki', 'Islam', 0, '', '', 'stg85.jpg', 0, '', 0, '', 0, '', '', '', '', '', '', '', '', '', '', '', '', ''),
(1107, 3646, '', 39, 2, '', 'ALDO', '', '0000-00-00', 'Laki - Laki', 'Islam', 0, '', '', 'stg86.jpg', 0, '', 0, '', 0, '', '', '', '', '', '', '', '', '', '', '', '', ''),
(1108, 3651, '', 39, 2, '', 'ALFINAS', '', '0000-00-00', 'Laki - Laki', 'Islam', 0, '', '', 'stg87.jpg', 0, '', 0, '', 0, '', '', '', '', '', '', '', '', '', '', '', '', ''),
(1109, 3671, '', 39, 2, '', 'AQSHA WILLYA', '', '0000-00-00', 'Perempuan', 'Islam', 0, '', '', 'stg88.jpg', 0, '', 0, '', 0, '', '', '', '', '', '', '', '', '', '', '', '', ''),
(1110, 3678, '', 39, 2, '', 'ARKAN FERNANDA', '', '0000-00-00', 'Laki - Laki', 'Islam', 0, '', '', 'stg89.jpg', 0, '', 0, '', 0, '', '', '', '', '', '', '', '', '', '', '', '', ''),
(1111, 3683, '', 39, 2, '', 'ARYA GEMILANG', '', '0000-00-00', 'Laki - Laki', 'Islam', 0, '', '', 'stg90.jpg', 0, '', 0, '', 0, '', '', '', '', '', '', '', '', '', '', '', '', ''),
(1112, 3688, '', 39, 2, '', 'AYU ANITA', '', '0000-00-00', 'Perempuan', 'Islam', 0, '', '', 'stg91.jpg', 0, '', 0, '', 0, '', '', '', '', '', '', '', '', '', '', '', '', ''),
(1113, 3693, '', 39, 2, '', 'BINTANG RAMA PUTRA', '', '0000-00-00', 'Laki - Laki', 'Islam', 0, '', '', 'stg92.jpg', 0, '', 0, '', 0, '', '', '', '', '', '', '', '', '', '', '', '', ''),
(1114, 3703, '', 39, 2, '', 'DAVID GEOVANI', '', '0000-00-00', 'Laki - Laki', 'Islam', 0, '', '', 'stg93.jpg', 0, '', 0, '', 0, '', '', '', '', '', '', '', '', '', '', '', '', ''),
(1115, 3721, '', 39, 2, '', 'DION ANGGARA PUTRA', '', '0000-00-00', 'Laki - Laki', 'Islam', 0, '', '', 'stg94.jpg', 0, '', 0, '', 0, '', '', '', '', '', '', '', '', '', '', '', '', ''),
(1116, 3741, '', 39, 2, '', 'FANI ANDRIATI', '', '0000-00-00', 'Perempuan', 'Islam', 0, '', '', 'stg95.jpg', 0, '', 0, '', 0, '', '', '', '', '', '', '', '', '', '', '', '', ''),
(1117, 3752, '', 39, 2, '', 'FIANA NOFA RATNA', '', '0000-00-00', 'Perempuan', 'Islam', 0, '', '', 'stg96.jpg', 0, '', 0, '', 0, '', '', '', '', '', '', '', '', '', '', '', '', ''),
(1118, 3762, '', 39, 2, '', 'GUSTIRANDA ANDIKA', '', '0000-00-00', 'Laki - Laki', 'Islam', 0, '', '', 'stg97.jpg', 0, '', 0, '', 0, '', '', '', '', '', '', '', '', '', '', '', '', ''),
(1119, 3776, '', 39, 2, '', 'IKHSANUL ARIF', '', '0000-00-00', 'Laki - Laki', 'Islam', 0, '', '', 'stg98.jpg', 0, '', 0, '', 0, '', '', '', '', '', '', '', '', '', '', '', '', ''),
(1120, 3804, '', 39, 2, '', 'JOEJU FADHILLAH', '', '0000-00-00', 'Perempuan', 'Islam', 0, '', '', 'stg99.jpg', 0, '', 0, '', 0, '', '', '', '', '', '', '', '', '', '', '', '', ''),
(1121, 3814, '', 39, 2, '', 'LASTRI ILAHI', '', '0000-00-00', 'Perempuan', 'Islam', 0, '', '', '1s.jpg', 0, '', 0, '', 0, '', '', '', '', '', '', '', '', '', '', '', '', ''),
(1122, 3822, '', 39, 2, '', 'LUTHFI ALFANSYAH', '', '0000-00-00', 'Laki - Laki', 'Islam', 0, '', '', '1s1.jpg', 0, '', 0, '', 0, '', '', '', '', '', '', '', '', '', '', '', '', ''),
(1123, 3827, '', 39, 2, '', 'M.DINUL AKBAR', '', '0000-00-00', 'Laki - Laki', 'Islam', 0, '', '', '1s2.jpg', 0, '', 0, '', 0, '', '', '', '', '', '', '', '', '', '', '', '', ''),
(1124, 3839, '', 39, 2, '', 'MERSI FADILLAH', '', '0000-00-00', 'Perempuan', 'Islam', 0, '', '', '1s3.jpg', 0, '', 0, '', 0, '', '', '', '', '', '', '', '', '', '', '', '', ''),
(1125, 3850, '', 39, 2, '', 'MUHAMAD SYAHRUL MAYNAKI', '', '0000-00-00', 'Laki - Laki', 'Islam', 0, '', '', '1s4.jpg', 0, '', 0, '', 0, '', '', '', '', '', '', '', '', '', '', '', '', ''),
(1126, 3873, '', 39, 2, '', 'NESA OKTAVIONA', '', '0000-00-00', 'Perempuan', 'Islam', 0, '', '', '1s5.jpg', 0, '', 0, '', 0, '', '', '', '', '', '', '', '', '', '', '', '', ''),
(1127, 3904, '', 39, 2, '', 'RAHMAT HIDAYAT', '', '0000-00-00', 'Laki - Laki', 'Islam', 0, '', '', '1s6.jpg', 0, '', 0, '', 0, '', '', '', '', '', '', '', '', '', '', '', '', ''),
(1128, 3906, '', 39, 2, '', 'RAHMAWITA GETARI', '', '0000-00-00', 'Perempuan', 'Islam', 0, '', '', '1s7.jpg', 0, '', 0, '', 0, '', '', '', '', '', '', '', '', '', '', '', '', ''),
(1129, 3908, '', 39, 2, '', 'RAJHADIATULLAH SARRAMI', '', '0000-00-00', 'Laki - Laki', 'Islam', 0, '', '', '1s8.jpg', 0, '', 0, '', 0, '', '', '', '', '', '', '', '', '', '', '', '', ''),
(1130, 3935, '', 39, 2, '', 'REZA VIORA REIDITI', '', '0000-00-00', 'Perempuan', 'Islam', 0, '', '', '1s9.jpg', 0, '', 0, '', 0, '', '', '', '', '', '', '', '', '', '', '', '', ''),
(1131, 3940, '', 39, 2, '', 'RIFATUL AULIA', '', '0000-00-00', 'Perempuan', 'Islam', 0, '', '', '1s10.jpg', 0, '', 0, '', 0, '', '', '', '', '', '', '', '', '', '', '', '', ''),
(1132, 3956, '', 39, 2, '', 'RIZKY ALVI', '', '0000-00-00', 'Laki - Laki', 'Islam', 0, '', '', '1s11.jpg', 0, '', 0, '', 0, '', '', '', '', '', '', '', '', '', '', '', '', ''),
(1133, 3962, '', 39, 2, '', 'ROHIT MUHAMAD ABDULAH', '', '0000-00-00', 'Laki - Laki', 'Islam', 0, '', '', '1s12.jpg', 0, '', 0, '', 0, '', '', '', '', '', '', '', '', '', '', '', '', ''),
(1134, 3969, '', 39, 2, '', 'SABRINA MAHARANI', '', '0000-00-00', 'Perempuan', 'Islam', 0, '', '', '1s13.jpg', 0, '', 0, '', 0, '', '', '', '', '', '', '', '', '', '', '', '', ''),
(1135, 3981, '', 39, 2, '', 'SASKIA NOVELINSA TANJUNG', '', '0000-00-00', 'Perempuan', 'Islam', 0, '', '', '1s14.jpg', 0, '', 0, '', 0, '', '', '', '', '', '', '', '', '', '', '', '', ''),
(1136, 3992, '', 39, 2, '', 'SINTHA', '', '0000-00-00', 'Perempuan', 'Islam', 0, '', '', '1s15.jpg', 0, '', 0, '', 0, '', '', '', '', '', '', '', '', '', '', '', '', ''),
(1137, 4004, '', 39, 2, '', 'SUSILAWATI', '', '0000-00-00', 'Perempuan', 'Islam', 0, '', '', '1s16.jpg', 0, '', 0, '', 0, '', '', '', '', '', '', '', '', '', '', '', '', ''),
(1138, 4017, '', 39, 2, '', 'TEDDY FIRMANSYAH', '', '0000-00-00', 'Laki - Laki', 'Islam', 0, '', '', '1s17.jpg', 0, '', 0, '', 0, '', '', '', '', '', '', '', '', '', '', '', '', ''),
(1139, 4019, '', 39, 2, '', 'THIO DARSA PRATAMA', '', '0000-00-00', 'Laki - Laki', 'Islam', 0, '', '', '1s18.jpg', 0, '', 0, '', 0, '', '', '', '', '', '', '', '', '', '', '', '', ''),
(1140, 4039, '', 39, 2, '', 'YOGA ADE SAPUTRA', '', '0000-00-00', 'Laki - Laki', 'Islam', 0, '', '', '1s19.jpg', 0, '', 0, '', 0, '', '', '', '', '', '', '', '', '', '', '', '', ''),
(1141, 3623, '', 48, 5, '', 'ADE RAHMAT CHAN', '', '0000-00-00', 'Laki - Laki', 'Islam', 0, '', '', '1s20.jpg', 0, '', 0, '', 0, '', '', '', '', '', '', '', '', '', '', '', '', ''),
(1143, 3677, '', 48, 5, '', 'ARJUNO ADAM FEATURE RAZH', '', '0000-00-00', 'Laki - Laki', 'Islam', 0, '', '', '1s22.jpg', 0, '', 0, '', 0, '', '', '', '', '', '', '', '', '', '', '', '', ''),
(1144, 3682, '', 48, 5, '', 'ARYA DAFFA WIRAWAN', '', '0000-00-00', 'Laki - Laki', 'Islam', 0, '', '', '1s23.jpg', 0, '', 0, '', 0, '', '', '', '', '', '', '', '', '', '', '', '', ''),
(1145, 3691, '', 48, 5, '', 'BAYU PRASETYO', '', '0000-00-00', 'Laki - Laki', 'Islam', 0, '', '', '1s24.jpg', 0, '', 0, '', 0, '', '', '', '', '', '', '', '', '', '', '', '', ''),
(1146, 3695, '', 48, 5, '', 'CANDRA GIT DELJI', '', '0000-00-00', 'Laki - Laki', 'Islam', 0, '', '', '1s25.jpg', 0, '', 0, '', 0, '', '', '', '', '', '', '', '', '', '', '', '', ''),
(1147, 3743, '', 48, 5, '', 'FAUZAN', '', '0000-00-00', 'Laki - Laki', 'Islam', 0, '', '', '1s26.jpg', 0, '', 0, '', 0, '', '', '', '', '', '', '', '', '', '', '', '', ''),
(1148, 3759, '', 48, 5, '', 'GUSNALDI DINATA', '', '0000-00-00', 'Laki - Laki', 'Islam', 0, '', '', '1s27.jpg', 0, '', 0, '', 0, '', '', '', '', '', '', '', '', '', '', '', '', ''),
(1149, 3767, '', 48, 5, '', 'HARI REZI SAPUTRA', '', '0000-00-00', 'Laki - Laki', 'Islam', 0, '', '', '1s28.jpg', 0, '', 0, '', 0, '', '', '', '', '', '', '', '', '', '', '', '', ''),
(1150, 3779, '', 48, 5, '', 'ILHAM', '', '0000-00-00', 'Laki - Laki', 'Islam', 0, '', '', '1s29.jpg', 0, '', 0, '', 0, '', '', '', '', '', '', '', '', '', '', '', '', ''),
(1151, 3794, '', 48, 5, '', 'IRFANDI SAPUTRA', '', '0000-00-00', 'Laki - Laki', 'Islam', 0, '', '', '1s30.jpg', 0, '', 0, '', 0, '', '', '', '', '', '', '', '', '', '', '', '', ''),
(1152, 3798, '', 48, 5, '', 'IRWANTO', '', '0000-00-00', 'Laki - Laki', 'Islam', 0, '', '', '1s31.jpg', 0, '', 0, '', 0, '', '', '', '', '', '', '', '', '', '', '', '', ''),
(1153, 3357, '', 48, 5, '', 'ISMAIL', '', '0000-00-00', 'Laki - Laki', 'Islam', 0, '', '', '1s32.jpg', 0, '', 0, '', 0, '', '', '', '', '', '', '', '', '', '', '', '', ''),
(1154, 3806, '', 48, 5, '', 'JOSEP PERNANDA', '', '0000-00-00', 'Laki - Laki', 'Islam', 0, '', '', '1s33.jpg', 0, '', 0, '', 0, '', '', '', '', '', '', '', '', '', '', '', '', ''),
(1155, 3809, '', 48, 5, '', 'JURDES ALPIANSAH', '', '0000-00-00', 'Laki - Laki', 'Islam', 0, '', '', '1s34.jpg', 0, '', 0, '', 0, '', '', '', '', '', '', '', '', '', '', '', '', ''),
(1156, 3824, '', 48, 5, '', 'M. ARDIANSYAH', '', '0000-00-00', 'Laki - Laki', 'Islam', 0, '', '', '1s35.jpg', 0, '', 0, '', 0, '', '', '', '', '', '', '', '', '', '', '', '', ''),
(1157, 3826, '', 48, 5, '', 'M. ILHAM', '', '0000-00-00', 'Laki - Laki', 'Islam', 0, '', '', '1s36.jpg', 0, '', 0, '', 0, '', '', '', '', '', '', '', '', '', '', '', '', ''),
(1158, 3828, '', 48, 5, '', 'MAHESA RIAN', '', '0000-00-00', 'Laki - Laki', 'Islam', 0, '', '', '1s37.jpg', 0, '', 0, '', 0, '', '', '', '', '', '', '', '', '', '', '', '', ''),
(1159, 3847, '', 48, 5, '', 'MUHAMAD ALI', '', '0000-00-00', 'Laki - Laki', 'Islam', 0, '', '', '1s38.jpg', 0, '', 0, '', 0, '', '', '', '', '', '', '', '', '', '', '', '', ''),
(1160, 3422, '', 48, 5, '', 'MUHAMMAD  JEFRI', '', '0000-00-00', 'Laki - Laki', 'Islam', 0, '', '', '1s39.jpg', 0, '', 0, '', 0, '', '', '', '', '', '', '', '', '', '', '', '', ''),
(1161, 3855, '', 48, 5, '', 'MUHAMMAD FAJRI', '', '0000-00-00', 'Laki - Laki', 'Islam', 0, '', '', '1s40.jpg', 0, '', 0, '', 0, '', '', '', '', '', '', '', '', '', '', '', '', ''),
(1162, 3860, '', 48, 5, '', 'MUHAMMAD TAUFIK', '', '0000-00-00', 'Laki - Laki', 'Islam', 0, '', '', '1s41.jpg', 0, '', 0, '', 0, '', '', '', '', '', '', '', '', '', '', '', '', ''),
(1163, 3876, '', 48, 5, '', 'NOFFAND RIDHOL PRIATAMA', '', '0000-00-00', 'Laki - Laki', 'Islam', 0, '', '', '1s42.jpg', 0, '', 0, '', 0, '', '', '', '', '', '', '', '', '', '', '', '', ''),
(1164, 3909, '', 48, 5, '', 'RAMADANI', '', '0000-00-00', 'Laki - Laki', 'Islam', 0, '', '', '1s43.jpg', 0, '', 0, '', 0, '', '', '', '', '', '', '', '', '', '', '', '', ''),
(1165, 3916, '', 48, 5, '', 'RAUL ANDRIAN', '', '0000-00-00', 'Laki - Laki', 'Islam', 0, '', '', '1s44.jpg', 0, '', 0, '', 0, '', '', '', '', '', '', '', '', '', '', '', '', ''),
(1166, 3926, '', 48, 5, '', 'RENDI ZULKA PUTRA', '', '0000-00-00', 'Laki - Laki', 'Islam', 0, '', '', '1s45.jpg', 0, '', 0, '', 0, '', '', '', '', '', '', '', '', '', '', '', '', ''),
(1167, 3937, '', 48, 5, '', 'RIAN FAUJI', '', '0000-00-00', 'Laki - Laki', 'Islam', 0, '', '', '1s46.jpg', 0, '', 0, '', 0, '', '', '', '', '', '', '', '', '', '', '', '', ''),
(1168, 3952, '', 48, 5, '', 'RIZKI HARYA PUTRA', '', '0000-00-00', 'Laki - Laki', 'Islam', 0, '', '', '1s47.jpg', 0, '', 0, '', 0, '', '', '', '', '', '', '', '', '', '', '', '', ''),
(1169, 3961, '', 48, 5, '', 'ROHID PUNANG', '', '0000-00-00', 'Laki - Laki', 'Islam', 0, '', '', '1s48.jpg', 0, '', 0, '', 0, '', '', '', '', '', '', '', '', '', '', '', '', ''),
(1170, 4006, '', 48, 5, '', 'SYAFRI ENDI', '', '0000-00-00', 'Laki - Laki', 'Islam', 0, '', '', '1s49.jpg', 0, '', 0, '', 0, '', '', '', '', '', '', '', '', '', '', '', '', ''),
(1172, 3557, '', 48, 5, '', 'SYAMSUL QAMAR', '', '0000-00-00', 'Laki - Laki', 'Islam', 0, '', '', '1s50.jpg', 0, '', 0, '', 0, '', '', '', '', '', '', '', '', '', '', '', '', ''),
(1174, 4015, '', 48, 5, '', 'TAUFIK SAPUTRA', '', '0000-00-00', 'Laki - Laki', 'Islam', 0, '', '', '1s51.jpg', 0, '', 0, '', 0, '', '', '', '', '', '', '', '', '', '', '', '', ''),
(1175, 4046, '', 48, 5, '', 'YOSRA ARMANSAH', '', '0000-00-00', 'Laki - Laki', 'Islam', 0, '', '', '1s52.jpg', 0, '', 0, '', 0, '', '', '', '', '', '', '', '', '', '', '', '', ''),
(1176, 4048, '', 48, 5, '', 'YUDI FERDINAN', '', '0000-00-00', 'Laki - Laki', 'Islam', 0, '', '', '1s53.jpg', 0, '', 0, '', 0, '', '', '', '', '', '', '', '', '', '', '', '', ''),
(1177, 4058, '', 48, 5, '', 'ZAKY FHARUQI ARMANDA', '', '0000-00-00', 'Laki - Laki', 'Islam', 0, '', '', '1s54.jpg', 0, '', 0, '', 0, '', '', '', '', '', '', '', '', '', '', '', '', ''),
(1178, 4061, '', 48, 5, '', 'ZULKASLI', '', '0000-00-00', 'Laki - Laki', 'Islam', 0, '', '', '1s55.jpg', 0, '', 0, '', 0, '', '', '', '', '', '', '', '', '', '', '', '', ''),
(1179, 3630, '', 49, 5, '', 'AFDHAL HIDAYAT', '', '0000-00-00', 'Laki - Laki', 'Islam', 0, '', '', 'sinto.jpg', 0, '', 0, '', 0, '', '', '', '', '', '', '', '', '', '', '', '', ''),
(1180, 3635, '', 49, 5, '', 'AHSAN KURNIAWAN', '', '0000-00-00', 'Laki - Laki', 'Islam', 0, '', '', 'sinto.jpg', 0, '', 0, '', 0, '', '', '', '', '', '', '', '', '', '', '', '', ''),
(1181, 3641, '', 49, 5, '', 'AKYA RAHUL', '', '0000-00-00', 'Laki - Laki', 'Islam', 0, '', '', 'sinto.jpg', 0, '', 0, '', 0, '', '', '', '', '', '', '', '', '', '', '', '', ''),
(1182, 3034, '', 3, 1, '', 'SILVIA AFRIYANY', '', '0000-00-00', 'Perempuan', 'Islam', 0, '', '', 'aaaaa29.jpg', 0, '', 0, '', 0, '', '', '', '', '', '', '', '', '', '', '', '', ''),
(1183, 3657, '', 49, 5, '', 'ALPI IMRAN', '', '0000-00-00', 'Laki - Laki', 'Islam', 0, '', '', 'sinto.jpg', 0, '', 0, '', 0, '', '', '', '', '', '', '', '', '', '', '', '', ''),
(1184, 3029, '', 3, 1, '', 'SHERLY APRILIYA', '', '0000-00-00', 'Perempuan', 'Islam', 0, '', '', 'aaaaa30.jpg', 0, '', 0, '', 0, '', '', '', '', '', '', '', '', '', '', '', '', ''),
(1185, 3665, '', 49, 5, '', 'ANDRIKO SEPRIANTO', '', '0000-00-00', 'Laki - Laki', 'Islam', 0, '', '', 'sinto.jpg', 0, '', 0, '', 0, '', '', '', '', '', '', '', '', '', '', '', '', ''),
(1186, 3692, '', 49, 5, '', 'BENI PRATAMA', '', '0000-00-00', 'Laki - Laki', 'Islam', 0, '', '', '1s61.jpg', 0, '', 0, '', 0, '', '', '', '', '', '', '', '', '', '', '', '', ''),
(1187, 3737, '', 49, 5, '', 'FAJAR HABIBULLAH', '', '0000-00-00', 'Laki - Laki', 'Islam', 0, '', '', '1s62.jpg', 0, '', 0, '', 0, '', '', '', '', '', '', '', '', '', '', '', '', ''),
(1188, 3288, '', 49, 5, '', 'FAJAR MAULANA', '', '0000-00-00', 'Laki - Laki', 'Islam', 0, '', '', '1s63.jpg', 0, '', 0, '', 0, '', '', '', '', '', '', '', '', '', '', '', '', ''),
(1189, 3739, '', 49, 5, '', 'FAJRI RAHMATUL HIDAYAT', '', '0000-00-00', 'Laki - Laki', 'Islam', 0, '', '', '1s64.jpg', 0, '', 0, '', 0, '', '', '', '', '', '', '', '', '', '', '', '', ''),
(1191, 3765, '', 49, 5, '', 'HANIF FATUR RAHMAN', '', '0000-00-00', 'Laki - Laki', 'Islam', 0, '', '', '1s66.jpg', 0, '', 0, '', 0, '', '', '', '', '', '', '', '', '', '', '', '', ''),
(1192, 3769, '', 49, 5, '', 'HARIO SUDARMAN', '', '0000-00-00', 'Laki - Laki', 'Islam', 0, '', '', '1s67.jpg', 0, '', 0, '', 0, '', '', '', '', '', '', '', '', '', '', '', '', ''),
(1193, 3780, '', 49, 5, '', 'ILHAM DAMASAPUTRA', '', '0000-00-00', 'Laki - Laki', 'Islam', 0, '', '', '1s68.jpg', 0, '', 0, '', 0, '', '', '', '', '', '', '', '', '', '', '', '', ''),
(1194, 3079, '', 3, 1, '', 'WIDYA ANDRIANI', '', '0000-00-00', 'Perempuan', 'Islam', 0, '', '', 'aaaaa31.jpg', 0, '', 0, '', 0, '', '', '', '', '', '', '', '', '', '', '', '', ''),
(1195, 3783, '', 49, 5, '', 'ILHAM ZULNAIDI', '', '0000-00-00', 'Laki - Laki', 'Islam', 0, '', '', '1s69.jpg', 0, '', 0, '', 0, '', '', '', '', '', '', '', '', '', '', '', '', ''),
(1196, 3787, '', 49, 5, '', 'INDRA RAMADANI PUTRA', '', '0000-00-00', 'Laki - Laki', 'Islam', 0, '', '', '1s70.jpg', 0, '', 0, '', 0, '', '', '', '', '', '', '', '', '', '', '', '', ''),
(1197, 3351, '', 49, 5, '', 'IRMANSYAH', '', '0000-00-00', 'Laki - Laki', 'Islam', 0, '', '', '1s71.jpg', 0, '', 0, '', 0, '', '', '', '', '', '', '', '', '', '', '', '', ''),
(1198, 3796, '', 49, 5, '', 'IRSAL AIDIL SAPUTRA', '', '0000-00-00', 'Laki - Laki', 'Islam', 0, '', '', '1s72.jpg', 0, '', 0, '', 0, '', '', '', '', '', '', '', '', '', '', '', '', ''),
(1199, 3818, '', 49, 5, '', 'LINALDI MASRI PUTRA', '', '0000-00-00', 'Laki - Laki', 'Islam', 0, '', '', '1s73.jpg', 0, '', 0, '', 0, '', '', '', '', '', '', '', '', '', '', '', '', ''),
(1200, 3846, '', 49, 5, '', 'MUHAMAD AFANDI', '', '0000-00-00', 'Laki - Laki', 'Islam', 0, '', '', '1s74.jpg', 0, '', 0, '', 0, '', '', '', '', '', '', '', '', '', '', '', '', ''),
(1201, 3850, '', 49, 5, '', 'MUHAMMAD AIDINUL PRATAMA', '', '0000-00-00', 'Laki - Laki', 'Islam', 0, '', '', '1s75.jpg', 0, '', 0, '', 0, '', '', '', '', '', '', '', '', '', '', '', '', ''),
(1202, 3856, '', 49, 5, '', 'MUHAMMAD ILHAM NOSRISAL PRATAM', '', '0000-00-00', 'Laki - Laki', 'Islam', 0, '', '', '1s76.jpg', 0, '', 0, '', 0, '', '', '', '', '', '', '', '', '', '', '', '', ''),
(1203, 3863, '', 49, 5, '', 'MUKTI FADILLAH RUSDIANSYAH', '', '0000-00-00', 'Laki - Laki', 'Islam', 0, '', '', '1s77.jpg', 0, '', 0, '', 0, '', '', '', '', '', '', '', '', '', '', '', '', ''),
(1204, 3881, '', 49, 5, '', 'NOVAL RAMADHAN PUTRA', '', '0000-00-00', 'Laki - Laki', 'Islam', 0, '', '', '1s78.jpg', 0, '', 0, '', 0, '', '', '', '', '', '', '', '', '', '', '', '', ''),
(1205, 3459, '', 49, 5, '', 'PUTRA ALMADI', '', '0000-00-00', 'Laki - Laki', 'Islam', 0, '', '', '1s79.jpg', 0, '', 0, '', 0, '', '', '', '', '', '', '', '', '', '', '', '', ''),
(1206, 3912, '', 49, 5, '', 'RANDA PUTRA SHARMA', '', '0000-00-00', 'Laki - Laki', 'Islam', 0, '', '', '1s80.jpg', 0, '', 0, '', 0, '', '', '', '', '', '', '', '', '', '', '', '', ''),
(1207, 3918, '', 49, 5, '', 'RAYHAN DELARDI', '', '0000-00-00', 'Laki - Laki', 'Islam', 0, '', '', '1s81.jpg', 0, '', 0, '', 0, '', '', '', '', '', '', '', '', '', '', '', '', ''),
(1208, 3928, '', 49, 5, '', 'RENDY MARCELYNO', '', '0000-00-00', 'Laki - Laki', 'Islam', 0, '', '', '1s82.jpg', 0, '', 0, '', 0, '', '', '', '', '', '', '', '', '', '', '', '', ''),
(1209, 3944, '', 49, 5, '', 'RIKI SAPUTRA', '', '0000-00-00', 'Laki - Laki', 'Islam', 0, '', '', '1s83.jpg', 0, '', 0, '', 0, '', '', '', '', '', '', '', '', '', '', '', '', ''),
(1210, 3954, '', 49, 5, '', 'RIZKI PURNANDO', '', '0000-00-00', 'Laki - Laki', 'Islam', 0, '', '', '1s84.jpg', 0, '', 0, '', 0, '', '', '', '', '', '', '', '', '', '', '', '', ''),
(1211, 4007, '', 49, 5, '', 'SYAHFIKRI MAHENDRA', '', '0000-00-00', 'Laki - Laki', 'Islam', 0, '', '', '1s85.jpg', 0, '', 0, '', 0, '', '', '', '', '', '', '', '', '', '', '', '', ''),
(1212, 4036, '', 49, 5, '', 'YANDRI HIDAYAT PERTAMA PUTRA', '', '0000-00-00', 'Laki - Laki', 'Islam', 0, '', '', '1s86.jpg', 0, '', 0, '', 0, '', '', '', '', '', '', '', '', '', '', '', '', ''),
(1213, 4049, '', 49, 5, '', 'YUDI SYAFRIADI', '', '0000-00-00', 'Laki - Laki', 'Islam', 0, '', '', '1s87.jpg', 0, '', 0, '', 0, '', '', '', '', '', '', '', '', '', '', '', '', ''),
(1214, 3608, '', 49, 5, '', 'ZAINAL OPRIADI', '', '0000-00-00', 'Laki - Laki', 'Islam', 0, '', '', '1s88.jpg', 0, '', 0, '', 0, '', '', '', '', '', '', '', '', '', '', '', '', ''),
(1215, 4057, '', 49, 5, '', 'ZAINUL ARIFIN', '', '0000-00-00', 'Laki - Laki', 'Islam', 0, '', '', '1s89.jpg', 0, '', 0, '', 0, '', '', '', '', '', '', '', '', '', '', '', '', ''),
(1216, 4059, '', 49, 5, '', 'ZAMIR HAMZAH', '', '0000-00-00', 'Laki - Laki', 'Islam', 0, '', '', '1s90.jpg', 0, '', 0, '', 0, '', '', '', '', '', '', '', '', '', '', '', '', ''),
(1224, 3680, '', 42, 4, '', 'ARRAHMAN HIDAYAT', '', '0000-00-00', 'Laki - Laki', 'Islam', 0, '', '', '1s98.jpg', 0, '', 0, '', 0, '', '', '', '', '', '', '', '', '', '', '', '', ''),
(1225, 2959, '', 5, 2, '', 'RAHAYU KARMILA', '', '0000-00-00', 'Perempuan', 'Islam', 0, '', '', 'aaaaa61.jpg', 0, '', 0, '', 0, '', '', '', '', '', '', '', '', '', '', '', '', ''),
(1226, 3203, '', 42, 4, '', 'ARYA RIYADI', '', '0000-00-00', 'Laki - Laki', 'Islam', 0, '', '', '1s99.jpg', 0, '', 0, '', 0, '', '', '', '', '', '', '', '', '', '', '', '', ''),
(1227, 3707, '', 42, 4, '', 'DEA AZURA', '', '0000-00-00', 'Laki - Laki', 'Islam', 0, '', '', 'sinto.jpg', 0, '', 0, '', 0, '', '', '', '', '', '', '', '', '', '', '', '', ''),
(1228, 3712, '', 42, 4, '', 'DENDY SUKMA ', '', '0000-00-00', 'Laki - Laki', 'Islam', 0, '', '', 'sinto1.jpg', 0, '', 0, '', 0, '', '', '', '', '', '', '', '', '', '', '', '', ''),
(1229, 3725, '', 42, 4, '', 'EDO SYAFRIALDI', '', '0000-00-00', 'Laki - Laki', 'Islam', 0, '', '', 'sinto2.jpg', 0, '', 0, '', 0, '', '', '', '', '', '', '', '', '', '', '', '', ''),
(1230, 3738, '', 42, 4, '', 'FAJRI NALDI', '', '0000-00-00', 'Laki - Laki', 'Islam', 0, '', '', 'sinto3.jpg', 0, '', 0, '', 0, '', '', '', '', '', '', '', '', '', '', '', '', ''),
(1231, 3786, '', 42, 4, '', 'INDAH SABILA PUTRI', '', '0000-00-00', 'Perempuan', 'Islam', 0, '', '', 'sinto4.jpg', 0, '', 0, '', 0, '', '', '', '', '', '', '', '', '', '', '', '', ''),
(1232, 3788, '', 42, 4, '', 'INDRA SAFRIADI', '', '0000-00-00', 'Laki - Laki', 'Islam', 0, '', '', 'sinto5.jpg', 0, '', 0, '', 0, '', '', '', '', '', '', '', '', '', '', '', '', ''),
(1233, 3803, '', 42, 4, '', 'JEFRI GUCI HAMIDI', '', '0000-00-00', 'Laki - Laki', 'Islam', 0, '', '', 'sinto6.jpg', 0, '', 0, '', 0, '', '', '', '', '', '', '', '', '', '', '', '', ''),
(1234, 3817, '', 42, 4, '', 'LINA ERMAWATI', '', '0000-00-00', 'Perempuan', 'Islam', 0, '', '', 'sinto7.jpg', 0, '', 0, '', 0, '', '', '', '', '', '', '', '', '', '', '', '', ''),
(1235, 3833, '', 42, 4, '', 'MAY SARAH', '', '0000-00-00', 'Laki - Laki', 'Islam', 0, '', '', 'sinto8.jpg', 0, '', 0, '', 0, '', '', '', '', '', '', '', '', '', '', '', '', ''),
(1236, 3851, '', 42, 4, '', 'MUHAMMAD ALFARiZI', '', '0000-00-00', 'Laki - Laki', 'Islam', 0, '', '', 'sinto9.jpg', 0, '', 0, '', 0, '', '', '', '', '', '', '', '', '', '', '', '', ''),
(1237, 3420, '', 42, 4, '', 'MUHAMMAD IDWAL', '', '0000-00-00', 'Laki - Laki', 'Islam', 0, '', '', 'sinto10.jpg', 0, '', 0, '', 0, '', '', '', '', '', '', '', '', '', '', '', '', ''),
(1238, 3875, '', 42, 4, '', 'NISSA AULIA FITRI', '', '0000-00-00', 'Perempuan', 'Islam', 0, '', '', 'sinto11.jpg', 0, '', 0, '', 0, '', '', '', '', '', '', '', '', '', '', '', '', ''),
(1239, 3070, '', 6, 2, '', 'UMI HAFILDA AINI', '', '0000-00-00', 'Perempuan', 'Islam', 0, '', '', 'aaaaa77.jpg', 0, '', 0, '', 0, '', '', '', '', '', '', '', '', '', '', '', '', ''),
(1240, 3892, '', 42, 4, '', 'PINA BUSTAMI', '', '0000-00-00', 'Laki - Laki', 'Islam', 0, '', '', 'sinto12.jpg', 0, '', 0, '', 0, '', '', '', '', '', '', '', '', '', '', '', '', ''),
(1241, 3899, '', 42, 4, '', 'PUTRI WARDIANA', '', '0000-00-00', 'Perempuan', 'Islam', 0, '', '', 'sinto13.jpg', 0, '', 0, '', 0, '', '', '', '', '', '', '', '', '', '', '', '', ''),
(1242, 3914, '', 42, 4, '', 'RATIH', '', '0000-00-00', 'Perempuan', 'Islam', 0, '', '', 'sinto14.jpg', 0, '', 0, '', 0, '', '', '', '', '', '', '', '', '', '', '', '', ''),
(1243, 3922, '', 42, 4, '', 'REHAN SAPUTRA', '', '0000-00-00', 'Laki - Laki', 'Islam', 0, '', '', 'sinto15.jpg', 0, '', 0, '', 0, '', '', '', '', '', '', '', '', '', '', '', '', ''),
(1244, 3932, '', 42, 4, '', 'REYHAN AULIO KHAZAS', '', '0000-00-00', 'Laki - Laki', 'Islam', 0, '', '', 'sinto16.jpg', 0, '', 0, '', 0, '', '', '', '', '', '', '', '', '', '', '', '', ''),
(1245, 3953, '', 42, 4, '', 'RIZKI MARDIANTO PUTRA', '', '0000-00-00', 'Laki - Laki', 'Islam', 0, '', '', 'sinto17.jpg', 0, '', 0, '', 0, '', '', '', '', '', '', '', '', '', '', '', '', ''),
(1246, 3963, '', 42, 4, '', 'ROJUL MUTTAQIN', '', '0000-00-00', 'Laki - Laki', 'Islam', 0, '', '', 'sinto18.jpg', 0, '', 0, '', 0, '', '', '', '', '', '', '', '', '', '', '', '', ''),
(1247, 3974, '', 42, 4, '', 'SALMAN ALFAREZI', '', '0000-00-00', 'Laki - Laki', 'Islam', 0, '', '', 'sinto19.jpg', 0, '', 0, '', 0, '', '', '', '', '', '', '', '', '', '', '', '', ''),
(1248, 3988, '', 42, 4, '', 'SHIFA SEPTIANA ROSSA', '', '0000-00-00', 'Perempuan', 'Islam', 0, '', '', 'sinto20.jpg', 0, '', 0, '', 0, '', '', '', '', '', '', '', '', '', '', '', '', ''),
(1249, 4011, '', 42, 4, '', 'SYURMIYANI ', '', '0000-00-00', 'Laki - Laki', 'Islam', 0, '', '', 'sinto21.jpg', 0, '', 0, '', 0, '', '', '', '', '', '', '', '', '', '', '', '', ''),
(1250, 4032, '', 42, 4, '', 'WILLIAMS ADITYA NUGRAHA', '', '0000-00-00', 'Laki - Laki', 'Islam', 0, '', '', 'sinto22.jpg', 0, '', 0, '', 0, '', '', '', '', '', '', '', '', '', '', '', '', ''),
(1251, 4033, '', 42, 4, '', 'WIWIT GUSNANDAR', '', '0000-00-00', 'Laki - Laki', 'Islam', 0, '', '', 'sinto23.jpg', 0, '', 0, '', 0, '', '', '', '', '', '', '', '', '', '', '', '', ''),
(1263, 3621, '', 44, 4, '', 'ABDURRAHMAN  ', '', '0000-00-00', 'Laki - Laki', 'Islam', 0, '', '', '283.jpg', 0, '', 0, '', 0, '', '', '', '', '', '', '', '', '', '', '', '', ''),
(1264, 3625, '', 44, 4, '', 'ADINDA PUTRI SALMA', '', '0000-00-00', 'Perempuan', 'Islam', 0, '', '', '284.jpg', 0, '', 0, '', 0, '', '', '', '', '', '', '', '', '', '', '', '', ''),
(1265, 3134, '', 44, 4, '', 'ADRIAN MAULANA', '', '0000-00-00', 'Laki - Laki', 'Islam', 0, '', '', '285.jpg', 0, '', 0, '', 0, '', '', '', '', '', '', '', '', '', '', '', '', ''),
(1266, 3636, '', 44, 4, '', 'AIDIL SAPUTRA', '', '0000-00-00', 'Laki - Laki', 'Islam', 0, '', '', '286.jpg', 0, '', 0, '', 0, '', '', '', '', '', '', '', '', '', '', '', '', ''),
(1267, 3662, '', 44, 4, '', 'ANDRE SAPUTRA', '', '0000-00-00', 'Perempuan', 'Islam', 0, '', '', '287.jpg', 0, '', 0, '', 0, '', '', '', '', '', '', '', '', '', '', '', '', ''),
(1269, 3694, '', 44, 4, '', 'BOBY LISTIAWAN', '', '0000-00-00', 'Laki - Laki', 'Islam', 0, '', '', '289.jpg', 0, '', 0, '', 0, '', '', '', '', '', '', '', '', '', '', '', '', ''),
(1270, 3697, '', 44, 4, '', 'CICI EKA YENTI', '', '0000-00-00', 'Perempuan', 'Islam', 0, '', '', '290.jpg', 0, '', 0, '', 0, '', '', '', '', '', '', '', '', '', '', '', '', ''),
(1271, 3722, '', 44, 4, '', 'DIVA WULANDARI', '', '0000-00-00', 'Perempuan', 'Islam', 0, '', '', '291.jpg', 0, '', 0, '', 0, '', '', '', '', '', '', '', '', '', '', '', '', ''),
(1272, 3724, '', 44, 4, '', 'EDI ERMANSYAH', '', '0000-00-00', 'Laki - Laki', 'Islam', 0, '', '', '292.jpg', 0, '', 0, '', 0, '', '', '', '', '', '', '', '', '', '', '', '', ''),
(1273, 3736, '', 44, 4, '', 'FADLI SURYA', '', '0000-00-00', 'Laki - Laki', 'Islam', 0, '', '', '293.jpg', 0, '', 0, '', 0, '', '', '', '', '', '', '', '', '', '', '', '', ''),
(1274, 3745, '', 44, 4, '', 'FAUZI AZIMA', '', '0000-00-00', 'Laki - Laki', 'Islam', 0, '', '', '294.jpg', 0, '', 0, '', 0, '', '', '', '', '', '', '', '', '', '', '', '', ''),
(1275, 3748, '', 44, 4, '', 'FEDRO PRATAMA', '', '0000-00-00', 'Laki - Laki', 'Islam', 0, '', '', '295.jpg', 0, '', 0, '', 0, '', '', '', '', '', '', '', '', '', '', '', '', ''),
(1276, 3761, '', 44, 4, '', 'GUSTI SALDI', '', '0000-00-00', 'Laki - Laki', 'Islam', 0, '', '', '296.jpg', 0, '', 0, '', 0, '', '', '', '', '', '', '', '', '', '', '', '', ''),
(1278, 3766, '', 44, 4, '', 'HANISAH EKA YULIA PUTRI', '', '0000-00-00', 'Perempuan', 'Islam', 0, '', '', '298.jpg', 0, '', 0, '', 0, '', '', '', '', '', '', '', '', '', '', '', '', ''),
(1279, 3802, '', 44, 4, '', 'JAVA SAPUTRA', '', '0000-00-00', 'Laki - Laki', 'Islam', 0, '', '', '299.jpg', 0, '', 0, '', 0, '', '', '', '', '', '', '', '', '', '', '', '', ''),
(1280, 3807, '', 44, 4, '', 'JULIA CAHYA NENGSIH', '', '0000-00-00', 'Perempuan', 'Islam', 0, '', '', '3.jpg', 0, '', 0, '', 0, '', '', '', '', '', '', '', '', '', '', '', '', ''),
(1281, 3823, '', 44, 4, '', 'M SYAFILA IBRAHIM', '', '0000-00-00', 'Laki - Laki', 'Islam', 0, '', '', '31.jpg', 0, '', 0, '', 0, '', '', '', '', '', '', '', '', '', '', '', '', ''),
(1282, 3829, '', 44, 4, '', 'MAILINDA SAFITRI', '', '0000-00-00', 'Perempuan', 'Islam', 0, '', '', '32.jpg', 0, '', 0, '', 0, '', '', '', '', '', '', '', '', '', '', '', '', ''),
(1283, 3849, '', 44, 4, '', 'MUHAMAD ROBI', '', '0000-00-00', 'Laki - Laki', 'Islam', 0, '', '', '33.jpg', 0, '', 0, '', 0, '', '', '', '', '', '', '', '', '', '', '', '', ''),
(1284, 3864, '', 44, 4, '', 'MULYA AFDAL', '', '0000-00-00', 'Laki - Laki', 'Islam', 0, '', '', '34.jpg', 0, '', 0, '', 0, '', '', '', '', '', '', '', '', '', '', '', '', ''),
(1285, 3874, '', 44, 4, '', 'NIA RAHMADANI', '', '0000-00-00', 'Perempuan', 'Islam', 0, '', '', '35.jpg', 0, '', 0, '', 0, '', '', '', '', '', '', '', '', '', '', '', '', ''),
(1286, 3888, '', 44, 4, '', 'NURBAITI YULIA RAHMA', '', '0000-00-00', 'Perempuan', 'Islam', 0, '', '', '36.jpg', 0, '', 0, '', 0, '', '', '', '', '', '', '', '', '', '', '', '', ''),
(1287, 3898, '', 44, 4, '', 'PUTRI SRI DELIA', '', '0000-00-00', 'Perempuan', 'Islam', 0, '', '', '37.jpg', 0, '', 0, '', 0, '', '', '', '', '', '', '', '', '', '', '', '', ''),
(1288, 3905, '', 44, 4, '', 'RAHMAT RIVAL FAIZAL JULIANDA', '', '0000-00-00', 'Laki - Laki', 'Islam', 0, '', '', '38.jpg', 0, '', 0, '', 0, '', '', '', '', '', '', '', '', '', '', '', '', ''),
(1289, 3913, '', 44, 4, '', 'RASFIKA PUTRI', '', '0000-00-00', 'Perempuan', 'Islam', 0, '', '', '39.jpg', 0, '', 0, '', 0, '', '', '', '', '', '', '', '', '', '', '', '', ''),
(1290, 3931, '', 44, 4, '', 'REVFI ARMANDA PUTRA', '', '0000-00-00', 'Perempuan', 'Islam', 0, '', '', '310.jpg', 0, '', 0, '', 0, '', '', '', '', '', '', '', '', '', '', '', '', ''),
(1291, 3502, '', 44, 4, '', 'RIO PRATAMA', '', '0000-00-00', 'Perempuan', 'Islam', 0, '', '', '311.jpg', 0, '', 0, '', 0, '', '', '', '', '', '', '', '', '', '', '', '', ''),
(1292, 3949, '', 44, 4, '', 'RIVALDI', '', '0000-00-00', 'Laki - Laki', 'Islam', 0, '', '', '312.jpg', 0, '', 0, '', 0, '', '', '', '', '', '', '', '', '', '', '', '', ''),
(1293, 3959, '', 44, 4, '', 'ROBY SALMAN', '', '0000-00-00', 'Laki - Laki', 'Islam', 0, '', '', '313.jpg', 0, '', 0, '', 0, '', '', '', '', '', '', '', '', '', '', '', '', ''),
(1294, 3979, '', 44, 4, '', 'SARI MAHARANI', '', '0000-00-00', 'Perempuan', 'Islam', 0, '', '', '314.jpg', 0, '', 0, '', 0, '', '', '', '', '', '', '', '', '', '', '', '', ''),
(1295, 4000, '', 44, 4, '', 'SRI RAHMADANI', '', '0000-00-00', 'Perempuan', 'Islam', 0, '', '', '315.jpg', 0, '', 0, '', 0, '', '', '', '', '', '', '', '', '', '', '', '', ''),
(1296, 4016, '', 44, 4, '', 'TAUFIQ HIDAYAH', '', '0000-00-00', 'Laki - Laki', 'Islam', 0, '', '', '316.jpg', 0, '', 0, '', 0, '', '', '', '', '', '', '', '', '', '', '', '', ''),
(1297, 4034, '', 44, 4, '', 'WIWIT YULIZA', '', '0000-00-00', 'Perempuan', 'Islam', 0, '', '', '317.jpg', 0, '', 0, '', 0, '', '', '', '', '', '', '', '', '', '', '', '', ''),
(1298, 4040, '', 44, 4, '', 'YOGA APRIES MAHENDARA', '', '0000-00-00', 'Laki - Laki', 'Islam', 0, '', '', '318.jpg', 0, '', 0, '', 0, '', '', '', '', '', '', '', '', '', '', '', '', ''),
(1299, 4053, '', 44, 4, '', 'YULIANNA', '', '0000-00-00', 'Perempuan', 'Islam', 0, '', '', '319.jpg', 0, '', 0, '', 0, '', '', '', '', '', '', '', '', '', '', '', '', ''),
(1300, 4041, '', 42, 4, '', 'YOGI ISRA', '', '0000-00-00', 'Laki - Laki', 'Islam', 0, '', '', 'sinto24.jpg', 0, '', 0, '', 0, '', '', '', '', '', '', '', '', '', '', '', '', ''),
(1303, 3624, '', 43, 4, '', 'ADE SINTIA', '', '0000-00-00', 'Perempuan', 'Islam', 0, '', '', 'sinto27.jpg', 0, '', 0, '', 0, '', '', '', '', '', '', '', '', '', '', '', '', ''),
(1304, 3642, '', 43, 4, '', 'AL FAUZAN AMRI', '', '0000-00-00', 'Laki - Laki', 'Islam', 0, '', '', 'sinto28.jpg', 0, '', 0, '', 0, '', '', '', '', '', '', '', '', '', '', '', '', ''),
(1305, 3648, '', 43, 4, '', 'ALFAN DANIL FERNANDES', '', '0000-00-00', 'Laki - Laki', 'Islam', 0, '', '', 'sinto29.jpg', 0, '', 0, '', 0, '', '', '', '', '', '', '', '', '', '', '', '', ''),
(1308, 3674, '', 43, 4, '', 'ARI FIRMA APRIO ', '', '0000-00-00', 'Laki - Laki', 'Islam', 0, '', '', 'sinto32.jpg', 0, '', 0, '', 0, '', '', '', '', '', '', '', '', '', '', '', '', ''),
(1309, 3696, '', 43, 4, '', 'CHICHI PARAMIDA', '', '0000-00-00', 'Perempuan', 'Islam', 0, '', '', 'sinto33.jpg', 0, '', 0, '', 0, '', '', '', '', '', '', '', '', '', '', '', '', ''),
(1310, 3719, '', 43, 4, '', 'DINI AMELIA PUTRI', '', '0000-00-00', 'Perempuan', 'Islam', 0, '', '', 'sinto34.jpg', 0, '', 0, '', 0, '', '', '', '', '', '', '', '', '', '', '', '', ''),
(1311, 3720, '', 43, 4, '', 'DIOLI AKBAR', '', '0000-00-00', 'Laki - Laki', 'Islam', 0, '', '', 'sinto35.jpg', 0, '', 0, '', 0, '', '', '', '', '', '', '', '', '', '', '', '', ''),
(1312, 3735, '', 43, 4, '', 'FADILLAH SAPUTRA', '', '0000-00-00', 'Laki - Laki', 'Islam', 0, '', '', 'sinto36.jpg', 0, '', 0, '', 0, '', '', '', '', '', '', '', '', '', '', '', '', ''),
(1317, 3757, '', 43, 4, '', 'GILANG ITATON', '', '0000-00-00', 'Laki - Laki', 'Islam', 0, '', '', 'sinto41.jpg', 0, '', 0, '', 0, '', '', '', '', '', '', '', '', '', '', '', '', ''),
(1318, 3327, '', 43, 4, '', 'HERU PUTRA PRATAMA', '', '0000-00-00', 'Laki - Laki', 'Islam', 0, '', '', 'sinto42.jpg', 0, '', 0, '', 0, '', '', '', '', '', '', '', '', '', '', '', '', ''),
(1319, 3790, '', 43, 4, '', 'INDRI SETIA DEWI', '', '0000-00-00', 'Perempuan', 'Islam', 0, '', '', 'sinto43.jpg', 0, '', 0, '', 0, '', '', '', '', '', '', '', '', '', '', '', '', ''),
(1322, 3819, '', 43, 4, '', 'LINDA ASMARA', '', '0000-00-00', 'Perempuan', 'Islam', 0, '', '', 'sinto46.jpg', 0, '', 0, '', 0, '', '', '', '', '', '', '', '', '', '', '', '', '');
INSERT INTO `siswa` (`id_siswa`, `nis`, `nisn`, `id_kelas`, `id_jur`, `tgl_masuk`, `nama`, `tempat`, `tanggal`, `jk`, `agama`, `anak_ke`, `status`, `alamat`, `foto`, `umur`, `no_ijazah`, `th_ijazah`, `no_skhu`, `th_skhu`, `asal_sklh`, `alamat_asal_sklh`, `nama_ayah`, `pkj_ayah`, `nama_ibu`, `pkj_ibu`, `alamat_ortu`, `nohp_ortu`, `wali`, `tlp_wali`, `alamat_wali`, `pkj_wali`, `no_hp`) VALUES
(1323, 3404, '', 43, 4, '', 'MIKEL APTRI YUDA', '', '0000-00-00', 'Laki - Laki', 'Islam', 0, '', '', 'sinto47.jpg', 0, '', 0, '', 0, '', '', '', '', '', '', '', '', '', '', '', '', ''),
(1324, 3845, '', 43, 4, '', 'MOH.ARI SUHARTA', '', '0000-00-00', 'Laki - Laki', 'Islam', 0, '', '', 'sinto48.jpg', 0, '', 0, '', 0, '', '', '', '', '', '', '', '', '', '', '', '', ''),
(1327, 3872, '', 43, 4, '', 'NENI LESTARI', '', '0000-00-00', 'Perempuan', 'Islam', 0, '', '', 'sinto51.jpg', 0, '', 0, '', 0, '', '', '', '', '', '', '', '', '', '', '', '', ''),
(1328, 3883, '', 43, 4, '', 'NOVRIKO ALDI', '', '0000-00-00', 'Laki - Laki', 'Islam', 0, '', '', 'sinto52.jpg', 0, '', 0, '', 0, '', '', '', '', '', '', '', '', '', '', '', '', ''),
(1329, 3887, '', 43, 4, '', 'NURBAINI', '', '0000-00-00', 'Perempuan', 'Islam', 0, '', '', 'sinto53.jpg', 0, '', 0, '', 0, '', '', '', '', '', '', '', '', '', '', '', '', ''),
(1330, 3896, '', 43, 4, '', 'MUTIARA NINGSIH', '', '0000-00-00', 'Perempuan', 'Islam', 0, '', '', 'sinto54.jpg', 0, '', 0, '', 0, '', '', '', '', '', '', '', '', '', '', '', '', ''),
(1331, 3902, '', 43, 4, '', 'RAHMA DESEMBRI SYAWAL', '', '0000-00-00', 'Perempuan', 'Islam', 0, '', '', 'sinto55.jpg', 0, '', 0, '', 0, '', '', '', '', '', '', '', '', '', '', '', '', ''),
(1332, 3475, '', 43, 4, '', 'RAHMAT ILAHI PUTRA DINATA', '', '0000-00-00', 'Laki - Laki', 'Islam', 0, '', '', 'sinto56.jpg', 0, '', 0, '', 0, '', '', '', '', '', '', '', '', '', '', '', '', ''),
(1333, 3927, '', 43, 4, '', 'RENDY FEBRIAN', '', '0000-00-00', 'Laki - Laki', 'Islam', 0, '', '', 'sinto57.jpg', 0, '', 0, '', 0, '', '', '', '', '', '', '', '', '', '', '', '', ''),
(1335, 3930, '', 43, 4, '', 'RESTI FITRIANI ', '', '0000-00-00', 'Perempuan', 'Islam', 0, '', '', 'sinto59.jpg', 0, '', 0, '', 0, '', '', '', '', '', '', '', '', '', '', '', '', ''),
(1336, 3947, '', 43, 4, '', 'RISKI SUHARDIMAN', '', '0000-00-00', 'Laki - Laki', 'Islam', 0, '', '', 'sinto60.jpg', 0, '', 0, '', 0, '', '', '', '', '', '', '', '', '', '', '', '', ''),
(1337, 3955, '', 43, 4, '', 'RIZKI RAHMAD HIDAYAT', '', '0000-00-00', 'Laki - Laki', 'Islam', 0, '', '', 'sinto61.jpg', 0, '', 0, '', 0, '', '', '', '', '', '', '', '', '', '', '', '', ''),
(1338, 3976, '', 43, 4, '', 'SAMSURYA JASNIADI', '', '0000-00-00', 'Laki - Laki', 'Islam', 0, '', '', 'sinto62.jpg', 0, '', 0, '', 0, '', '', '', '', '', '', '', '', '', '', '', '', ''),
(1340, 3989, '', 43, 4, '', 'SILVANI AULIA', '', '0000-00-00', 'Perempuan', 'Islam', 0, '', '', 'sinto64.jpg', 0, '', 0, '', 0, '', '', '', '', '', '', '', '', '', '', '', '', ''),
(1341, 4024, '', 43, 4, '', 'TITIP SUWARNI', '', '0000-00-00', 'Perempuan', 'Islam', 0, '', '', 'sinto65.jpg', 0, '', 0, '', 0, '', '', '', '', '', '', '', '', '', '', '', '', ''),
(1342, 4037, '', 43, 4, '', 'YANO ISWANDI', '', '0000-00-00', 'Laki - Laki', 'Islam', 0, '', '', 'sinto66.jpg', 0, '', 0, '', 0, '', '', '', '', '', '', '', '', '', '', '', '', ''),
(1343, 4045, '', 43, 4, '', 'YOLANDA', '', '0000-00-00', 'Perempuan', 'Islam', 0, '', '', 'sinto67.jpg', 0, '', 0, '', 0, '', '', '', '', '', '', '', '', '', '', '', '', ''),
(1344, 4047, '', 43, 4, '', 'YUDI ANDRI', '', '0000-00-00', 'Laki - Laki', 'Islam', 0, '', '', 'sinto68.jpg', 0, '', 0, '', 0, '', '', '', '', '', '', '', '', '', '', '', '', ''),
(1345, 2702, '', 4, 2, '', 'ALFIAN RIZKY', '', '0000-00-00', 'Laki - Laki', 'Islam', 0, '', '', '320.jpg', 0, '', 0, '', 0, '', '', '', '', '', '', '', '', '', '', '', '', ''),
(1346, 2722, '', 4, 2, '', 'ANTONI SAPUTRA', '', '0000-00-00', 'Laki - Laki', 'Islam', 0, '', '', '321.jpg', 0, '', 0, '', 0, '', '', '', '', '', '', '', '', '', '', '', '', ''),
(1347, 2739, '', 4, 2, '', 'CHAIRATAL ACHLAQ', '', '0000-00-00', 'Perempuan', 'Islam', 0, '', '', '323.jpg', 0, '', 0, '', 0, '', '', '', '', '', '', '', '', '', '', '', '', ''),
(1348, 3112, '', 4, 2, '', 'DELVIRA MARDYANIS', '', '0000-00-00', 'Perempuan', 'Islam', 0, '', '', '324.jpg', 0, '', 0, '', 0, '', '', '', '', '', '', '', '', '', '', '', '', ''),
(1349, 2766, '', 4, 2, '', 'DILA MARSANDA', '', '0000-00-00', 'Perempuan', 'Islam', 0, '', '', '325.jpg', 0, '', 0, '', 0, '', '', '', '', '', '', '', '', '', '', '', '', ''),
(1350, 2780, '', 4, 2, '', 'EKO FERNADES', '', '0000-00-00', 'Laki - Laki', 'Islam', 0, '', '', '326.jpg', 0, '', 0, '', 0, '', '', '', '', '', '', '', '', '', '', '', '', ''),
(1351, 2792, '', 4, 2, '', 'FARID AL FAJR MUHLIS', '', '0000-00-00', 'Laki - Laki', 'Islam', 0, '', '', '327.jpg', 0, '', 0, '', 0, '', '', '', '', '', '', '', '', '', '', '', '', ''),
(1352, 2812, '', 4, 2, '', 'FRANANDA M. RAWI', '', '0000-00-00', 'Laki - Laki', 'Islam', 0, '', '', '328.jpg', 0, '', 0, '', 0, '', '', '', '', '', '', '', '', '', '', '', '', ''),
(1354, 2819, '', 4, 2, '', 'HADISTHY NOVIA EKA PUTRI', '', '0000-00-00', 'Perempuan', 'Islam', 0, '', '', '330.jpg', 0, '', 0, '', 0, '', '', '', '', '', '', '', '', '', '', '', '', ''),
(1355, 2845, '', 4, 2, '', 'INTAN LESTARI', '', '0000-00-00', 'Perempuan', 'Islam', 0, '', '', '331.jpg', 0, '', 0, '', 0, '', '', '', '', '', '', '', '', '', '', '', '', ''),
(1356, 2884, '', 4, 2, '', 'MAYANG SARI', '', '0000-00-00', 'Perempuan', 'Islam', 0, '', '', '332.jpg', 0, '', 0, '', 0, '', '', '', '', '', '', '', '', '', '', '', '', ''),
(1357, 2889, '', 4, 2, '', 'MIKA SARMILA PUTRI', '', '0000-00-00', 'Perempuan', 'Islam', 0, '', '', '333.jpg', 0, '', 0, '', 0, '', '', '', '', '', '', '', '', '', '', '', '', ''),
(1358, 2894, '', 4, 2, '', 'MITA WULANDARI', '', '0000-00-00', 'Perempuan', 'Islam', 0, '', '', '334.jpg', 0, '', 0, '', 0, '', '', '', '', '', '', '', '', '', '', '', '', ''),
(1359, 2899, '', 4, 2, '', 'MUHAMMAD ADIT SUTRIA', '', '0000-00-00', 'Laki - Laki', 'Islam', 0, '', '', '335.jpg', 0, '', 0, '', 0, '', '', '', '', '', '', '', '', '', '', '', '', ''),
(1360, 2952, '', 4, 2, '', 'PUTRI RAHMADANI', '', '0000-00-00', 'Perempuan', 'Islam', 0, '', '', '336.jpg', 0, '', 0, '', 0, '', '', '', '', '', '', '', '', '', '', '', '', ''),
(1361, 2957, '', 4, 2, '', 'RACHMAD WAHYUDI', '', '0000-00-00', 'Laki - Laki', 'Islam', 0, '', '', '337.jpg', 0, '', 0, '', 0, '', '', '', '', '', '', '', '', '', '', '', '', ''),
(1362, 2978, '', 4, 2, '', 'RETNAWATI', '', '0000-00-00', 'Perempuan', 'Islam', 0, '', '', '338.jpg', 0, '', 0, '', 0, '', '', '', '', '', '', '', '', '', '', '', '', ''),
(1363, 2986, '', 4, 2, '', 'RIDHO AKBARI', '', '0000-00-00', 'Laki - Laki', 'Islam', 0, '', '', '339.jpg', 0, '', 0, '', 0, '', '', '', '', '', '', '', '', '', '', '', '', ''),
(1364, 3010, '', 4, 2, '', 'RIZAL EFENDI', '', '0000-00-00', 'Laki - Laki', 'Islam', 0, '', '', '340.jpg', 0, '', 0, '', 0, '', '', '', '', '', '', '', '', '', '', '', '', ''),
(1365, 3048, '', 4, 2, '', 'SUCI INDAH PERMATA SARI', '', '0000-00-00', 'Perempuan', 'Islam', 0, '', '', '341.jpg', 0, '', 0, '', 0, '', '', '', '', '', '', '', '', '', '', '', '', ''),
(1366, 3052, '', 4, 2, '', 'SYAFRI JAMI', '', '0000-00-00', 'Laki - Laki', 'Islam', 0, '', '', '342.jpg', 0, '', 0, '', 0, '', '', '', '', '', '', '', '', '', '', '', '', ''),
(1367, 3071, '', 4, 2, '', 'VEBBY YULIANA PUTRI', '', '0000-00-00', 'Perempuan', 'Islam', 0, '', '', '343.jpg', 0, '', 0, '', 0, '', '', '', '', '', '', '', '', '', '', '', '', ''),
(1368, 3093, '', 4, 2, '', 'YOLA FEBRIANA', '', '0000-00-00', 'Perempuan', 'Islam', 0, '', '', '344.jpg', 0, '', 0, '', 0, '', '', '', '', '', '', '', '', '', '', '', '', ''),
(1369, 3101, '', 4, 2, '', 'YULIANA PUTRI', '', '0000-00-00', 'Perempuan', 'Islam', 0, '', '', '345.jpg', 0, '', 0, '', 0, '', '', '', '', '', '', '', '', '', '', '', '', ''),
(1370, 3104, '', 4, 2, '', 'YUSUF ALHADI', '', '0000-00-00', 'Laki - Laki', 'Islam', 0, '', '', '346.jpg', 0, '', 0, '', 0, '', '', '', '', '', '', '', '', '', '', '', '', ''),
(1371, 2683, '', 15, 5, '', 'ABDI FEBRIANDI', '', '0000-00-00', 'Laki - Laki', 'Islam', 0, '', '', '347.jpg', 0, '', 0, '', 0, '', '', '', '', '', '', '', '', '', '', '', '', ''),
(1372, 2685, '', 15, 5, '', 'ADE AHMAT IRAWAN', '', '0000-00-00', 'Laki - Laki', 'Islam', 0, '', '', '348.jpg', 0, '', 0, '', 0, '', '', '', '', '', '', '', '', '', '', '', '', ''),
(1373, 2698, '', 15, 5, '', 'ALDY AFRIANDI', '', '0000-00-00', 'Laki - Laki', 'Islam', 0, '', '', '349.jpg', 0, '', 0, '', 0, '', '', '', '', '', '', '', '', '', '', '', '', ''),
(1374, 2706, '', 15, 5, '', 'ALMUHARDI', '', '0000-00-00', 'Laki - Laki', 'Islam', 0, '', '', '373.jpg', 0, '', 0, '', 0, '', '', '', '', '', '', '', '', '', '', '', '', ''),
(1375, 2728, '', 15, 5, '', 'ARIF', '', '0000-00-00', 'Laki - Laki', 'Islam', 0, '', '', '351.jpg', 0, '', 0, '', 0, '', '', '', '', '', '', '', '', '', '', '', '', ''),
(1376, 40005, '', 15, 5, '', 'DELVIS FIRMANSYAH', '', '0000-00-00', 'Laki - Laki', 'Islam', 0, '', '', '352.jpg', 0, '', 0, '', 0, '', '', '', '', '', '', '', '', '', '', '', '', ''),
(1377, 2753, '', 15, 5, '', 'DERI PERDANA', '', '0000-00-00', 'Laki - Laki', 'Islam', 0, '', '', '353.jpg', 0, '', 0, '', 0, '', '', '', '', '', '', '', '', '', '', '', '', ''),
(1378, 2758, '', 15, 5, '', 'DESRINALDI', '', '0000-00-00', 'Laki - Laki', 'Islam', 0, '', '', '354.jpg', 0, '', 0, '', 0, '', '', '', '', '', '', '', '', '', '', '', '', ''),
(1379, 2791, '', 15, 5, '', 'FANDI ASMAN', '', '0000-00-00', 'Laki - Laki', 'Islam', 0, '', '', '374.jpg', 0, '', 0, '', 0, '', '', '', '', '', '', '', '', '', '', '', '', ''),
(1380, 2813, '', 15, 5, '', 'GIFHARI MUZERA', '', '0000-00-00', 'Laki - Laki', 'Islam', 0, '', '', '375.jpg', 0, '', 0, '', 0, '', '', '', '', '', '', '', '', '', '', '', '', ''),
(1381, 2835, '', 15, 5, '', 'ILHAM KURNIAWAN', '', '0000-00-00', 'Laki - Laki', 'Islam', 0, '', '', '357.jpg', 0, '', 0, '', 0, '', '', '', '', '', '', '', '', '', '', '', '', ''),
(1382, 2851, '', 15, 5, '', 'JEFRI FAZIRMAIYENDRI', '', '0000-00-00', 'Laki - Laki', 'Islam', 0, '', '', '376.jpg', 0, '', 0, '', 0, '', '', '', '', '', '', '', '', '', '', '', '', ''),
(1384, 2902, '', 15, 5, '', 'MUHAMMAD GUSRIADI', '', '0000-00-00', 'Laki - Laki', 'Islam', 0, '', '', '360.jpg', 0, '', 0, '', 0, '', '', '', '', '', '', '', '', '', '', '', '', ''),
(1385, 2905, '', 15, 5, '', 'MUHAMMAD NOVAL', '', '0000-00-00', 'Laki - Laki', 'Islam', 0, '', '', '361.jpg', 0, '', 0, '', 0, '', '', '', '', '', '', '', '', '', '', '', '', ''),
(1386, 2910, '', 15, 5, '', 'MULIA JULI', '', '0000-00-00', 'Laki - Laki', 'Islam', 0, '', '', '362.jpg', 0, '', 0, '', 0, '', '', '', '', '', '', '', '', '', '', '', '', ''),
(1387, 40006, '', 15, 5, '', 'RAHMAD DANI', '', '0000-00-00', 'Laki - Laki', 'Islam', 0, '', '', '363.jpg', 0, '', 0, '', 0, '', '', '', '', '', '', '', '', '', '', '', '', ''),
(1388, 2985, '', 15, 5, '', 'RIANSYAH', '', '0000-00-00', 'Laki - Laki', 'Islam', 0, '', '', '364.jpg', 0, '', 0, '', 0, '', '', '', '', '', '', '', '', '', '', '', '', ''),
(1389, 2990, '', 15, 5, '', 'RIFKY ADNOF SALMI', '', '0000-00-00', 'Laki - Laki', 'Islam', 0, '', '', '365.jpg', 0, '', 0, '', 0, '', '', '', '', '', '', '', '', '', '', '', '', ''),
(1390, 2992, '', 15, 5, '', 'RIKO SAPUTRA', '', '0000-00-00', 'Laki - Laki', 'Islam', 0, '', '', '366.jpg', 0, '', 0, '', 0, '', '', '', '', '', '', '', '', '', '', '', '', ''),
(1391, 3014, '', 15, 5, '', 'ROMI AL CANDRA', '', '0000-00-00', 'Laki - Laki', 'Islam', 0, '', '', '367.jpg', 0, '', 0, '', 0, '', '', '', '', '', '', '', '', '', '', '', '', ''),
(1392, 3026, '', 15, 5, '', 'SADRI FAIDRIS', '', '0000-00-00', 'Laki - Laki', 'Islam', 0, '', '', '368.jpg', 0, '', 0, '', 0, '', '', '', '', '', '', '', '', '', '', '', '', ''),
(1394, 3068, '', 15, 5, '', 'TOMI JEVISA', '', '0000-00-00', 'Laki - Laki', 'Islam', 0, '', '', '370.jpg', 0, '', 0, '', 0, '', '', '', '', '', '', '', '', '', '', '', '', ''),
(1395, 3091, '', 15, 5, '', 'YOGI SAPUTRA', '', '0000-00-00', 'Laki - Laki', 'Islam', 0, '', '', '371.jpg', 0, '', 0, '', 0, '', '', '', '', '', '', '', '', '', '', '', '', ''),
(1396, 40007, '', 15, 5, '', 'YOHANDA', '', '0000-00-00', 'Laki - Laki', 'Islam', 0, '', '', '372.jpg', 0, '', 0, '', 0, '', '', '', '', '', '', '', '', '', '', '', '', ''),
(1397, 2689, '', 16, 5, '', 'AFDAL MUBARAK', '', '0000-00-00', 'Laki - Laki', 'Islam', 0, '', '', '378.jpg', 0, '', 0, '', 0, '', '', '', '', '', '', '', '', '', '', '', '', ''),
(1398, 2700, '', 16, 5, '', 'ALFAJAR WAHYUDI', '', '0000-00-00', 'Laki - Laki', 'Islam', 0, '', '', '379.jpg', 0, '', 0, '', 0, '', '', '', '', '', '', '', '', '', '', '', '', ''),
(1399, 2715, '', 16, 5, '', 'ARI PUTRA TANJUNG', '', '0000-00-00', 'Laki - Laki', 'Islam', 0, '', '', '380.jpg', 0, '', 0, '', 0, '', '', '', '', '', '', '', '', '', '', '', '', ''),
(1400, 2734, '', 16, 5, '', 'BENI FIRMANSYAH', '', '0000-00-00', 'Laki - Laki', 'Islam', 0, '', '', '42.jpg', 0, '', 0, '', 0, '', '', '', '', '', '', '', '', '', '', '', '', ''),
(1401, 2754, '', 16, 5, '', 'DERY AGUSTIARMAN', '', '0000-00-00', 'Laki - Laki', 'Islam', 0, '', '', '382.jpg', 0, '', 0, '', 0, '', '', '', '', '', '', '', '', '', '', '', '', ''),
(1402, 2775, '', 16, 5, '', 'DODI IZMAHENDRA', '', '0000-00-00', 'Laki - Laki', 'Islam', 0, '', '', '383.jpg', 0, '', 0, '', 0, '', '', '', '', '', '', '', '', '', '', '', '', ''),
(1403, 40008, '', 16, 5, '', 'FADLI FATURAHMAN', '', '0000-00-00', 'Laki - Laki', 'Islam', 0, '', '', '384.jpg', 0, '', 0, '', 0, '', '', '', '', '', '', '', '', '', '', '', '', ''),
(1404, 2794, '', 16, 5, '', 'FEBRI ADAM FIRMANZAH', '', '0000-00-00', 'Laki - Laki', 'Islam', 0, '', '', '385.jpg', 0, '', 0, '', 0, '', '', '', '', '', '', '', '', '', '', '', '', ''),
(1405, 2821, '', 16, 5, '', 'HARZIL FADLI', '', '0000-00-00', 'Laki - Laki', 'Islam', 0, '', '', '386.jpg', 0, '', 0, '', 0, '', '', '', '', '', '', '', '', '', '', '', '', ''),
(1406, 2826, '', 16, 5, '', 'HENDRI PRIYONO', '', '0000-00-00', 'Laki - Laki', 'Islam', 0, '', '', '387.jpg', 0, '', 0, '', 0, '', '', '', '', '', '', '', '', '', '', '', '', ''),
(1407, 2827, '', 16, 5, '', 'HENDRIZAL ', '', '0000-00-00', 'Laki - Laki', 'Islam', 0, '', '', '388.jpg', 0, '', 0, '', 0, '', '', '', '', '', '', '', '', '', '', '', '', ''),
(1408, 2836, '', 16, 5, '', 'ILHAM MUHARDI', '', '0000-00-00', 'Laki - Laki', 'Islam', 0, '', '', '389.jpg', 0, '', 0, '', 0, '', '', '', '', '', '', '', '', '', '', '', '', ''),
(1409, 2860, '', 16, 5, '', 'KHAIRUL AMRI', '', '0000-00-00', 'Laki - Laki', 'Islam', 0, '', '', '390.jpg', 0, '', 0, '', 0, '', '', '', '', '', '', '', '', '', '', '', '', ''),
(1410, 2882, '', 16, 5, '', 'MAHENDRA LISNA PUTRA', '', '0000-00-00', 'Laki - Laki', 'Islam', 0, '', '', '391.jpg', 0, '', 0, '', 0, '', '', '', '', '', '', '', '', '', '', '', '', ''),
(1411, 2906, '', 16, 5, '', 'MUHAMMAD PRAYOGA', '', '0000-00-00', 'Laki - Laki', 'Islam', 0, '', '', '392.jpg', 0, '', 0, '', 0, '', '', '', '', '', '', '', '', '', '', '', '', ''),
(1412, 2942, '', 16, 5, '', 'NOVRIO  EFENDI', '', '0000-00-00', 'Laki - Laki', 'Islam', 0, '', '', '393.jpg', 0, '', 0, '', 0, '', '', '', '', '', '', '', '', '', '', '', '', ''),
(1413, 2961, '', 16, 5, '', 'RAHMAD DANIL', '', '0000-00-00', 'Laki - Laki', 'Islam', 0, '', '', '394.jpg', 0, '', 0, '', 0, '', '', '', '', '', '', '', '', '', '', '', '', ''),
(1414, 2987, '', 16, 5, '', 'RIDHO HADINATA', '', '0000-00-00', 'Laki - Laki', 'Islam', 0, '', '', '395.jpg', 0, '', 0, '', 0, '', '', '', '', '', '', '', '', '', '', '', '', ''),
(1415, 2991, '', 16, 5, '', 'RIKO HABILULLAH', '', '0000-00-00', 'Laki - Laki', 'Islam', 0, '', '', '396.jpg', 0, '', 0, '', 0, '', '', '', '', '', '', '', '', '', '', '', '', ''),
(1416, 2989, '', 16, 5, '', 'RIVO SYAPUTRA', '', '0000-00-00', 'Laki - Laki', 'Islam', 0, '', '', '397.jpg', 0, '', 0, '', 0, '', '', '', '', '', '', '', '', '', '', '', '', ''),
(1417, 3016, '', 16, 5, '', 'RONI AFRIDHO', '', '0000-00-00', 'Laki - Laki', 'Islam', 0, '', '', '398.jpg', 0, '', 0, '', 0, '', '', '', '', '', '', '', '', '', '', '', '', ''),
(1418, 3023, '', 16, 5, '', 'RYAN PRATAMA', '', '0000-00-00', 'Laki - Laki', 'Islam', 0, '', '', '399.jpg', 0, '', 0, '', 0, '', '', '', '', '', '', '', '', '', '', '', '', ''),
(1419, 3057, '', 16, 5, '', 'SYAFRIZEN', '', '0000-00-00', 'Laki - Laki', 'Islam', 0, '', '', '4.jpg', 0, '', 0, '', 0, '', '', '', '', '', '', '', '', '', '', '', '', ''),
(1420, 3075, '', 16, 5, '', 'WAHYUDI', '', '0000-00-00', 'Laki - Laki', 'Islam', 0, '', '', '41.jpg', 0, '', 0, '', 0, '', '', '', '', '', '', '', '', '', '', '', '', ''),
(1421, 3038, '', 7, 3, '', 'SILVIA NOFRIYANTI', '', '0000-00-00', 'Perempuan', 'Islam', 0, '', '', '43.jpg', 0, '', 0, '', 0, '', '', '', '', '', '', '', '', '', '', '', '', ''),
(1422, 2901, '', 17, 4, '', 'MUHAMMAD FADLI NURIZA', '', '0000-00-00', 'Laki - Laki', 'Islam', 0, '', '', '45.jpg', 0, '', 0, '', 0, '', '', '', '', '', '', '', '', '', '', '', '', ''),
(1423, 2915, '', 17, 4, '', 'NADIA RAMADHANI', '', '0000-00-00', 'Laki - Laki', 'Islam', 0, '', '', '46.jpg', 0, '', 0, '', 0, '', '', '', '', '', '', '', '', '', '', '', '', ''),
(1424, 2944, '', 17, 4, '', 'NURMA YURNELI', '', '0000-00-00', 'Laki - Laki', 'Islam', 0, '', '', '47.jpg', 0, '', 0, '', 0, '', '', '', '', '', '', '', '', '', '', '', '', ''),
(1425, 2783, '', 19, 4, '', 'ELSYA RAMADHANA', '', '0000-00-00', 'Laki - Laki', 'Islam', 0, '', '', '48.jpg', 0, '', 0, '', 0, '', '', '', '', '', '', '', '', '', '', '', '', ''),
(1426, 3810, '', 40, 2, '', 'KARMILA', '', '0000-00-00', 'Perempuan', 'Islam', 0, '', '', 'sinto76.jpg', 0, '', 0, '', 0, '', '', '', '', '', '', '', '', '', '', '', '', ''),
(1428, 3951, '', 40, 2, '', 'RIYAN FERNANDES', '', '0000-00-00', 'Laki - Laki', 'Islam', 0, '', '', 'sinto78.jpg', 0, '', 0, '', 0, '', '', '', '', '', '', '', '', '', '', '', '', ''),
(1429, 3936, '', 40, 2, '', 'REZKY PUTRA', '', '0000-00-00', 'Laki - Laki', 'Islam', 0, '', '', 'sinto79.jpg', 0, '', 0, '', 0, '', '', '', '', '', '', '', '', '', '', '', '', ''),
(1430, 3998, '', 40, 2, '', 'SONNYA YUNITA', '', '0000-00-00', 'Laki - Laki', 'Islam', 0, '', '', 'sinto80.jpg', 0, '', 0, '', 0, '', '', '', '', '', '', '', '', '', '', '', '', ''),
(1431, 3619, '', 42, 4, '', 'ABDUL GANI', '', '0000-00-00', 'Laki - Laki', 'Islam', 0, '', '', 'sintoga.jpg', 0, '', 0, '', 0, '', '', '', '', '', '', '', '', '', '', '', '', ''),
(1432, 3632, '', 42, 4, '', 'AHMAD IRVANDI', '', '0000-00-00', 'Laki - Laki', 'Islam', 0, '', '', 'sintoga1.jpg', 0, '', 0, '', 0, '', '', '', '', '', '', '', '', '', '', '', '', ''),
(1433, 3638, '', 42, 4, '', 'AKBAR FADILAH', '', '0000-00-00', 'Laki - Laki', 'Islam', 0, '', '', 'sintoga2.jpg', 0, '', 0, '', 0, '', '', '', '', '', '', '', '', '', '', '', '', ''),
(1434, 3639, '', 42, 4, '', 'AKHLAKUL KARIMA', '', '0000-00-00', 'Perempuan', 'Islam', 0, '', '', 'sintoga3.jpg', 0, '', 0, '', 0, '', '', '', '', '', '', '', '', '', '', '', '', ''),
(1435, 3644, '', 42, 4, '', 'ALDI ALVIN SAPUTRA', '', '0000-00-00', 'Laki - Laki', 'Islam', 0, '', '', 'sinto81.jpg', 0, '', 0, '', 0, '', '', '', '', '', '', '', '', '', '', '', '', ''),
(1436, 3658, '', 42, 4, '', 'AMALIA KARTIKA', '', '0000-00-00', 'Laki - Laki', 'Islam', 0, '', '', 'sinto82.jpg', 0, '', 0, '', 0, '', '', '', '', '', '', '', '', '', '', '', '', ''),
(1437, 3660, '', 42, 4, '', 'ANDIKA AFDAL CHANIAGO', '', '0000-00-00', 'Laki - Laki', 'Islam', 0, '', '', 'sinto83.jpg', 0, '', 0, '', 0, '', '', '', '', '', '', '', '', '', '', '', '', ''),
(1438, 3670, '', 42, 4, '', 'ANTONY SAPUTRA', '', '0000-00-00', 'Laki - Laki', 'Islam', 0, '', '', 'sinto84.jpg', 0, '', 0, '', 0, '', '', '', '', '', '', '', '', '', '', '', '', ''),
(1439, 3753, '', 43, 4, '', 'FIFI YULIANI', '', '0000-00-00', 'Perempuan', 'Islam', 0, '', '', 'bkk_sintoga14.jpg', 0, '', 0, '', 0, '', '', '', '', '', '', '', '', '', '', '', '', ''),
(1440, 2742, '', 5, 2, '', 'DANI SAPUTRA', '', '0000-00-00', 'Laki - Laki', 'Islam', 0, '', '', 'sinto85.jpg', 0, '', 0, '', 0, '', '', '', '', '', '', '', '', '', '', '', '', ''),
(1441, 2796, '', 5, 2, '', 'FEBRI MARTIAS', '', '0000-00-00', 'Laki - Laki', 'Islam', 0, '', '', 'sinto86.jpg', 0, '', 0, '', 0, '', '', '', '', '', '', '', '', '', '', '', '', ''),
(1442, 3071, '', 6, 2, '', 'VEBBY YULIANA PUTRI', '', '0000-00-00', 'Perempuan', 'Islam', 0, '', '', 'sinto87.jpg', 0, '', 0, '', 0, '', '', '', '', '', '', '', '', '', '', '', '', ''),
(1443, 2018, '', 33, 5, '', 'EKO ANUGRAH', '', '0000-00-00', 'Laki - Laki', 'Islam', 0, '', '', 'sinto88.jpg', 0, '', 0, '', 0, '', '', '', '', '', '', '', '', '', '', '', '', ''),
(1444, 825, '', 34, 5, '', 'ABDURRAHMAN', '', '0000-00-00', 'Laki - Laki', 'Islam', 0, '', '', 'sinto89.jpg', 0, '', 0, '', 0, '', '', '', '', '', '', '', '', '', '', '', '', ''),
(1445, 4008, '', 37, 1, '', 'SYAIDATUL MARDIYAH', '', '0000-00-00', 'Perempuan', 'Islam', 0, '', '', 'sinto90.jpg', 0, '', 0, '', 0, '', '', '', '', '', '', '', '', '', '', '', '', ''),
(1446, 4005, '', 38, 1, '', 'SYAFNI AULYYA', '', '0000-00-00', 'Perempuan', 'Islam', 0, '', '', 'sinto91.jpg', 0, '', 0, '', 0, '', '', '', '', '', '', '', '', '', '', '', '', ''),
(1447, 4002, '', 41, 2, '', 'SURYA FAHRI ADITYA', '', '0000-00-00', 'Laki - Laki', 'Islam', 0, '', '', 'sinto92.jpg', 0, '', 0, '', 0, '', '', '', '', '', '', '', '', '', '', '', '', ''),
(1448, 3620, '', 43, 4, '', 'ABDUL HAKIM', '', '0000-00-00', 'Laki - Laki', 'Islam', 0, '', '', 'sinto93.jpg', 0, '', 0, '', 0, '', '', '', '', '', '', '', '', '', '', '', '', ''),
(1449, 3661, '', 43, 4, '', 'ANDIKA PRATAMA', '', '0000-00-00', 'Laki - Laki', 'Islam', 0, '', '', 'sinto94.jpg', 0, '', 0, '', 0, '', '', '', '', '', '', '', '', '', '', '', '', ''),
(1450, 3740, '', 43, 4, '', 'FAJRI YUDHA RAHMAT', '', '0000-00-00', 'Laki - Laki', 'Islam', 0, '', '', 'sinto95.jpg', 0, '', 0, '', 0, '', '', '', '', '', '', '', '', '', '', '', '', ''),
(1451, 3801, '', 43, 4, '', 'ITMAMUDDIN', '', '0000-00-00', 'Laki - Laki', 'Islam', 0, '', '', 'sinto96.jpg', 0, '', 0, '', 0, '', '', '', '', '', '', '', '', '', '', '', '', ''),
(1452, 3858, '', 43, 4, '', 'MUHAMMAD NUR HIDAYAH', '', '0000-00-00', 'Laki - Laki', 'Islam', 0, '', '', 'sinto97.jpg', 0, '', 0, '', 0, '', '', '', '', '', '', '', '', '', '', '', '', ''),
(1453, 3640, '', 48, 5, '', 'AKRIA AGI WINATA', '', '0000-00-00', 'Laki - Laki', 'Islam', 0, '', '', 'sinto98.jpg', 0, '', 0, '', 0, '', '', '', '', '', '', '', '', '', '', '', '', ''),
(1454, 3747, '', 49, 5, '', 'FEBRYAN EKO PUTRA', '', '0000-00-00', 'Laki - Laki', 'Islam', 0, '', '', 'sinto99.jpg', 0, '', 0, '', 0, '', '', '', '', '', '', '', '', '', '', '', '', '');

-- --------------------------------------------------------

--
-- Table structure for table `user`
--

CREATE TABLE `user` (
  `id_user` int(10) NOT NULL,
  `username` varchar(130) NOT NULL,
  `password` varchar(30) NOT NULL,
  `level` varchar(10) NOT NULL,
  `nama` varchar(50) NOT NULL,
  `id_jur` int(20) NOT NULL,
  `id_kelas` int(20) NOT NULL
) ENGINE=MyISAM DEFAULT CHARSET=latin1;

--
-- Dumping data for table `user`
--

INSERT INTO `user` (`id_user`, `username`, `password`, `level`, `nama`, `id_jur`, `id_kelas`) VALUES
(1, '1001', 'setuju', 'admin', 'Rika Pertiwi, S.Pd', 0, 0),
(44, '1001', 'piket', 'piket', '1', 0, 0),
(43, '10305575186001', 'L21A4', 'guru', '3', 0, 0),
(42, '8085605101', 'guru', 'guru', '51', 0, 0),
(41, '10305575184001  ', '7TFN1', 'guru', '2', 0, 0),
(49, '10305575187002', 'F514W', 'guru', '5', 0, 0),
(50, '10305575188003', 'O18RZ', 'guru', '6', 0, 0),
(51, '10305575188004', '1E4GT', 'guru', '7', 0, 0),
(52, '10305575189001', 'QMH53', 'guru', '8', 0, 0),
(53, '12345', '9IERN', 'guru', '9', 0, 0),
(54, '1644760661210172', 'BQK9H', 'guru', '10', 0, 0),
(55, '19631202', 'NKTPT', 'guru', '11', 0, 0),
(56, '196406251994032001', 'XT07K', 'guru', '12', 0, 0),
(57, '196411151988031003', 'D731L', 'wakil', '13', 0, 0),
(58, '196508301997021002', '8L7Y3', 'guru', '14', 0, 0),
(59, '196707131990032005', 'VX5NT', 'guru', '15', 0, 0),
(60, '196707161992032006', 'UBINJ', 'guru', '16', 0, 0),
(61, '196804061992032004', 'TUGBH', 'wakil', '17', 0, 0),
(62, '197006162008012005', 'FGGMS', 'guru', '18', 0, 0),
(63, '197206302008012002', 'O7A6N', 'guru', '19', 0, 0),
(64, '197206302008012002', '0OIMY', 'guru', '19', 0, 0),
(65, '197303282014061004', 'CNS3P', 'guru', '20', 0, 0),
(66, '197304151999031004', '5OX3E', 'guru', '21', 0, 0),
(67, '197304282008012002', 'I7ZUF', 'guru', '22', 0, 0),
(68, '197308132009022002', 'QR1G5', 'guru', '23', 0, 0),
(69, '197311062008012003', 'QDHNG', 'guru', '24', 0, 0),
(72, '197603282009022002', 'AQLBD', 'guru', '26', 0, 0),
(71, '197408022014062002', 'YFTOL', 'guru', '25', 0, 0),
(73, '197611182014062005', 'SG6XX', 'guru', '27', 0, 0),
(74, '197702042005011006', '6I2PO', 'wakil', '28', 0, 0),
(148, '11111111', '2PXX7', 'piket', '103', 0, 0),
(76, '198108142014062006', 'CD0I4', 'guru', '30', 0, 0),
(77, '19820627', 'ALAPP', 'guru', '31', 0, 0),
(78, '198412272009012002', 'DKW6H', 'guru', '32', 0, 0),
(79, '198502202008041001', 'C5UBW', 'guru', '33', 0, 0),
(80, '198506192009012001', 'ZQP0M', 'guru', '34', 0, 0),
(81, '198508132009022002', '27KYP', 'guru', '35', 0, 0),
(82, '19881210', '4H3BG', 'guru', '36', 0, 0),
(83, '19910708', 'O9HZ1', 'guru', '37', 0, 0),
(84, '2348741649300003', 'T4VBC', 'guru', '38', 0, 0),
(85, '2503052949', 'A4P84', 'guru', '39', 0, 0),
(86, '3261767668130073', '6MH7L', 'guru', '40', 0, 0),
(88, '5161756657300013', 'QQFI8', 'guru', '41', 0, 0),
(89, '5545765290', '501NN', 'guru', '42', 0, 0),
(90, '5801020691', 'XQAU9', 'guru', '43', 0, 0),
(91, '6435743646300063', '7OVYB', 'guru', '44', 0, 0),
(92, '197303242008011003', 'FPAKY', 'guru', '45', 0, 0),
(93, '6593784071', '12juni', 'guru', '46', 0, 0),
(94, '6823835540', 'BHX8E', 'guru', '47', 0, 0),
(95, '7325906522', '0D2TA', 'guru', '48', 0, 0),
(96, '7350764666300063', 'WOWSP', 'guru', '49', 0, 0),
(97, '7933763665200012', 'A33GH', 'guru', '50', 0, 0),
(98, '8854752653300042', 'F4FM5', 'guru', '52', 0, 0),
(99, '8854752653300042', 'F4FM5', 'guru', '52', 0, 0),
(100, '9463751653200002', 'ZO5VB', 'guru', '53', 0, 0),
(101, '9496200429', 'MR120118', 'guru', '54', 0, 0),
(102, '3583280181', 'L190A', 'guru', '56', 0, 0),
(103, '4653760661300022', 'SYLIN', 'guru', '57', 0, 0),
(104, '196902211994122003', '7FDPE', 'guru', '58', 0, 0),
(105, '2362498228', '9WUAH', 'guru', '59', 0, 0),
(106, '10305575189003', 'GBBOV', 'guru', '60', 0, 0),
(107, '3390355369', '3QOZ1', 'guru', '61', 0, 0),
(108, '10305575192001  ', 'DKRTI', 'guru', '62', 0, 0),
(109, '2832534385', '561OX', 'guru', '63', 0, 0),
(110, '196707051992031006', '37NE5', 'wakil', '64', 0, 0),
(111, '5046763664300053', 'E9RZT', 'guru', '65', 0, 0),
(112, '7853343060', 'T3JOD', 'guru', '67', 0, 0),
(113, '9150759661110073', '1F4LT', 'guru', '68', 0, 0),
(114, '3564308754', 'APGJ1', 'guru', '69', 0, 0),
(115, '197602272009022001', '7ICX3', 'guru', '70', 0, 0),
(116, '0839758659300072', 'OHVY2', 'guru', '71', 0, 0),
(117, '198505302010012045', '300585', 'guru', '72', 0, 0),
(118, '196901142007012005', 'UILU9', 'guru', '73', 0, 0),
(119, '9491561499', 'PNLIB', 'guru', '74', 0, 0),
(120, '6739764665220002', 'OIYWC', 'guru', '75', 0, 0),
(121, '10301802189001', 'PD6F4', 'guru', '76', 0, 0),
(122, '197312102014062006', '8CC7B', 'guru', '77', 0, 0),
(123, '198106142008032001', 'TSKCI', 'guru', '78', 0, 0),
(124, '196606212007011003', 'R3TAG', 'guru', '79', 0, 0),
(125, '197509122009012002', 'CJ1FL', 'guru', '80', 0, 0),
(126, '196706021993032006', '0XE3M', 'guru', '81', 0, 0),
(127, '5455753655200002', '2EWZS', 'guru', '82', 0, 0),
(128, '196905062007011011', 'EEJAQ', 'guru', '83', 0, 0),
(129, '12121212', 'AXTO7', 'guru', '85', 0, 0),
(130, '5010340397', '27F2K', 'guru', '84', 0, 0),
(131, '23232323', 'Y2OA2', 'guru', '86', 0, 0),
(132, '34343434', 'H1VJO', 'guru', '87', 0, 0),
(133, '45454545', 'NFM3G', 'guru', '88', 0, 0),
(134, '56565656', 'VB541', 'guru', '89', 0, 0),
(135, '676767', 'B3F9W', 'guru', '90', 0, 0),
(136, '898989', 'MF1YK', 'guru', '92', 0, 0),
(137, '787878', 'VFRXG', 'guru', '91', 0, 0),
(138, '919191', 'W6CBR', 'guru', '93', 0, 0),
(139, '939393', 'MSTHT', 'guru', '94', 0, 0),
(140, '929292', 'U43RT', 'guru', '95', 0, 0),
(141, '949494', '33OUD', 'guru', '96', 0, 0),
(142, '959595', 'JDLI7', 'guru', '97', 0, 0),
(143, '969696', '6346U', 'guru', '98', 0, 0),
(144, '5149753655200033', 'BFRAO', 'guru', '99', 0, 0),
(145, '979797', 'UK6VH', 'guru', '100', 0, 0),
(146, '878787', '2Z8H4', 'guru', '101', 0, 0),
(147, '54321', 'KXVNZ', 'guru', '102', 0, 0),
(149, '2687', 'murid', 'murid', 'Adina Hasnah', 1, 3),
(150, '2101', 'sama', 'guru', 'Rika Pertiwi, S.Pd', 0, 0),
(151, '2194', '12345', 'murid', 'Siska', 1, 1);

--
-- Indexes for dumped tables
--

--
-- Indexes for table `absen`
--
ALTER TABLE `absen`
  ADD PRIMARY KEY (`id_absen`),
  ADD KEY `id_guru` (`id_guru`),
  ADD KEY `id_siswa` (`id_siswa`),
  ADD KEY `id_kelas` (`id_kelas`),
  ADD KEY `id_sem` (`id_sem`),
  ADD KEY `id_jur` (`id_jur`),
  ADD KEY `id_mapel` (`id_mapel`);

--
-- Indexes for table `absen_guru`
--
ALTER TABLE `absen_guru`
  ADD PRIMARY KEY (`id_absenguru`),
  ADD KEY `id_guru` (`id_guru`),
  ADD KEY `id_kelas` (`id_kelas`),
  ADD KEY `id_jur` (`id_jur`),
  ADD KEY `id_jam` (`id_jam`),
  ADD KEY `id_mapel` (`id_mapel`),
  ADD KEY `id_sem` (`id_sem`),
  ADD KEY `id_hari` (`id_hari`);

--
-- Indexes for table `berita`
--
ALTER TABLE `berita`
  ADD PRIMARY KEY (`id_berita`);

--
-- Indexes for table `guru`
--
ALTER TABLE `guru`
  ADD PRIMARY KEY (`id_guru`);

--
-- Indexes for table `hari`
--
ALTER TABLE `hari`
  ADD PRIMARY KEY (`id_hari`);

--
-- Indexes for table `jadwal`
--
ALTER TABLE `jadwal`
  ADD PRIMARY KEY (`id_jadwal`),
  ADD KEY `id_kelas` (`id_kelas`),
  ADD KEY `id_jur` (`id_jur`),
  ADD KEY `id_mapel` (`id_mapel`),
  ADD KEY `id_hari` (`id_hari`);

--
-- Indexes for table `jam`
--
ALTER TABLE `jam`
  ADD PRIMARY KEY (`id_jam`);

--
-- Indexes for table `jurusan`
--
ALTER TABLE `jurusan`
  ADD PRIMARY KEY (`id_jur`);

--
-- Indexes for table `kelas`
--
ALTER TABLE `kelas`
  ADD PRIMARY KEY (`id_kelas`),
  ADD KEY `id_jur` (`id_jur`);

--
-- Indexes for table `mapel`
--
ALTER TABLE `mapel`
  ADD PRIMARY KEY (`id_mapel`),
  ADD KEY `id_guru` (`id_guru`),
  ADD KEY `id_kelas` (`id_kelas`),
  ADD KEY `id_jam` (`id_jam`);

--
-- Indexes for table `semester`
--
ALTER TABLE `semester`
  ADD PRIMARY KEY (`id_sem`);

--
-- Indexes for table `siswa`
--
ALTER TABLE `siswa`
  ADD PRIMARY KEY (`id_siswa`),
  ADD KEY `id_kelas` (`id_kelas`);

--
-- Indexes for table `user`
--
ALTER TABLE `user`
  ADD PRIMARY KEY (`id_user`),
  ADD KEY `username` (`username`);

--
-- AUTO_INCREMENT for dumped tables
--

--
-- AUTO_INCREMENT for table `absen`
--
ALTER TABLE `absen`
  MODIFY `id_absen` int(50) NOT NULL AUTO_INCREMENT, AUTO_INCREMENT=2382;
--
-- AUTO_INCREMENT for table `absen_guru`
--
ALTER TABLE `absen_guru`
  MODIFY `id_absenguru` int(50) NOT NULL AUTO_INCREMENT, AUTO_INCREMENT=2042;
--
-- AUTO_INCREMENT for table `berita`
--
ALTER TABLE `berita`
  MODIFY `id_berita` int(20) NOT NULL AUTO_INCREMENT;
--
-- AUTO_INCREMENT for table `guru`
--
ALTER TABLE `guru`
  MODIFY `id_guru` int(150) NOT NULL AUTO_INCREMENT, AUTO_INCREMENT=104;
--
-- AUTO_INCREMENT for table `hari`
--
ALTER TABLE `hari`
  MODIFY `id_hari` int(20) NOT NULL AUTO_INCREMENT, AUTO_INCREMENT=7;
--
-- AUTO_INCREMENT for table `jadwal`
--
ALTER TABLE `jadwal`
  MODIFY `id_jadwal` int(50) NOT NULL AUTO_INCREMENT, AUTO_INCREMENT=692;
--
-- AUTO_INCREMENT for table `jam`
--
ALTER TABLE `jam`
  MODIFY `id_jam` int(20) NOT NULL AUTO_INCREMENT, AUTO_INCREMENT=69;
--
-- AUTO_INCREMENT for table `jurusan`
--
ALTER TABLE `jurusan`
  MODIFY `id_jur` int(10) NOT NULL AUTO_INCREMENT, AUTO_INCREMENT=6;
--
-- AUTO_INCREMENT for table `kelas`
--
ALTER TABLE `kelas`
  MODIFY `id_kelas` int(5) NOT NULL AUTO_INCREMENT, AUTO_INCREMENT=50;
--
-- AUTO_INCREMENT for table `mapel`
--
ALTER TABLE `mapel`
  MODIFY `id_mapel` int(50) NOT NULL AUTO_INCREMENT, AUTO_INCREMENT=723;
--
-- AUTO_INCREMENT for table `semester`
--
ALTER TABLE `semester`
  MODIFY `id_sem` int(5) NOT NULL AUTO_INCREMENT, AUTO_INCREMENT=3;
--
-- AUTO_INCREMENT for table `siswa`
--
ALTER TABLE `siswa`
  MODIFY `id_siswa` int(50) NOT NULL AUTO_INCREMENT, AUTO_INCREMENT=1455;
--
-- AUTO_INCREMENT for table `user`
--
ALTER TABLE `user`
  MODIFY `id_user` int(10) NOT NULL AUTO_INCREMENT, AUTO_INCREMENT=152;
--
-- Constraints for dumped tables
--

--
-- Constraints for table `absen`
--
ALTER TABLE `absen`
  ADD CONSTRAINT `absen_ibfk_1` FOREIGN KEY (`id_siswa`) REFERENCES `siswa` (`id_siswa`) ON DELETE CASCADE ON UPDATE CASCADE;

--
-- Constraints for table `jadwal`
--
ALTER TABLE `jadwal`
  ADD CONSTRAINT `jadwal_ibfk_1` FOREIGN KEY (`id_mapel`) REFERENCES `mapel` (`id_mapel`) ON DELETE CASCADE ON UPDATE CASCADE;

--
-- Constraints for table `kelas`
--
ALTER TABLE `kelas`
  ADD CONSTRAINT `kelas_ibfk_1` FOREIGN KEY (`id_jur`) REFERENCES `jurusan` (`id_jur`) ON DELETE CASCADE ON UPDATE CASCADE;

--
-- Constraints for table `mapel`
--
ALTER TABLE `mapel`
  ADD CONSTRAINT `mapel_ibfk_1` FOREIGN KEY (`id_kelas`) REFERENCES `kelas` (`id_kelas`) ON DELETE CASCADE ON UPDATE CASCADE,
  ADD CONSTRAINT `mapel_ibfk_2` FOREIGN KEY (`id_jam`) REFERENCES `jam` (`id_jam`) ON DELETE CASCADE ON UPDATE CASCADE;

--
-- Constraints for table `siswa`
--
ALTER TABLE `siswa`
  ADD CONSTRAINT `siswa_ibfk_1` FOREIGN KEY (`id_kelas`) REFERENCES `kelas` (`id_kelas`) ON DELETE CASCADE ON UPDATE CASCADE,
  ADD CONSTRAINT `siswa_ibfk_2` FOREIGN KEY (`id_kelas`) REFERENCES `kelas` (`id_kelas`);
COMMIT;

/*!40101 SET CHARACTER_SET_CLIENT=@OLD_CHARACTER_SET_CLIENT */;
/*!40101 SET CHARACTER_SET_RESULTS=@OLD_CHARACTER_SET_RESULTS */;
/*!40101 SET COLLATION_CONNECTION=@OLD_COLLATION_CONNECTION */;
